osm_id,name,category,risk_tier,risk_label,longitude,latitude
1267618243,Unnamed,building,3.0,High,3.2259792,6.4731316
1258804894,Unnamed,building,0.0,NoData,3.2497653,6.4256175
1275733531,Unnamed,building,3.0,High,3.2909279,6.5162241
1260594259,Unnamed,building,2.0,Moderate,3.2494428,6.5122841
1263539375,Unnamed,building,3.0,High,3.2589125,6.4877819
1262510761,Unnamed,building,2.0,Moderate,3.2402613,6.5100852
1257497744,Unnamed,building,4.0,Very High,3.2801677,6.4402892
1269055866,Unnamed,building,3.0,High,3.2794206,6.4771505
1260771221,Unnamed,building,2.0,Moderate,3.2700132,6.5182171
1257855801,Unnamed,building,4.0,Very High,3.2542376,6.4340847
1258596325,Unnamed,building,3.0,High,3.2351995,6.4462144
1262911042,Unnamed,building,2.0,Moderate,3.267809,6.504153
1258622236,Unnamed,building,3.0,High,3.2922608,6.4626145
1257493410,Unnamed,building,3.0,High,3.2593049,6.441458
1260633936,Unnamed,building,3.0,High,3.2451738,6.5151849
1262911012,Unnamed,building,1.0,Low,3.2668532,6.504431
1258069830,Unnamed,building,2.0,Moderate,3.2794065,6.4711057
1258446946,Unnamed,building,4.0,Very High,3.2910449,6.4563504
1263118001,Unnamed,building,2.0,Moderate,3.2759162,6.5185547
1260554658,Unnamed,building,4.0,Very High,3.2832978,6.5069369
1276254100,Unnamed,building,4.0,Very High,3.2965294,6.4941133
1263732178,Unnamed,building,3.0,High,3.2755436,6.500226
1275800284,Unnamed,building,3.0,High,3.3069075,6.5118342
670579678,Unnamed,building,2.0,Moderate,3.2484846,6.4188689
1275543594,Unnamed,building,2.0,Moderate,3.287764,6.5202737
1263727425,Unnamed,building,2.0,Moderate,3.2869276,6.5058158
1258571364,Unnamed,building,3.0,High,3.2741725,6.4634732
1258603422,Unnamed,building,2.0,Moderate,3.2931611,6.4544826
1263732262,Unnamed,building,4.0,Very High,3.2748726,6.500693
1258675862,Unnamed,building,4.0,Very High,3.2725298,6.4598223
1258663466,Unnamed,building,2.0,Moderate,3.3239984,6.439516
1262064648,Unnamed,building,4.0,Very High,3.2647091,6.512
1267634160,Unnamed,building,3.0,High,3.2304479,6.4529574
1259669407,Unnamed,building,0.0,NoData,3.2513412,6.5230985
1257713742,Unnamed,building,4.0,Very High,3.2526311,6.4326099
1258255283,Unnamed,building,3.0,High,3.280478,6.4417224
1257642340,Unnamed,building,3.0,High,3.2825527,6.4766248
670589943,Unnamed,building,0.0,NoData,3.2556228,6.4244279
1258695127,Unnamed,building,3.0,High,3.2814304,6.4553749
1259056213,Unnamed,building,0.0,NoData,3.2383526,6.5233346
1257600997,Unnamed,building,2.0,Moderate,3.2858603,6.4828454
1257429700,Unnamed,building,3.0,High,3.2803568,6.4474052
1257424325,Unnamed,building,4.0,Very High,3.2613524,6.4496165
1262599785,Unnamed,building,2.0,Moderate,3.2454514,6.5034506
1261860313,Unnamed,building,2.0,Moderate,3.2249147,6.5129875
1264088378,Unnamed,building,3.0,High,3.2390711,6.4534431
1257892224,Unnamed,building,2.0,Moderate,3.2837745,6.463433
1266812176,Unnamed,building,3.0,High,3.2524208,6.4447438
1262968758,Unnamed,building,3.0,High,3.2546694,6.5148966
1260588167,Unnamed,building,4.0,Very High,3.2390403,6.5164685
1266809299,Unnamed,building,2.0,Moderate,3.3291945,6.4200918
1276484759,Unnamed,building,3.0,High,3.3053266,6.5020619
1258581471,Unnamed,building,3.0,High,3.2344417,6.4429699
1258453311,Unnamed,building,2.0,Moderate,3.2942073,6.4661258
1263267422,Unnamed,building,3.0,High,3.2333386,6.5139468
1262605772,Unnamed,building,4.0,Very High,3.2684465,6.5149899
1258579522,Unnamed,building,3.0,High,3.280918,6.4643573
1258618712,Unnamed,building,3.0,High,3.2804012,6.4618796
1258672215,Unnamed,building,3.0,High,3.2909133,6.457853
1266789205,Unnamed,building,2.0,Moderate,3.2333764,6.4537101
1262084870,Unnamed,building,3.0,High,3.2521386,6.50912
1263147159,Unnamed,building,3.0,High,3.2395097,6.5212017
1262968816,Unnamed,building,4.0,Very High,3.2523319,6.5156853
1267746231,Unnamed,building,2.0,Moderate,3.2158919,6.4462105
1083917835,Unnamed,building,4.0,Very High,3.2343113,6.4416803
1262968861,Unnamed,building,3.0,High,3.2543681,6.5166254
1270916892,Unnamed,building,3.0,High,3.2600713,6.5155729
1257478117,Unnamed,building,4.0,Very High,3.2706283,6.442106
1257876483,Unnamed,building,2.0,Moderate,3.2557042,6.4307657
1262504176,Unnamed,building,3.0,High,3.2679041,6.5221243
1257545591,Unnamed,building,4.0,Very High,3.2474874,6.4514122
1260678507,Unnamed,building,3.0,High,3.2770595,6.5173083
1268617315,Unnamed,building,2.0,Moderate,3.251652,6.4984198
1276250142,Unnamed,building,3.0,High,3.2905184,6.4948271
1261398847,Unnamed,building,4.0,Very High,3.2568558,6.5035204
1267689163,Unnamed,building,3.0,High,3.2280485,6.4478265
1258762479,Unnamed,building,4.0,Very High,3.3141523,6.4376204
1267689079,Unnamed,building,3.0,High,3.228097,6.4481641
1258452776,Unnamed,building,4.0,Very High,3.3044458,6.4409904
1257845555,Unnamed,building,2.0,Moderate,3.2422907,6.4680766
1267509128,Unnamed,building,3.0,High,3.2161404,6.456049
1267836961,Unnamed,building,4.0,Very High,3.3018417,6.4730796
1258180664,Unnamed,building,4.0,Very High,3.2618014,6.4543942
1259652611,Unnamed,building,4.0,Very High,3.259021,6.5097347
1258327299,Unnamed,building,4.0,Very High,3.257791,6.4583878
1266777810,Unnamed,building,4.0,Very High,3.2576743,6.4445552
1261797264,Unnamed,building,4.0,Very High,3.2246253,6.5072195
1257418797,Unnamed,building,4.0,Very High,3.30441,6.4581263
1262119364,Unnamed,building,4.0,Very High,3.2347996,6.5059921
1257513565,Unnamed,building,2.0,Moderate,3.2909351,6.4525558
1258702781,Unnamed,building,0.0,NoData,3.3343051,6.4199367
1259532856,Unnamed,building,3.0,High,3.2531006,6.5089683
1257861087,Unnamed,building,4.0,Very High,3.3132804,6.4420342
1276182397,Unnamed,building,3.0,High,3.3002189,6.5059889
1258529626,Unnamed,building,1.0,Low,3.2856495,6.4228826
1262481118,Unnamed,building,4.0,Very High,3.270906,6.5221093
1259769504,Unnamed,building,4.0,Very High,3.2300083,6.5220366
1258636500,Unnamed,building,3.0,High,3.2770097,6.4673035
1276177000,Unnamed,building,3.0,High,3.3021471,6.5047084
1258014585,Unnamed,building,2.0,Moderate,3.2577352,6.4712616
1263726997,Unnamed,building,2.0,Moderate,3.2644976,6.4935061
1275402207,Unnamed,building,0.0,NoData,3.2998965,6.5227785
1257960849,Unnamed,building,4.0,Very High,3.2321745,6.4569224
1258675837,Unnamed,building,4.0,Very High,3.2714836,6.4597293
1257642341,Unnamed,building,3.0,High,3.2825565,6.4768741
1257493444,Unnamed,building,2.0,Moderate,3.2598991,6.4433963
1267438621,Unnamed,building,4.0,Very High,3.2959009,6.4741152
1262535580,Unnamed,building,3.0,High,3.2728961,6.5216523
1263237771,Unnamed,building,3.0,High,3.2394788,6.5188215
1261815996,Unnamed,building,0.0,NoData,3.2201437,6.5067114
1257605774,Unnamed,building,4.0,Very High,3.2535425,6.4440012
1257822763,Unnamed,building,1.0,Low,3.3028731,6.4751001
1263658259,Unnamed,building,2.0,Moderate,3.2738366,6.4821273
1258244766,Unnamed,building,4.0,Very High,3.2870797,6.4575856
1258569730,Unnamed,building,4.0,Very High,3.2330058,6.4403159
1259524821,Unnamed,building,4.0,Very High,3.2531038,6.498977
1276439630,Unnamed,building,2.0,Moderate,3.2931702,6.4867033
1275358525,Unnamed,building,0.0,NoData,3.3001009,6.5260452
1267443993,Unnamed,building,3.0,High,3.2168525,6.4473945
1275283045,Unnamed,building,0.0,NoData,3.3085578,6.527031
1257845487,Unnamed,building,3.0,High,3.2464473,6.468105
1258571774,Unnamed,building,4.0,Very High,3.2547768,6.455092
1267538097,Unnamed,building,3.0,High,3.2286728,6.4615723
1258379864,Unnamed,building,1.0,Low,3.2670115,6.4221048
1257983341,Unnamed,building,3.0,High,3.2715483,6.4716716
1258651069,Unnamed,building,3.0,High,3.2546016,6.4292516
1263692060,Unnamed,building,3.0,High,3.2535567,6.5019412
1262183309,Unnamed,building,0.0,NoData,3.2338431,6.5238473
1257980672,Unnamed,building,3.0,High,3.2570308,6.4631924
1257789212,Unnamed,building,2.0,Moderate,3.3018047,6.4567948
783664091,Unnamed,building,3.0,High,3.2534274,6.4679849
1263293847,Unnamed,building,3.0,High,3.2558532,6.5159051
1260588152,Unnamed,building,4.0,Very High,3.2390665,6.5156312
1257366098,Unnamed,building,3.0,High,3.291106,6.4510141
1257954107,Unnamed,building,3.0,High,3.2545819,6.4432018
1258642628,Unnamed,building,0.0,NoData,3.3089812,6.4845613
1257563267,Unnamed,building,2.0,Moderate,3.2976059,6.4654036
1257963663,Unnamed,building,3.0,High,3.2811994,6.4522691
1257953626,Unnamed,building,4.0,Very High,3.2991196,6.4728025
1258569740,Unnamed,building,0.0,NoData,3.2346227,6.4392136
1257418787,Unnamed,building,4.0,Very High,3.3048771,6.4583432
1262840532,Unnamed,building,4.0,Very High,3.2346307,6.5150895
1257844821,Unnamed,building,3.0,High,3.2875635,6.4794505
1260550561,Unnamed,building,3.0,High,3.2449687,6.4997429
1269750634,Unnamed,building,2.0,Moderate,3.2851696,6.5140828
1276259151,Unnamed,building,4.0,Very High,3.3013584,6.4970097
1276187877,Unnamed,building,4.0,Very High,3.2985283,6.5037823
1257764945,Unnamed,building,3.0,High,3.2662854,6.443966
1259072922,Unnamed,building,3.0,High,3.2451463,6.5139428
1275744564,Unnamed,building,3.0,High,3.2907842,6.5103674
1257980784,Unnamed,building,3.0,High,3.255243,6.4640063
1260678536,Unnamed,building,0.0,NoData,3.2785572,6.5199412
1258282610,Unnamed,building,3.0,High,3.27996,6.4311006
1257401873,Unnamed,building,2.0,Moderate,3.2639818,6.4388925
1258461787,Unnamed,building,4.0,Very High,3.3210192,6.4451499
1263736261,Unnamed,building,3.0,High,3.283135,6.4950378
1276433212,Unnamed,building,4.0,Very High,3.2969225,6.4857591
1259653098,Unnamed,building,3.0,High,3.2415274,6.4975426
1258640910,Unnamed,building,4.0,Very High,3.3186134,6.4417418
1261992934,Unnamed,building,4.0,Very High,3.2700227,6.5107229
1257605836,Unnamed,building,4.0,Very High,3.2528756,6.4449335
831197460,Unnamed,building,3.0,High,3.2338069,6.4266515
1267761789,Unnamed,building,4.0,Very High,3.2205153,6.4436312
1262957265,Unnamed,building,2.0,Moderate,3.262581,6.5131465
1258014417,Unnamed,building,0.0,NoData,3.3078534,6.4654947
1275744583,Unnamed,building,2.0,Moderate,3.2918505,6.5115985
1257991311,Unnamed,building,4.0,Very High,3.3058345,6.4801664
1257723064,Unnamed,building,3.0,High,3.2557382,6.4450212
1267630503,Unnamed,building,2.0,Moderate,3.2305401,6.4547438
1275745446,Unnamed,building,3.0,High,3.2997233,6.5163112
1262895608,Unnamed,building,3.0,High,3.2687876,6.4992992
1263644024,Unnamed,building,4.0,Very High,3.237484,6.5224456
1258602803,Unnamed,building,4.0,Very High,3.2956114,6.4825967
1277842401,Unnamed,building,3.0,High,3.2916614,6.4836745
1257774627,Unnamed,building,1.0,Low,3.2625948,6.4451467
1257809384,Unnamed,building,4.0,Very High,3.2834676,6.4544961
733884219,Unnamed,building,4.0,Very High,3.2562704,6.4576403
1083914136,Unnamed,building,3.0,High,3.2276438,6.4430286
1259497473,Unnamed,building,3.0,High,3.2616913,6.5072724
1083910585,Unnamed,building,2.0,Moderate,3.2177151,6.4440952
1258444752,Unnamed,building,4.0,Very High,3.2314165,6.4530854
1276439727,Unnamed,building,4.0,Very High,3.2947533,6.4847764
1267538155,Unnamed,building,4.0,Very High,3.2279191,6.4609037
1267619410,Unnamed,building,3.0,High,3.2116277,6.4520007
1275736216,Unnamed,building,4.0,Very High,3.3045212,6.5157229
1257979996,Unnamed,building,3.0,High,3.2905156,6.4642137
1267027675,Unnamed,building,4.0,Very High,3.3138407,6.4428621
1267343063,Unnamed,building,3.0,High,3.2145152,6.446539
1258625959,Unnamed,building,3.0,High,3.251133,6.4662481
1263159385,Unnamed,building,0.0,NoData,3.2286919,6.5238936
1257386444,Unnamed,building,1.0,Low,3.2696457,6.4388809
1258660152,Unnamed,building,3.0,High,3.2382991,6.4437851
1257838018,Unnamed,building,3.0,High,3.2997607,6.4737126
1276140968,Unnamed,building,3.0,High,3.2965223,6.5078045
1276244534,Unnamed,building,4.0,Very High,3.2936166,6.4958969
1275940126,Unnamed,building,3.0,High,3.2989225,6.5109591
1257418064,Unnamed,building,2.0,Moderate,3.2814926,6.4509919
1257605206,Unnamed,building,4.0,Very High,3.2324011,6.4549535
1258575074,Unnamed,building,4.0,Very High,3.2386653,6.467389
1261400049,Unnamed,building,3.0,High,3.2236865,6.5102672
1257718500,Unnamed,building,2.0,Moderate,3.2562483,6.4374241
1263147320,Unnamed,building,0.0,NoData,3.2383955,6.52268
1272958393,Unnamed,building,3.0,High,3.2217136,6.4916295
1257817022,Unnamed,building,4.0,Very High,3.2441879,6.4532245
1275736892,Unnamed,building,2.0,Moderate,3.293025,6.513412
1266479460,Unnamed,building,0.0,NoData,3.3497857,6.4218699
1258547869,Unnamed,building,3.0,High,3.233022,6.4506047
1263159461,Unnamed,building,0.0,NoData,3.2297054,6.5246815
1275886073,Unnamed,building,0.0,NoData,3.3078217,6.5093506
1275699690,Unnamed,building,2.0,Moderate,3.2981315,6.5192057
1262949539,Unnamed,building,3.0,High,3.2508491,6.5107048
1275205883,Unnamed,building,3.0,High,3.305835,6.5048639
1258714783,Unnamed,building,0.0,NoData,3.3315535,6.4194318
1257916766,Unnamed,building,4.0,Very High,3.2883696,6.480392
1258203958,Unnamed,building,4.0,Very High,3.2563166,6.4519621
1263527801,Unnamed,building,4.0,Very High,3.2520266,6.4960211
1259483921,Unnamed,building,3.0,High,3.2532935,6.4886635
1257816170,Unnamed,building,3.0,High,3.26377,6.4471871
1275781305,Unnamed,building,2.0,Moderate,3.3058901,6.5114486
1257784180,Unnamed,building,3.0,High,3.2548725,6.448554
1262636605,Unnamed,building,2.0,Moderate,3.2551946,6.4996225
1260554587,Unnamed,building,3.0,High,3.2835542,6.507988
1267630607,Unnamed,building,4.0,Very High,3.2305659,6.4567026
1272370074,Unnamed,building,3.0,High,3.2665838,6.5101681
1258411551,Unnamed,building,3.0,High,3.2643107,6.4345045
1263532823,Unnamed,building,3.0,High,3.2779551,6.5013131
1257519509,Unnamed,building,4.0,Very High,3.2555258,6.4516759
1263283405,Unnamed,building,4.0,Very High,3.2294878,6.5161981
1275744588,Unnamed,building,2.0,Moderate,3.2922329,6.5113073
1259769474,Unnamed,building,0.0,NoData,3.2312867,6.5224958
1259490773,Unnamed,building,2.0,Moderate,3.2886351,6.513165
1260642519,Unnamed,building,4.0,Very High,3.270435,6.5145594
1257498433,Unnamed,building,3.0,High,3.2518515,6.4706183
1257625282,Unnamed,building,4.0,Very High,3.2770977,6.4556062
1257791674,Unnamed,building,3.0,High,3.2952926,6.4574124
1263275071,Unnamed,building,3.0,High,3.2309953,6.5139075
1257945644,Unnamed,building,4.0,Very High,3.2955489,6.4625145
1258039456,Unnamed,building,3.0,High,3.2932632,6.453399
1262768949,Unnamed,building,3.0,High,3.2668446,6.5121455
1257794205,Unnamed,building,2.0,Moderate,3.2733214,6.4679094
1263176319,Unnamed,building,3.0,High,3.2512964,6.5082342
1258409083,Unnamed,building,4.0,Very High,3.2823037,6.4679074
964330593,Unnamed,building,2.0,Moderate,3.2574123,6.463216
1263741558,Unnamed,building,3.0,High,3.280899,6.4971519
1261398943,Unnamed,building,4.0,Very High,3.256748,6.502439
731792938,Unnamed,building,3.0,High,3.216762,6.4800652
1261916962,Unnamed,building,4.0,Very High,3.2495868,6.5222915
1260602318,Unnamed,building,2.0,Moderate,3.2335968,6.418694
1263159381,Unnamed,building,0.0,NoData,3.228903,6.5240397
1257761811,Unnamed,building,3.0,High,3.2477513,6.4464372
1266815906,Unnamed,building,2.0,Moderate,3.2998937,6.442006
1263288181,Unnamed,building,2.0,Moderate,3.2225034,6.5223612
1262636620,Unnamed,building,3.0,High,3.2556332,6.5006105
1257488347,Unnamed,building,2.0,Moderate,3.2521585,6.4764936
1262852155,Unnamed,building,1.0,Low,3.2676587,6.4990237
1260588198,Unnamed,building,4.0,Very High,3.2398989,6.5163758
1262559564,Unnamed,building,2.0,Moderate,3.2343632,6.5067335
1257397541,Unnamed,building,2.0,Moderate,3.2546809,6.4494669
1258829455,Unnamed,building,0.0,NoData,3.2536143,6.406314
1261860406,Unnamed,building,4.0,Very High,3.22473,6.5130726
1262221629,Unnamed,building,3.0,High,3.221751,6.5060857
1257547141,Unnamed,building,3.0,High,3.2524368,6.4474123
1263177850,Unnamed,building,4.0,Very High,3.2531077,6.4953554
1260611952,Unnamed,building,2.0,Moderate,3.2421738,6.5161733
1258456306,Unnamed,building,3.0,High,3.2592538,6.4394864
1258436916,Unnamed,building,2.0,Moderate,3.2647285,6.4621732
1266656745,Unnamed,building,4.0,Very High,3.2324253,6.4546629
1257385671,Unnamed,building,4.0,Very High,3.2703146,6.448132
1267534782,Unnamed,building,2.0,Moderate,3.2269737,6.461676
1257804168,Unnamed,building,4.0,Very High,3.3036386,6.4586323
1267572956,Unnamed,building,4.0,Very High,3.2274214,6.453279
1263471895,Unnamed,building,3.0,High,3.2632566,6.5049615
1263517047,Unnamed,building,3.0,High,3.2487651,6.4994511
1257915938,Unnamed,building,4.0,Very High,3.2632288,6.4640119
1267530142,Unnamed,building,0.0,NoData,3.2107303,6.4575005
1258532537,Unnamed,building,0.0,NoData,3.2662436,6.4060765
1259769498,Unnamed,building,3.0,High,3.2308165,6.5218895
815640019,Unnamed,building,3.0,High,3.240482,6.5001703
1266814624,Unnamed,building,2.0,Moderate,3.2781887,6.4390719
1258125016,Unnamed,building,3.0,High,3.2991123,6.4827144
1258447058,Unnamed,building,4.0,Very High,3.2906226,6.4560129
1258213710,Unnamed,building,4.0,Very High,3.2538248,6.4518983
1258579533,Unnamed,building,2.0,Moderate,3.2798508,6.4646256
1257472025,Unnamed,building,4.0,Very High,3.2675121,6.442527
1263018470,Unnamed,building,2.0,Moderate,3.2578298,6.4977295
1262964960,Unnamed,building,3.0,High,3.2705897,6.5048305
1267899061,Unnamed,building,3.0,High,3.2858474,6.4581487
1258443029,Unnamed,building,4.0,Very High,3.2991192,6.4682861
1263699452,Unnamed,building,3.0,High,3.2592874,6.4952964
1257493437,Unnamed,building,4.0,Very High,3.2599548,6.4427354
1258446991,Unnamed,building,4.0,Very High,3.2913153,6.4563325
1275718770,Unnamed,building,3.0,High,3.2882567,6.5178495
1275548543,Unnamed,building,0.0,NoData,3.287193,6.5226159
1258702899,Unnamed,building,0.0,NoData,3.3322491,6.4199057
1268376088,Unnamed,building,3.0,High,3.2510758,6.4872012
1257928053,Unnamed,building,3.0,High,3.2831875,6.4742519
1257924248,Unnamed,building,1.0,Low,3.2844239,6.4744556
1266611419,Unnamed,building,0.0,NoData,3.3344559,6.4200158
1258840254,Unnamed,building,3.0,High,3.2565653,6.4135784
1258596501,Unnamed,building,4.0,Very High,3.2339812,6.4443249
1275856154,Unnamed,building,3.0,High,3.3050799,6.5111223
1258720027,Unnamed,building,0.0,NoData,3.2831401,6.4244619
1261794964,Unnamed,building,2.0,Moderate,3.262021,6.5048642
1260480552,Unnamed,building,3.0,High,3.2668436,6.5035465
1268123313,Unnamed,building,4.0,Very High,3.2993253,6.4687816
1257611624,Unnamed,building,2.0,Moderate,3.245996,6.449346
1257607633,Unnamed,building,4.0,Very High,3.2537151,6.4438162
1258393642,Unnamed,building,3.0,High,3.284448,6.4702632
1275581504,Unnamed,building,0.0,NoData,3.3071218,6.517682
1258225275,Unnamed,building,3.0,High,3.2632459,6.4518912
1272449436,Unnamed,building,4.0,Very High,3.22513,6.4552296
1262636578,Unnamed,building,3.0,High,3.2563934,6.500318
1258702826,Unnamed,building,0.0,NoData,3.3331638,6.4194835
1258610364,Unnamed,building,3.0,High,3.28663,6.4691745
1267732918,Unnamed,building,3.0,High,3.2241902,6.4485422
1261841580,Unnamed,building,4.0,Very High,3.2228825,6.5133091
1262210913,Unnamed,building,3.0,High,3.2421703,6.513863
1258403159,Unnamed,building,4.0,Very High,3.2975913,6.4566472
1275520133,Unnamed,building,4.0,Very High,3.2980244,6.5220987
1275413312,Unnamed,building,3.0,High,3.3002569,6.5203846
1258569746,Unnamed,building,4.0,Very High,3.2331647,6.4401832
747945846,Unnamed,building,3.0,High,3.2353118,6.4278914
1262295703,Unnamed,building,0.0,NoData,3.2788636,6.5193087
1267871146,Unnamed,building,4.0,Very High,3.285603,6.475572
1258549307,Unnamed,building,0.0,NoData,3.2000412,6.4187709
1258540123,Unnamed,building,4.0,Very High,3.2400953,6.4484933
1263471957,Unnamed,building,3.0,High,3.2651602,6.5039123
1268207473,Unnamed,building,3.0,High,3.2554787,6.5192482
1258593933,Unnamed,building,4.0,Very High,3.2325903,6.4581945
1257364221,Unnamed,building,3.0,High,3.2948612,6.4499207
670589927,Unnamed,building,0.0,NoData,3.2563076,6.4244605
1257472073,Unnamed,building,2.0,Moderate,3.2678997,6.4433104
1258027102,Unnamed,building,4.0,Very High,3.3097018,6.4498857
1261841483,Unnamed,building,2.0,Moderate,3.2231227,6.5122291
995310145,Unnamed,building,1.0,Low,3.324803,6.4197079
1262949601,Unnamed,building,4.0,Very High,3.2498067,6.5094216
1263609574,Unnamed,building,0.0,NoData,3.2380874,6.5237608
1258610393,Unnamed,building,3.0,High,3.2857448,6.468375
1275402224,Unnamed,building,0.0,NoData,3.3008435,6.5245835
1258571249,Unnamed,building,3.0,High,3.2746648,6.4630737
1257798693,Unnamed,building,2.0,Moderate,3.2863415,6.4720388
1259700342,Unnamed,building,2.0,Moderate,3.2459804,6.5114587
1258593775,Unnamed,building,2.0,Moderate,3.2313874,6.4586253
1137584421,Unnamed,building,3.0,High,3.2988381,6.5016165
1263647975,Unnamed,building,4.0,Very High,3.2776846,6.5102414
1262208418,Unnamed,building,1.0,Low,3.2418947,6.5124518
1257947904,Unnamed,building,3.0,High,3.2981409,6.4813824
1266539517,Unnamed,building,0.0,NoData,3.3232072,6.4433255
1267150468,Unnamed,building,3.0,High,3.3009921,6.4614059
1260708774,Unnamed,building,4.0,Very High,3.2406966,6.4978976
1259329879,Unnamed,building,4.0,Very High,3.2719454,6.499623
1260647461,Unnamed,building,4.0,Very High,3.2455806,6.5190664
1285751726,Unnamed,building,2.0,Moderate,3.3569359,6.4158973
1258165090,Unnamed,building,4.0,Very High,3.3132332,6.4443696
1259658832,Unnamed,building,2.0,Moderate,3.2514413,6.5154116
1263609426,Unnamed,building,0.0,NoData,3.2356353,6.523377
1268113434,Unnamed,building,1.0,Low,3.2309572,6.5190502
1262670233,Unnamed,building,1.0,Low,3.2476264,6.4972116
1258853996,Unnamed,building,2.0,Moderate,3.255212,6.412978
1259686799,Unnamed,building,3.0,High,3.245804,6.5215218
1258543663,Unnamed,building,3.0,High,3.2372556,6.447859
1258666324,Unnamed,building,4.0,Very High,3.2686709,6.4547708
1258675847,Unnamed,building,4.0,Very High,3.2720997,6.4599245
1257386463,Unnamed,building,2.0,Moderate,3.2694327,6.4401805
995900248,Unnamed,building,2.0,Moderate,3.3271292,6.4198747
1259371025,Unnamed,building,0.0,NoData,3.2586035,6.5218899
1263761526,Unnamed,building,2.0,Moderate,3.2405336,6.4764615
1257751067,Unnamed,building,4.0,Very High,3.2586856,6.4454248
1258619335,Unnamed,building,0.0,NoData,3.2247498,6.4381148
1257841536,Unnamed,building,3.0,High,3.2593016,6.4345911
1258419241,Unnamed,building,4.0,Very High,3.2610668,6.4350659
1261797303,Unnamed,building,4.0,Very High,3.2269246,6.5077665
1258618740,Unnamed,building,3.0,High,3.2806305,6.462606
1260681193,Unnamed,building,3.0,High,3.2515443,6.5191671
1258366257,Unnamed,building,4.0,Very High,3.2622954,6.4650252
1275526948,Unnamed,building,3.0,High,3.3032988,6.5215179
1258449737,Unnamed,building,3.0,High,3.2769376,6.4830804
1262949682,Unnamed,building,4.0,Very High,3.2500481,6.5114497
1263647902,Unnamed,building,3.0,High,3.2786475,6.5108869
1261910419,Unnamed,building,0.0,NoData,3.265906,6.5231078
1263747924,Unnamed,building,3.0,High,3.2516029,6.4876568
1262529781,Unnamed,building,4.0,Very High,3.262494,6.5157524
1267566695,Unnamed,building,2.0,Moderate,3.2231795,6.4891651
1258808394,Unnamed,building,4.0,Very High,3.3316927,6.4185955
1257419445,Unnamed,building,1.0,Low,3.260744,6.4384456
1259532810,Unnamed,building,2.0,Moderate,3.2535711,6.5092069
1267775867,Unnamed,building,2.0,Moderate,3.2233973,6.4427673
1267534792,Unnamed,building,4.0,Very High,3.2272185,6.4605964
1263018422,Unnamed,building,2.0,Moderate,3.2587301,6.4958696
1257607628,Unnamed,building,4.0,Very High,3.254301,6.4446884
1257722999,Unnamed,building,4.0,Very High,3.2562739,6.4433667
1258444716,Unnamed,building,3.0,High,3.2321604,6.4521699
1267733073,Unnamed,building,2.0,Moderate,3.2235157,6.4484224
1285337641,Unnamed,building,3.0,High,3.3603416,6.4162976
1259652710,Unnamed,building,2.0,Moderate,3.2601641,6.5106271
1257413905,Unnamed,building,4.0,Very High,3.2800095,6.4403559
1261988470,Unnamed,building,4.0,Very High,3.2678687,6.5189358
995753221,Unnamed,building,3.0,High,3.3297864,6.4185569
1263147170,Unnamed,building,2.0,Moderate,3.2401862,6.5210198
1257723096,Unnamed,building,4.0,Very High,3.2548461,6.4438555
1257599297,Unnamed,building,4.0,Very High,3.239638,6.4526717
1258598264,Unnamed,building,3.0,High,3.2986388,6.4617187
1263467063,Unnamed,building,4.0,Very High,3.275202,6.4980426
1267748202,Unnamed,building,0.0,NoData,3.189811,6.4045948
1258631883,Unnamed,building,4.0,Very High,3.2415389,6.4704138
1258229626,Unnamed,building,1.0,Low,3.3076178,6.4639073
1258620959,Unnamed,building,3.0,High,3.2836233,6.472234
1262122463,Unnamed,building,2.0,Moderate,3.2625556,6.5107768
1257539037,Unnamed,building,3.0,High,3.3018237,6.4765131
1260678506,Unnamed,building,4.0,Very High,3.276816,6.5178842
1267695147,Unnamed,building,2.0,Moderate,3.2211455,6.4735402
1276259172,Unnamed,building,3.0,High,3.3006661,6.4960771
1267619320,Unnamed,building,3.0,High,3.2126325,6.4521432
1262179552,Unnamed,building,3.0,High,3.2370216,6.5004006
1276472267,Unnamed,building,3.0,High,3.3079286,6.4947809
1263741643,Unnamed,building,4.0,Very High,3.2797349,6.4975904
1262183262,Unnamed,building,0.0,NoData,3.2346051,6.524298
1270916971,Unnamed,building,2.0,Moderate,3.2591762,6.5164069
1267545696,Unnamed,building,2.0,Moderate,3.2347984,6.4641539
1267487823,Unnamed,building,3.0,High,3.2947023,6.4592744
1257991223,Unnamed,building,3.0,High,3.3048254,6.4791124
1258661001,Unnamed,building,2.0,Moderate,3.3226111,6.4393794
1257911184,Unnamed,building,3.0,High,3.2764081,6.4437159
1257512229,Unnamed,building,3.0,High,3.2522274,6.4708928
1263293716,Unnamed,building,3.0,High,3.2557108,6.5157611
1267784892,Unnamed,building,3.0,High,3.290249,6.4580383
1263718950,Unnamed,building,2.0,Moderate,3.2546305,6.492149
1258801183,Unnamed,building,0.0,NoData,3.2569963,6.4245528
1258412483,Unnamed,building,3.0,High,3.2635756,6.4343321
1259630273,Unnamed,building,3.0,High,3.2597719,6.5194903
1276182497,Unnamed,building,4.0,Very High,3.2988108,6.5055682
1263704703,Unnamed,building,2.0,Moderate,3.269317,6.4979736
1089849917,Unnamed,building,1.0,Low,3.2210504,6.4560691
1262787294,Unnamed,building,4.0,Very High,3.2604852,6.5175719
1257499564,Unnamed,building,4.0,Very High,3.2696968,6.4355563
1260627057,Unnamed,building,2.0,Moderate,3.2432845,6.5108103
1259679394,Unnamed,building,4.0,Very High,3.243914,6.5220693
1259072982,Unnamed,building,1.0,Low,3.2443718,6.5125726
1262130140,Unnamed,building,3.0,High,3.277648,6.5132504
1271139423,Unnamed,building,2.0,Moderate,3.2622425,6.5050041
1267835831,Unnamed,building,2.0,Moderate,3.2897863,6.4680368
1262670252,Unnamed,building,3.0,High,3.2485769,6.4977838
1258652776,Unnamed,building,1.0,Low,3.2851042,6.4762538
1275800314,Unnamed,building,3.0,High,3.3074179,6.5124366
1263674301,Unnamed,building,3.0,High,3.2863622,6.5003005
1258596321,Unnamed,building,4.0,Very High,3.2337218,6.4462684
1259804253,Unnamed,building,3.0,High,3.2695533,6.502088
1266410091,Unnamed,building,2.0,Moderate,3.2743862,6.4773847
1258447183,Unnamed,building,4.0,Very High,3.2911702,6.4558287
1262670254,Unnamed,building,3.0,High,3.2490446,6.4980675
1263147699,Unnamed,building,2.0,Moderate,3.271356,6.5052367
1257487052,Unnamed,building,3.0,High,3.2650452,6.4506138
1263523227,Unnamed,building,2.0,Moderate,3.2432741,6.4996176
1276177004,Unnamed,building,3.0,High,3.3018365,6.5050209
1266656717,Unnamed,building,2.0,Moderate,3.2367069,6.4531919
1258027882,Unnamed,building,2.0,Moderate,3.2929346,6.4650385
1262614455,Unnamed,building,3.0,High,3.2617927,6.4973394
1263205356,Unnamed,building,4.0,Very High,3.2489152,6.5041431
1267759400,Unnamed,building,4.0,Very High,3.2846414,6.4542309
1257383537,Unnamed,building,3.0,High,3.2912429,6.4508223
670606821,Unnamed,building,0.0,NoData,3.2815499,6.424087
1258014574,Unnamed,building,2.0,Moderate,3.2597059,6.4715836
1267667338,Unnamed,building,1.0,Low,3.2277775,6.4837911
1275520143,Unnamed,building,4.0,Very High,3.2984374,6.521585
1267618822,Unnamed,building,2.0,Moderate,3.2270265,6.4705062
1261399988,Unnamed,building,4.0,Very High,3.2229015,6.5113743
1258140977,Unnamed,building,4.0,Very High,3.3042355,6.4823584
1257487132,Unnamed,building,3.0,High,3.2631175,6.4500368
1257941956,Unnamed,building,4.0,Very High,3.2962206,6.457627
1276000479,Unnamed,building,3.0,High,3.2979261,6.513945
1263201026,Unnamed,building,3.0,High,3.2480269,6.5078306
1257402810,Unnamed,building,3.0,High,3.2696821,6.4484505
625423819,Unnamed,building,3.0,High,3.3045502,6.4728003
1258535792,Unnamed,building,3.0,High,3.2429534,6.4648097
1258166992,Unnamed,building,3.0,High,3.2336926,6.4271956
1267318350,Unnamed,building,2.0,Moderate,3.219319,6.4969499
1257949012,Unnamed,building,4.0,Very High,3.3007095,6.4723466
1266479464,Unnamed,building,0.0,NoData,3.3492967,6.4220769
1263457181,Unnamed,building,3.0,High,3.2755893,6.5208877
1257916788,Unnamed,building,4.0,Very High,3.2902711,6.4796766
1259483894,Unnamed,building,2.0,Moderate,3.2542376,6.4893889
1258063511,Unnamed,building,3.0,High,3.2810534,6.4728345
1258267238,Unnamed,building,3.0,High,3.2805761,6.4368888
1276236903,Unnamed,building,4.0,Very High,3.2926358,6.4999819
1261916869,Unnamed,building,2.0,Moderate,3.2512149,6.5209552
1276210458,Unnamed,building,1.0,Low,3.2962798,6.502487
1263644184,Unnamed,building,4.0,Very High,3.2358876,6.5216266
1275724558,Unnamed,building,3.0,High,3.2885601,6.5162089
1272437609,Unnamed,building,4.0,Very High,3.2196911,6.4507979
1268132160,Unnamed,building,3.0,High,3.2981947,6.4620555
1257530725,Unnamed,building,4.0,Very High,3.2708232,6.4760328
1258575538,Unnamed,building,3.0,High,3.2308255,6.4436465
1259669368,Unnamed,building,0.0,NoData,3.2493346,6.5239435
1270125038,Unnamed,building,4.0,Very High,3.263646,6.5074171
1258508639,Unnamed,building,0.0,NoData,3.2593262,6.4057336
1260647498,Unnamed,building,4.0,Very High,3.2446206,6.518381
1258447153,Unnamed,building,3.0,High,3.2917816,6.4557476
1259524895,Unnamed,building,2.0,Moderate,3.2543885,6.5007694
1258581278,Unnamed,building,3.0,High,3.2363655,6.4400681
1261988423,Unnamed,building,3.0,High,3.2680008,6.5183974
1267718687,Unnamed,building,3.0,High,3.2250034,6.4506641
1258824286,Unnamed,building,1.0,Low,3.2493412,6.4212456
1258686106,Unnamed,building,3.0,High,3.3006696,6.4566483
1262510517,Unnamed,building,3.0,High,3.2737838,6.5060586
1258223641,Unnamed,building,2.0,Moderate,3.258361,6.4704355
1276245977,Unnamed,building,3.0,High,3.2923539,6.4963264
1275581435,Unnamed,building,0.0,NoData,3.3080852,6.5185758
1258632551,Unnamed,building,3.0,High,3.2540213,6.4669408
1267321784,Unnamed,building,3.0,High,3.2188665,6.4956787
1263550335,Unnamed,building,3.0,High,3.2558741,6.5048206
1258702922,Unnamed,building,0.0,NoData,3.3318868,6.4200134
1271557635,Unnamed,building,2.0,Moderate,3.2467671,6.5118288
1275856112,Unnamed,building,3.0,High,3.3065106,6.5090999
1257785589,Unnamed,building,2.0,Moderate,3.2601372,6.4474559
1263726904,Unnamed,building,1.0,Low,3.265179,6.494093
1260748766,Unnamed,building,0.0,NoData,3.2540636,6.5220866
1266508828,Unnamed,building,0.0,NoData,3.3131672,6.4369226
1263176050,Unnamed,building,2.0,Moderate,3.270593,6.4915495
1263746598,Unnamed,building,1.0,Low,3.2567118,6.4810659
1257852628,Unnamed,building,4.0,Very High,3.3109236,6.443069
1275543549,Unnamed,building,0.0,NoData,3.2891378,6.5220088
1263527786,Unnamed,building,4.0,Very High,3.2524645,6.4975414
1259507312,Unnamed,building,0.0,NoData,3.2425683,6.5242911
1266700474,Unnamed,building,1.0,Low,3.2464863,6.4729393
1258296802,Unnamed,building,4.0,Very High,3.2769739,6.4452911
1258229602,Unnamed,building,0.0,NoData,3.3082111,6.4648485
1262187547,Unnamed,building,1.0,Low,3.2470849,6.5115522
1257627135,Unnamed,building,3.0,High,3.2792365,6.4494633
1263532884,Unnamed,building,4.0,Very High,3.2769835,6.502044
1267570668,Unnamed,building,2.0,Moderate,3.2166382,6.4582723
1257547101,Unnamed,building,4.0,Very High,3.2523112,6.4489002
1258018278,Unnamed,building,2.0,Moderate,3.2972932,6.472849
1257809999,Unnamed,building,2.0,Moderate,3.3096297,6.4391958
1118296532,Unnamed,building,3.0,High,3.3616277,6.4169882
1267340101,Unnamed,building,4.0,Very High,3.2285723,6.4580722
1258609696,Unnamed,building,4.0,Very High,3.2502227,6.4642245
1258437210,Unnamed,building,4.0,Very High,3.28684,6.4410834
1258658993,Unnamed,building,2.0,Moderate,3.2879885,6.4635467
1275785367,Unnamed,building,4.0,Very High,3.3046399,6.512348
1258799674,Unnamed,building,0.0,NoData,3.2493872,6.4160795
1263741632,Unnamed,building,3.0,High,3.2806437,6.4981515
1258461479,Unnamed,building,4.0,Very High,3.2389107,6.4545179
1262196833,Unnamed,building,3.0,High,3.2911345,6.5060564
1276421385,Unnamed,building,4.0,Very High,3.3023719,6.4949725
1267742094,Unnamed,building,3.0,High,3.2743233,6.4684857
1267656185,Unnamed,building,2.0,Moderate,3.2202659,6.4982549
1257422960,Unnamed,building,4.0,Very High,3.3053545,6.4567466
1267538321,Unnamed,building,3.0,High,3.2142633,6.4587783
1275719051,Unnamed,building,2.0,Moderate,3.2928391,6.5187065
1275785366,Unnamed,building,4.0,Very High,3.3047417,6.5123711
1275766769,Unnamed,building,2.0,Moderate,3.3014009,6.5130224
1258408665,Unnamed,building,3.0,High,3.2581666,6.4319251
1275283121,Unnamed,building,0.0,NoData,3.3074603,6.5273815
1263653239,Unnamed,building,4.0,Very High,3.2491576,6.4525778
1271846274,Unnamed,building,4.0,Very High,3.228086,6.4632745
1257892083,Unnamed,building,2.0,Moderate,3.2831428,6.463655
1262523412,Unnamed,building,3.0,High,3.2692482,6.5222468
1263437161,Unnamed,building,4.0,Very High,3.2859073,6.502551
1258954176,Unnamed,building,0.0,NoData,3.2098422,6.4047328
1263702222,Unnamed,building,2.0,Moderate,3.2692699,6.4935117
1262535596,Unnamed,building,2.0,Moderate,3.2726989,6.5215617
1267524795,Unnamed,building,4.0,Very High,3.2214659,6.452671
1263532849,Unnamed,building,3.0,High,3.2778987,6.5024264
1257463717,Unnamed,building,2.0,Moderate,3.2782225,6.4055779
1260760358,Unnamed,building,3.0,High,3.2300886,6.5159208
1259483908,Unnamed,building,3.0,High,3.2530902,6.4888096
1257787217,Unnamed,building,4.0,Very High,3.3114695,6.4463018
1263704613,Unnamed,building,1.0,Low,3.2697241,6.4958156
1257817018,Unnamed,building,3.0,High,3.2446016,6.4531383
1263745152,Unnamed,building,1.0,Low,3.2454256,6.4801149
1267566680,Unnamed,building,2.0,Moderate,3.2237615,6.4896689
1275718981,Unnamed,building,3.0,High,3.2921229,6.5198398
1276187921,Unnamed,building,3.0,High,3.2963976,6.503843
1276232529,Unnamed,building,2.0,Moderate,3.2966413,6.4954916
783616110,Unnamed,building,3.0,High,3.2720272,6.4734654
1275718643,Unnamed,building,0.0,NoData,3.3074411,6.5170225
1268199884,Unnamed,building,2.0,Moderate,3.2546866,6.5199042
653102274,Unnamed,building,3.0,High,3.2266588,6.464041
1257916754,Unnamed,building,4.0,Very High,3.2895627,6.480275
1257582100,Unnamed,building,0.0,NoData,3.3055303,6.4720265
1257980858,Unnamed,building,3.0,High,3.2548662,6.4648224
1285604333,Unnamed,building,0.0,NoData,3.3636346,6.4129865
1263743443,Unnamed,building,4.0,Very High,3.2820582,6.4949967
1257783838,Unnamed,building,4.0,Very High,3.2732736,6.4500444
1257954120,Unnamed,building,3.0,High,3.2541756,6.4422517
1257427731,Unnamed,building,4.0,Very High,3.2659472,6.4377062
1267326065,Unnamed,building,4.0,Very High,3.2179285,6.4949306
1262221723,Unnamed,building,3.0,High,3.2232513,6.5048088
1275052523,Unnamed,building,0.0,NoData,3.3094513,6.5282377
1258625894,Unnamed,building,4.0,Very High,3.2500014,6.4658358
1259329788,Unnamed,building,2.0,Moderate,3.2727647,6.4992675
1260681347,Unnamed,building,2.0,Moderate,3.2500657,6.5195236
1271509093,Unnamed,building,3.0,High,3.2750614,6.5120014
1262070568,Unnamed,building,0.0,NoData,3.2178565,6.498445
1275718493,Unnamed,building,0.0,NoData,3.3072568,6.514938
1268110549,Unnamed,building,2.0,Moderate,3.2410211,6.5219564
1276411955,Unnamed,building,3.0,High,3.3021407,6.4977348
1257844897,Unnamed,building,4.0,Very High,3.2875182,6.4805179
1275733595,Unnamed,building,3.0,High,3.2917525,6.5151276
1257471942,Unnamed,building,2.0,Moderate,3.2676535,6.4418502
1273904488,Unnamed,building,1.0,Low,3.2314469,6.4547149
1263396466,Unnamed,building,0.0,NoData,3.2826805,6.5182042
1258639411,Unnamed,building,2.0,Moderate,3.280409,6.4684485
1257765004,Unnamed,building,4.0,Very High,3.2663546,6.4456714
1258272630,Unnamed,building,3.0,High,3.2280009,6.443076
1258227100,Unnamed,building,3.0,High,3.2764074,6.4749347
1263720187,Unnamed,building,4.0,Very High,3.2852843,6.4881688
1260771360,Unnamed,building,2.0,Moderate,3.2702585,6.5180616
1257801818,Unnamed,building,3.0,High,3.2635118,6.4489124
1262599658,Unnamed,building,4.0,Very High,3.2463095,6.5026469
1268098697,Unnamed,building,3.0,High,3.2840074,6.4787457
1262605845,Unnamed,building,3.0,High,3.2708093,6.5166376
713775740,Unnamed,building,4.0,Very High,3.2770931,6.4516973
1267538019,Unnamed,building,2.0,Moderate,3.2259986,6.4767505
670602013,Unnamed,building,0.0,NoData,3.2648044,6.4235327
1257814628,Unnamed,building,3.0,High,3.2669049,6.4470561
1257493370,Unnamed,building,3.0,High,3.2578468,6.4412321
1257472083,Unnamed,building,2.0,Moderate,3.2674608,6.4434056
1259329814,Unnamed,building,4.0,Very High,3.2736199,6.4994809
1258571363,Unnamed,building,2.0,Moderate,3.2749549,6.4633684
1275718815,Unnamed,building,3.0,High,3.2898434,6.5195768
1262069345,Unnamed,building,2.0,Moderate,3.2266449,6.5214158
1262510679,Unnamed,building,2.0,Moderate,3.2408195,6.5099609
1258797610,Unnamed,building,3.0,High,3.3262123,6.4173064
1258662620,Unnamed,building,4.0,Very High,3.2845574,6.4615201
1262132232,Unnamed,building,3.0,High,3.2354608,6.504847
1262444081,Unnamed,building,3.0,High,3.2432074,6.5214859
1262481136,Unnamed,building,2.0,Moderate,3.2710833,6.5211885
1263724525,Unnamed,building,2.0,Moderate,3.2825268,6.5116205
1257784152,Unnamed,building,2.0,Moderate,3.255155,6.4488431
1257449267,Unnamed,building,2.0,Moderate,3.2642339,6.4376112
1257911809,Unnamed,building,2.0,Moderate,3.2553097,6.4659803
1258622252,Unnamed,building,3.0,High,3.2907219,6.4626132
1258255254,Unnamed,building,4.0,Very High,3.2805165,6.4410663
1259769328,Unnamed,building,3.0,High,3.232755,6.5205097
1263114248,Unnamed,building,3.0,High,3.2748544,6.5109953
1266508822,Unnamed,building,4.0,Very High,3.3191021,6.4401917
1261898425,Unnamed,building,4.0,Very High,3.2247093,6.5040141
1258237662,Unnamed,building,4.0,Very High,3.2481336,6.4659852
1263267401,Unnamed,building,1.0,Low,3.2343553,6.5132209
1267139144,Unnamed,building,0.0,NoData,3.20705,6.4545023
1258233234,Unnamed,building,3.0,High,3.2689142,6.4629987
1258593870,Unnamed,building,4.0,Very High,3.2302206,6.4589574
1258444724,Unnamed,building,4.0,Very High,3.2317238,6.452317
1257759080,Unnamed,building,4.0,Very High,3.2609387,6.4451142
1258452036,Unnamed,building,0.0,NoData,3.278358,6.4297375
1257855197,Unnamed,building,3.0,High,3.2783048,6.4369451
1267545710,Unnamed,building,4.0,Very High,3.2346657,6.4637226
1266479467,Unnamed,building,0.0,NoData,3.3494667,6.4218069
1273892034,Unnamed,building,4.0,Very High,3.2677422,6.512918
1275488430,Unnamed,building,0.0,NoData,3.2922112,6.5236046
1267732873,Unnamed,building,2.0,Moderate,3.2226065,6.4464512
1258807520,Unnamed,building,0.0,NoData,3.335114,6.42045
1258762489,Unnamed,building,4.0,Very High,3.3137578,6.4373949
1257801071,Unnamed,building,3.0,High,3.2510871,6.4531474
1258203811,Unnamed,building,0.0,NoData,3.2536197,6.4239002
1275664210,Unnamed,building,3.0,High,3.3052588,6.5196344
1262852253,Unnamed,building,3.0,High,3.267099,6.4982143
1257970249,Unnamed,building,4.0,Very High,3.2369604,6.4520916
1261399017,Unnamed,building,2.0,Moderate,3.2548563,6.5023744
1276491912,Unnamed,building,3.0,High,3.3036034,6.4881393
1257980659,Unnamed,building,3.0,High,3.2565319,6.4632985
1257816967,Unnamed,building,4.0,Very High,3.2446043,6.4544022
1267436958,Unnamed,building,0.0,NoData,3.2104419,6.4518028
1258223578,Unnamed,building,3.0,High,3.2585103,6.4684894
1257970307,Unnamed,building,3.0,High,3.2381956,6.4534871
1262895383,Unnamed,building,2.0,Moderate,3.2692588,6.4986856
1257892241,Unnamed,building,2.0,Moderate,3.2845728,6.4634505
1257966535,Unnamed,building,4.0,Very High,3.2547405,6.4371301
1263159559,Unnamed,building,0.0,NoData,3.2296178,6.5232865
1257822118,Unnamed,building,3.0,High,3.312193,6.4402935
1262084901,Unnamed,building,2.0,Moderate,3.2530467,6.5111488
783704791,Unnamed,building,3.0,High,3.2837757,6.4514249
1276107766,Unnamed,building,2.0,Moderate,3.2950356,6.5177642
1262943183,Unnamed,building,3.0,High,3.2273563,6.5221957
1257402019,Unnamed,building,4.0,Very High,3.2629618,6.4406685
713760171,Unnamed,building,2.0,Moderate,3.2540194,6.4485265
1263690643,Unnamed,building,1.0,Low,3.2345507,6.5173386
1261987348,Unnamed,building,4.0,Very High,3.2619561,6.5027459
1262895604,Unnamed,building,3.0,High,3.2707944,6.5007243
1262130111,Unnamed,building,1.0,Low,3.2783984,6.5146
1259637667,Unnamed,building,1.0,Low,3.2586363,6.5162315
1258829425,Unnamed,building,0.0,NoData,3.2532232,6.4060141
1258661755,Unnamed,building,4.0,Very High,3.283112,6.4585917
1258600469,Unnamed,building,3.0,High,3.2998912,6.4603314
1257488473,Unnamed,building,3.0,High,3.2777563,6.4419291
1257817001,Unnamed,building,4.0,Very High,3.2445461,6.4534936
1263159314,Unnamed,building,0.0,NoData,3.2296889,6.5244294
739536609,Unnamed,building,3.0,High,3.3067284,6.5250824
1263484621,Unnamed,building,3.0,High,3.2761362,6.5049279
1263746602,Unnamed,building,1.0,Low,3.2567354,6.4815475
1262940853,Unnamed,building,3.0,High,3.2671526,6.5082543
1257570181,Unnamed,building,2.0,Moderate,3.3058694,6.4641234
1258677077,Unnamed,building,4.0,Very High,3.3220714,6.4356606
1263697882,Unnamed,building,1.0,Low,3.2631963,6.4956683
1257974354,Unnamed,building,2.0,Moderate,3.2880513,6.4761959
1258598272,Unnamed,building,3.0,High,3.3006877,6.4617832
1257809351,Unnamed,building,4.0,Very High,3.2788848,6.4579316
1258831886,Unnamed,building,1.0,Low,3.3177268,6.4214534
1275567412,Unnamed,building,3.0,High,3.3073714,6.5232079
1276362796,Unnamed,building,2.0,Moderate,3.291973,6.4897768
1260528895,Unnamed,building,3.0,High,3.2628729,6.4982672
1267310057,Unnamed,building,4.0,Very High,3.2211963,6.4950845
1258249927,Unnamed,building,2.0,Moderate,3.2921775,6.4728886
1276430035,Unnamed,building,2.0,Moderate,3.2971644,6.4874279
1263710325,Unnamed,building,3.0,High,3.2661742,6.4979902
1271984931,Unnamed,building,0.0,NoData,3.2778127,6.5203791
1257519476,Unnamed,building,3.0,High,3.2551784,6.4508394
1258017085,Unnamed,building,4.0,Very High,3.301344,6.4539549
1261992820,Unnamed,building,2.0,Moderate,3.2687394,6.5101055
1258662876,Unnamed,building,0.0,NoData,3.3251882,6.4422922
1268123408,Unnamed,building,2.0,Moderate,3.2601079,6.5210597
1275551339,Unnamed,building,0.0,NoData,3.3089396,6.5265036
1258628562,Unnamed,building,4.0,Very High,3.2758427,6.4731264
1259524999,Unnamed,building,4.0,Very High,3.2520195,6.4989016
1275531235,Unnamed,building,3.0,High,3.3043214,6.5208483
1267751064,Unnamed,building,0.0,NoData,3.1977299,6.4050821
653116907,Unnamed,building,3.0,High,3.3153287,6.4164096
1277796746,Unnamed,building,3.0,High,3.2889663,6.5139335
1261841557,Unnamed,building,2.0,Moderate,3.2219852,6.513995
1263114257,Unnamed,building,3.0,High,3.2750595,6.5108187
1267749688,Unnamed,building,0.0,NoData,3.1968918,6.4052472
1089849730,Unnamed,building,3.0,High,3.2201275,6.4590399
1258208499,Unnamed,building,2.0,Moderate,3.245938,6.4718795
1257794035,Unnamed,building,4.0,Very High,3.2692112,6.4544421
1257823194,Unnamed,building,2.0,Moderate,3.3026294,6.4707626
1262708330,Unnamed,building,3.0,High,3.2557254,6.4946808
1262898332,Unnamed,building,4.0,Very High,3.2423673,6.5178301
1266158679,Unnamed,building,0.0,NoData,3.253375,6.4245872
1262885709,Unnamed,building,2.0,Moderate,3.275715,6.5153623
1267689067,Unnamed,building,2.0,Moderate,3.2276798,6.4474831
1258551359,Unnamed,building,4.0,Very High,3.2349767,6.4484443
1258710691,Unnamed,building,3.0,High,3.2758926,6.4607744
1257896227,Unnamed,building,0.0,NoData,3.3089207,6.4837863
1261388924,Unnamed,building,4.0,Very High,3.2481042,6.5007875
1262885730,Unnamed,building,3.0,High,3.2760733,6.5164349
1258581252,Unnamed,building,3.0,High,3.235994,6.4383439
1258030286,Unnamed,building,2.0,Moderate,3.2808706,6.4661963
1276498315,Unnamed,building,3.0,High,3.3051136,6.4887754
1257636173,Unnamed,building,4.0,Very High,3.3062868,6.4483267
1257855795,Unnamed,building,4.0,Very High,3.2541259,6.4336988
1260480599,Unnamed,building,3.0,High,3.266018,6.5009964
1267444031,Unnamed,building,3.0,High,3.2172933,6.4467891
1263293771,Unnamed,building,3.0,High,3.2553299,6.5152234
1261406140,Unnamed,building,0.0,NoData,3.2209366,6.5105166
1257817370,Unnamed,building,4.0,Very High,3.3023425,6.4663214
1271509077,Unnamed,building,1.0,Low,3.2748703,6.5129164
1263539314,Unnamed,building,1.0,Low,3.2589907,6.4897288
1257611652,Unnamed,building,2.0,Moderate,3.244803,6.4507874
1257970201,Unnamed,building,2.0,Moderate,3.23668,6.4533422
1267694581,Unnamed,building,2.0,Moderate,3.2244148,6.4822284
1257814537,Unnamed,building,2.0,Moderate,3.2679271,6.4475556
1258247905,Unnamed,building,3.0,High,3.2637648,6.4449452
1257972943,Unnamed,building,3.0,High,3.2750787,6.4706054
1257605821,Unnamed,building,2.0,Moderate,3.2534202,6.4453109
1263727055,Unnamed,building,2.0,Moderate,3.2630011,6.4946455
1257911126,Unnamed,building,3.0,High,3.2750034,6.4459572
1262529715,Unnamed,building,1.0,Low,3.2606944,6.5148027
1276165895,Unnamed,building,1.0,Low,3.3074306,6.5082121
1263539381,Unnamed,building,2.0,Moderate,3.2596945,6.4879488
1083910058,Unnamed,building,0.0,NoData,3.2166469,6.4443192
1258593922,Unnamed,building,3.0,High,3.2307437,6.4581505
1257902718,Unnamed,building,3.0,High,3.2688134,6.4446149
1257980996,Unnamed,building,4.0,Very High,3.3022643,6.4803863
1263704585,Unnamed,building,3.0,High,3.2697035,6.4969009
1263293717,Unnamed,building,2.0,Moderate,3.2565041,6.5160748
1258146557,Unnamed,building,2.0,Moderate,3.2674755,6.4317864
1258632051,Unnamed,building,2.0,Moderate,3.2775364,6.4565444
1257430022,Unnamed,building,3.0,High,3.260318,6.4494715
1257613625,Unnamed,building,3.0,High,3.2821776,6.4438782
1258376667,Unnamed,building,2.0,Moderate,3.2727748,6.4607433
1261909960,Unnamed,building,0.0,NoData,3.2439411,6.5240082
1257401430,Unnamed,building,3.0,High,3.286557,6.4499244
1267775928,Unnamed,building,4.0,Very High,3.2236692,6.4435042
1276199114,Unnamed,building,0.0,NoData,3.3097416,6.5011713
1262288346,Unnamed,building,0.0,NoData,3.2767169,6.5181617
1276250134,Unnamed,building,4.0,Very High,3.2909405,6.4941063
1267696476,Unnamed,building,4.0,Very High,3.2211896,6.4420243
1258581435,Unnamed,building,4.0,Very High,3.2535417,6.4584466
1258419829,Unnamed,building,2.0,Moderate,3.2908064,6.4481747
1275699819,Unnamed,building,2.0,Moderate,3.296302,6.5174622
1262940989,Unnamed,building,4.0,Very High,3.2666447,6.5089313
1257972845,Unnamed,building,3.0,High,3.2755029,6.4695275
1275270727,Unnamed,building,4.0,Very High,3.3017016,6.4919538
1260647376,Unnamed,building,3.0,High,3.2455822,6.5181008
1257814535,Unnamed,building,2.0,Moderate,3.2676352,6.4475269
1257891321,Unnamed,building,3.0,High,3.3240525,6.437109
1257968435,Unnamed,building,3.0,High,3.2893041,6.4745732
1259637714,Unnamed,building,3.0,High,3.2575725,6.5167307
1257521388,Unnamed,building,3.0,High,3.2543896,6.4699003
1257869635,Unnamed,building,2.0,Moderate,3.3116812,6.445217
1258581267,Unnamed,building,3.0,High,3.2360087,6.4398708
1258408605,Unnamed,building,2.0,Moderate,3.2596437,6.432192
1267709144,Unnamed,building,2.0,Moderate,3.2287218,6.4748988
1257537518,Unnamed,building,4.0,Very High,3.2518465,6.4488201
1261858539,Unnamed,building,0.0,NoData,3.2470481,6.5242576
1258666273,Unnamed,building,2.0,Moderate,3.2702701,6.4561614
1267625122,Unnamed,building,4.0,Very High,3.2249627,6.4590555
1257490269,Unnamed,building,3.0,High,3.2882266,6.4689817
1261898381,Unnamed,building,3.0,High,3.2261717,6.5061598
1263110422,Unnamed,building,3.0,High,3.2726344,6.5109062
1258366237,Unnamed,building,4.0,Very High,3.262892,6.464413
1259658710,Unnamed,building,3.0,High,3.2517739,6.5169072
1258686031,Unnamed,building,4.0,Very High,3.3001422,6.4555245
1267634223,Unnamed,building,2.0,Moderate,3.2304152,6.4544329
1259804317,Unnamed,building,3.0,High,3.2698517,6.5028469
1257364318,Unnamed,building,4.0,Very High,3.2951565,6.4515253
1258219175,Unnamed,building,2.0,Moderate,3.2728509,6.448819
1257876439,Unnamed,building,3.0,High,3.2562211,6.4320703
735119371,Unnamed,building,3.0,High,3.3055079,6.4434885
1258801172,Unnamed,building,0.0,NoData,3.2569632,6.4247036
1258677050,Unnamed,building,2.0,Moderate,3.3222897,6.4380202
1275546410,Unnamed,building,0.0,NoData,3.3076817,6.5211502
1276225288,Unnamed,building,3.0,High,3.2951992,6.4994443
1259804226,Unnamed,building,2.0,Moderate,3.2707777,6.501348
1267321840,Unnamed,building,0.0,NoData,3.2177757,6.4980276
1258432256,Unnamed,building,4.0,Very High,3.2613147,6.432239
1263515386,Unnamed,building,1.0,Low,3.2773242,6.505822
1257648150,Unnamed,building,2.0,Moderate,3.2814607,6.4766018
1276451708,Unnamed,building,4.0,Very High,3.2991191,6.4876839
1263256900,Unnamed,building,3.0,High,3.2353013,6.5169872
1261797181,Unnamed,building,2.0,Moderate,3.2258472,6.5089018
1262895525,Unnamed,building,3.0,High,3.2710109,6.4998932
1258824288,Unnamed,building,1.0,Low,3.2496622,6.4216963
1267705896,Unnamed,building,4.0,Very High,3.2174207,6.4420056
1258261796,Unnamed,building,2.0,Moderate,3.2579402,6.4636402
1276457995,Unnamed,building,2.0,Moderate,3.3054111,6.4932943
1262054560,Unnamed,building,2.0,Moderate,3.2639505,6.5031523
1257548887,Unnamed,building,3.0,High,3.2536724,6.4467075
733884233,Unnamed,building,3.0,High,3.2566116,6.4573934
1257470916,Unnamed,building,4.0,Very High,3.2614946,6.4465663
1263652348,Unnamed,building,2.0,Moderate,3.2722548,6.4811519
1262957361,Unnamed,building,3.0,High,3.2613516,6.5130436
1258599669,Unnamed,building,4.0,Very High,3.2573662,6.4593416
1257397573,Unnamed,building,4.0,Very High,3.2535645,6.4515911
1263732167,Unnamed,building,3.0,High,3.2757371,6.4996215
1260550461,Unnamed,building,3.0,High,3.2445986,6.4983859
1263159457,Unnamed,building,0.0,NoData,3.2282113,6.523718
1258180678,Unnamed,building,4.0,Very High,3.261896,6.4522199
1263151067,Unnamed,building,3.0,High,3.2763978,6.5009264
1268650951,Unnamed,building,4.0,Very High,3.2637972,6.5118366
1276187938,Unnamed,building,1.0,Low,3.2959782,6.5051011
1262768964,Unnamed,building,4.0,Very High,3.2663274,6.5131958
1258599654,Unnamed,building,2.0,Moderate,3.2557477,6.4586549
1266822706,Unnamed,building,4.0,Very High,3.2517,6.4548832
1257413845,Unnamed,building,4.0,Very High,3.280404,6.4390059
1269074441,Unnamed,building,3.0,High,3.2992247,6.4580092
1257798284,Unnamed,building,2.0,Moderate,3.281836,6.4806017
1267875471,Unnamed,building,3.0,High,3.2852461,6.4668841
1262968915,Unnamed,building,3.0,High,3.25235,6.516674
1266170606,Unnamed,building,0.0,NoData,3.2850684,6.4048412
1095583168,Unnamed,building,3.0,High,3.2802279,6.4308555
995184672,Unnamed,building,4.0,Very High,3.3209045,6.4169115
1258193737,Unnamed,building,3.0,High,3.248406,6.4747195
1266816759,Unnamed,building,0.0,NoData,3.324083,6.4415693
1261838843,Unnamed,building,4.0,Very High,3.2839244,6.4972535
1257401463,Unnamed,building,2.0,Moderate,3.2856378,6.4514718
1258403200,Unnamed,building,3.0,High,3.296597,6.4564839
1267668445,Unnamed,building,2.0,Moderate,3.2261771,6.4854159
1258653621,Unnamed,building,2.0,Moderate,3.2535474,6.4604109
1258632779,Unnamed,building,4.0,Very High,3.2953512,6.462459
1262231265,Unnamed,building,3.0,High,3.2382935,6.5135991
1262294673,Unnamed,building,4.0,Very High,3.2593832,6.5055077
1257661842,Unnamed,building,0.0,NoData,3.3076237,6.4810869
1261398992,Unnamed,building,3.0,High,3.2553773,6.5028474
1257432348,Unnamed,building,3.0,High,3.2668792,6.4378104
1259812461,Unnamed,building,2.0,Moderate,3.2392186,6.4980813
1259804292,Unnamed,building,3.0,High,3.2694329,6.5029323
625423826,Unnamed,building,3.0,High,3.3027415,6.4726222
1258716487,Unnamed,building,4.0,Very High,3.2836234,6.4547976
1263701278,Unnamed,building,3.0,High,3.2561402,6.4979082
1262087826,Unnamed,building,2.0,Moderate,3.248147,6.5096482
1257419504,Unnamed,building,4.0,Very High,3.2603374,6.4403193
1262531291,Unnamed,building,3.0,High,3.223465,6.5029923
1257556461,Unnamed,building,1.0,Low,3.2553877,6.4694906
1267524802,Unnamed,building,3.0,High,3.2199671,6.4523452
1259646526,Unnamed,building,2.0,Moderate,3.2584135,6.5129588
1271981769,Unnamed,building,0.0,NoData,3.2769841,6.5219181
1275736192,Unnamed,building,4.0,Very High,3.3048025,6.514897
1258607367,Unnamed,building,4.0,Very High,3.243816,6.4550183
1267340827,Unnamed,building,2.0,Moderate,3.2242369,6.4934674
1257625482,Unnamed,building,2.0,Moderate,3.2681772,6.4494038
1262614247,Unnamed,building,3.0,High,3.2691146,6.5170074
1263532933,Unnamed,building,3.0,High,3.2787872,6.5028858
1262056574,Unnamed,building,3.0,High,3.2640639,6.5100705
1257994946,Unnamed,building,3.0,High,3.2360144,6.4712549
1258068856,Unnamed,building,2.0,Moderate,3.279764,6.4731547
1258339758,Unnamed,building,3.0,High,3.2613979,6.4701737
1258686097,Unnamed,building,4.0,Very High,3.3009049,6.4571566
1258456334,Unnamed,building,3.0,High,3.2584129,6.4394654
1257545373,Unnamed,building,2.0,Moderate,3.2554036,6.4718279
1262949578,Unnamed,building,3.0,High,3.2514841,6.5097371
1258219191,Unnamed,building,3.0,High,3.2725288,6.448916
1258690030,Unnamed,building,4.0,Very High,3.2734296,6.4563536
1275535201,Unnamed,building,1.0,Low,3.2928677,6.5216245
1262949786,Unnamed,building,4.0,Very High,3.2545015,6.5126085
1263154667,Unnamed,building,0.0,NoData,3.2625221,6.5215912
1262957285,Unnamed,building,2.0,Moderate,3.2620198,6.5140525
1258233222,Unnamed,building,4.0,Very High,3.2710276,6.4646677
1257812412,Unnamed,building,2.0,Moderate,3.2839411,6.4807442
1258596167,Unnamed,building,3.0,High,3.279122,6.4682996
1259524935,Unnamed,building,2.0,Moderate,3.2544453,6.4996801
1262903422,Unnamed,building,1.0,Low,3.2483854,6.5158457
1259507788,Unnamed,building,3.0,High,3.2531101,6.4888586
1263762613,Unnamed,building,2.0,Moderate,3.2454102,6.4762681
1262221621,Unnamed,building,4.0,Very High,3.2225773,6.5052282
1258857884,Unnamed,building,1.0,Low,3.2584632,6.4149147
1258183523,Unnamed,building,2.0,Moderate,3.2489006,6.472651
1267318413,Unnamed,building,3.0,High,3.2205579,6.4972794
1258203663,Unnamed,building,4.0,Very High,3.2526311,6.4228657
1257983400,Unnamed,building,3.0,High,3.2729221,6.4718418
1258596259,Unnamed,building,2.0,Moderate,3.2775513,6.4693233
1258603960,Unnamed,building,3.0,High,3.2500649,6.458974
1257817365,Unnamed,building,4.0,Very High,3.3035608,6.4667032
1267886638,Unnamed,building,3.0,High,3.3036569,6.4766027
1257759047,Unnamed,building,4.0,Very High,3.2606214,6.4441533
1257751048,Unnamed,building,4.0,Very High,3.2592754,6.44529
1263561311,Unnamed,building,2.0,Moderate,3.2755281,6.5136038
1257599988,Unnamed,building,3.0,High,3.2729657,6.4374684
1257424850,Unnamed,building,3.0,High,3.2707682,6.4501811
1114877473,Unnamed,building,0.0,NoData,3.363371,6.4161116
1260633864,Unnamed,building,3.0,High,3.2458145,6.5147064
1261992887,Unnamed,building,4.0,Very High,3.2685148,6.5111193
1267764737,Unnamed,building,3.0,High,3.2777777,6.4570007
1257856303,Unnamed,building,3.0,High,3.276592,6.4673973
1260647384,Unnamed,building,4.0,Very High,3.2448235,6.5179287
1258197004,Unnamed,building,2.0,Moderate,3.2937665,6.4635547
1257785684,Unnamed,building,1.0,Low,3.259199,6.4487085
1258180810,Unnamed,building,3.0,High,3.2606742,6.4536087
1275755737,Unnamed,building,3.0,High,3.3038305,6.514747
1258634016,Unnamed,building,4.0,Very High,3.2491199,6.4581285
1257401862,Unnamed,building,2.0,Moderate,3.2636985,6.4385207
1259520591,Unnamed,building,4.0,Very High,3.281027,6.4923081
1272201458,Unnamed,building,2.0,Moderate,3.2504643,6.5011518
1257625201,Unnamed,building,2.0,Moderate,3.2782066,6.4571631
1259174355,Unnamed,building,2.0,Moderate,3.2567455,6.521288
1262535541,Unnamed,building,2.0,Moderate,3.2733695,6.5215208
1267630559,Unnamed,building,3.0,High,3.2309456,6.4554813
1257593214,Unnamed,building,2.0,Moderate,3.3054083,6.4658637
1258612946,Unnamed,building,4.0,Very High,3.2506373,6.465376
1258508657,Unnamed,building,3.0,High,3.258652,6.4069379
1257436661,Unnamed,building,4.0,Very High,3.2606609,6.4499278
1262940840,Unnamed,building,4.0,Very High,3.2657543,6.5064915
1266827373,Unnamed,building,3.0,High,3.3221898,6.4186356
1261892823,Unnamed,building,2.0,Moderate,3.2471369,6.5209623
1259370985,Unnamed,building,3.0,High,3.2599237,6.5204739
1257631349,Unnamed,building,3.0,High,3.3016838,6.447918
1258461471,Unnamed,building,4.0,Very High,3.2408032,6.4547484
1258625108,Unnamed,building,3.0,High,3.2538766,6.4634974
1267570939,Unnamed,building,3.0,High,3.298599,6.4535449
1257565013,Unnamed,building,3.0,High,3.2812651,6.4831973
1258603377,Unnamed,building,3.0,High,3.292711,6.4518142
1258574806,Unnamed,building,4.0,Very High,3.2361913,6.4419127
1257398015,Unnamed,building,4.0,Very High,3.27076,6.4488678
1257722959,Unnamed,building,4.0,Very High,3.2567288,6.4451689
1258560352,Unnamed,building,4.0,Very High,3.2384441,6.4420562
1257430059,Unnamed,building,4.0,Very High,3.2625317,6.4513921
1259312544,Unnamed,building,3.0,High,3.2797105,6.5069047
1260662810,Unnamed,building,4.0,Very High,3.2481152,6.5182879
1083914481,Unnamed,building,2.0,Moderate,3.2265246,6.4471147
825210646,Unnamed,building,3.0,High,3.2561927,6.4995261
1267630500,Unnamed,building,2.0,Moderate,3.2307451,6.4547404
1259053541,Unnamed,building,0.0,NoData,3.2391405,6.524465
1263176456,Unnamed,building,3.0,High,3.2498721,6.5080291
1258622283,Unnamed,building,3.0,High,3.2914869,6.4615259
1258645855,Unnamed,building,1.0,Low,3.2502145,6.4566981
1257642417,Unnamed,building,2.0,Moderate,3.2831317,6.4785294
1258450756,Unnamed,building,0.0,NoData,3.314687,6.4301385
1262605870,Unnamed,building,3.0,High,3.2707523,6.5153286
1271277520,Unnamed,building,3.0,High,3.2663502,6.5181674
1258636374,Unnamed,building,2.0,Moderate,3.2791682,6.466454
1263669622,Unnamed,building,4.0,Very High,3.2699095,6.5145439
1258436921,Unnamed,building,1.0,Low,3.2645014,6.4623184
1262604520,Unnamed,building,1.0,Low,3.2675764,6.4928787
1258581274,Unnamed,building,3.0,High,3.2363487,6.4397751
1257996646,Unnamed,building,4.0,Very High,3.2573532,6.4609636
1263682543,Unnamed,building,4.0,Very High,3.27923,6.4975891
1083914434,Unnamed,building,2.0,Moderate,3.2266554,6.4467512
1258662475,Unnamed,building,3.0,High,3.2452875,6.4618268
670606833,Unnamed,building,0.0,NoData,3.2818973,6.4247688
1258540114,Unnamed,building,4.0,Very High,3.2389384,6.4479175
1263547899,Unnamed,building,3.0,High,3.2548378,6.4861186
1262201794,Unnamed,building,3.0,High,3.2284078,6.5033476
1258702467,Unnamed,building,2.0,Moderate,3.2705596,6.4693015
1259524910,Unnamed,building,3.0,High,3.2522003,6.5008928
1257718563,Unnamed,building,4.0,Very High,3.2548664,6.437522
1262932155,Unnamed,building,2.0,Moderate,3.2534324,6.5128766
1257519535,Unnamed,building,3.0,High,3.2559499,6.4510277
1258653548,Unnamed,building,2.0,Moderate,3.2355194,6.4721966
1267619532,Unnamed,building,3.0,High,3.2319986,6.4685318
1261400077,Unnamed,building,4.0,Very High,3.222191,6.510818
1267572652,Unnamed,building,2.0,Moderate,3.2182723,6.4446107
1267436936,Unnamed,building,0.0,NoData,3.2098639,6.4519176
1263515327,Unnamed,building,1.0,Low,3.278851,6.50569
1257455671,Unnamed,building,1.0,Low,3.2612566,6.4371821
1257496233,Unnamed,building,3.0,High,3.2520614,6.4729909
1263416814,Unnamed,building,1.0,Low,3.2386644,6.5029619
1258660151,Unnamed,building,1.0,Low,3.2383661,6.4437359
1262852307,Unnamed,building,2.0,Moderate,3.2663934,6.5005058
1261399958,Unnamed,building,4.0,Very High,3.2236493,6.5113924
1258714855,Unnamed,building,2.0,Moderate,3.3291169,6.4197834
1262636617,Unnamed,building,2.0,Moderate,3.2548937,6.500841
1258180704,Unnamed,building,4.0,Very High,3.2615416,6.4530793
1258801597,Unnamed,building,2.0,Moderate,3.253252,6.4137843
1275785604,Unnamed,building,4.0,Very High,3.3042453,6.5141421
1261916964,Unnamed,building,4.0,Very High,3.24931,6.5221465
1262093739,Unnamed,building,1.0,Low,3.2307724,6.5016112
1257845570,Unnamed,building,2.0,Moderate,3.2424257,6.4669174
1258449942,Unnamed,building,2.0,Moderate,3.2813101,6.4848573
1259174428,Unnamed,building,2.0,Moderate,3.2550443,6.5203182
1263400649,Unnamed,building,3.0,High,3.2843102,6.5013537
1258433620,Unnamed,building,4.0,Very High,3.248678,6.4569558
1260611949,Unnamed,building,3.0,High,3.2410052,6.5164712
1263434530,Unnamed,building,3.0,High,3.2392086,6.5018006
1267619395,Unnamed,building,4.0,Very High,3.2120486,6.4528394
1258219203,Unnamed,building,3.0,High,3.271555,6.4465274
1258370097,Unnamed,building,1.0,Low,3.2733352,6.4625502
1258840186,Unnamed,building,2.0,Moderate,3.2569825,6.4128645
1262943120,Unnamed,building,3.0,High,3.2289589,6.5220804
1275785484,Unnamed,building,3.0,High,3.3058744,6.5128297
1259804223,Unnamed,building,2.0,Moderate,3.2710358,6.5012869
1262166158,Unnamed,building,4.0,Very High,3.2783897,6.5169903
1257811128,Unnamed,building,2.0,Moderate,3.2454009,6.4528428
1257470950,Unnamed,building,2.0,Moderate,3.2611908,6.4478681
1258695284,Unnamed,building,3.0,High,3.2871083,6.4544061
1263758701,Unnamed,building,2.0,Moderate,3.2479701,6.4778056
1262221753,Unnamed,building,4.0,Very High,3.2222118,6.5053153
1083910548,Unnamed,building,0.0,NoData,3.2220936,6.4394476
1258601120,Unnamed,building,4.0,Very High,3.2399668,6.4585339
1258571341,Unnamed,building,3.0,High,3.2759788,6.4651246
1258023928,Unnamed,building,4.0,Very High,3.292496,6.4645693
1285337648,Unnamed,building,2.0,Moderate,3.3594373,6.4155627
1257421564,Unnamed,building,4.0,Very High,3.2758313,6.4407669
1262965100,Unnamed,building,2.0,Moderate,3.2708329,6.5045603
1258593924,Unnamed,building,3.0,High,3.2304978,6.4581428
1262969182,Unnamed,building,4.0,Very High,3.259741,6.5030141
1262129984,Unnamed,building,3.0,High,3.2789317,6.5140149
1276244512,Unnamed,building,2.0,Moderate,3.294798,6.4968253
1258639501,Unnamed,building,2.0,Moderate,3.2805201,6.470166
1258621415,Unnamed,building,2.0,Moderate,3.2721155,6.4697895
1257513297,Unnamed,building,3.0,High,3.2865811,6.4658698
1262903465,Unnamed,building,3.0,High,3.2471118,6.5162001
1275718978,Unnamed,building,2.0,Moderate,3.2910036,6.5174332
1258203714,Unnamed,building,3.0,High,3.252109,6.4219687
1260529002,Unnamed,building,3.0,High,3.2642574,6.4994402
1257884175,Unnamed,building,2.0,Moderate,3.2792071,6.4339402
1258622300,Unnamed,building,4.0,Very High,3.2931574,6.462309
1258067392,Unnamed,building,2.0,Moderate,3.2809999,6.47142
1266789245,Unnamed,building,3.0,High,3.2332552,6.4525156
1276187924,Unnamed,building,3.0,High,3.296118,6.5037819
1267784531,Unnamed,building,4.0,Very High,3.2244953,6.4414244
1275944321,Unnamed,building,4.0,Very High,3.3003954,6.5082085
1263547900,Unnamed,building,3.0,High,3.2548175,6.4860366
1262054508,Unnamed,building,3.0,High,3.2637769,6.5013775
1258039465,Unnamed,building,3.0,High,3.2934586,6.4528495
1257785374,Unnamed,building,2.0,Moderate,3.2904725,6.475224
1258716490,Unnamed,building,4.0,Very High,3.2834315,6.4547632
964330639,Unnamed,building,4.0,Very High,3.2600995,6.46667
1257436732,Unnamed,building,2.0,Moderate,3.2633716,6.4371684
1258327293,Unnamed,building,2.0,Moderate,3.2592321,6.4573717
1258292429,Unnamed,building,3.0,High,3.2968621,6.4828649
1258180752,Unnamed,building,2.0,Moderate,3.2602537,6.4530151
1257566796,Unnamed,building,3.0,High,3.2982861,6.4660972
1275785444,Unnamed,building,3.0,High,3.3059309,6.5122473
1258632598,Unnamed,building,3.0,High,3.2529288,6.4657554
1263457275,Unnamed,building,3.0,High,3.2742448,6.5221057
1257844825,Unnamed,building,4.0,Very High,3.286538,6.4792633
1285751727,Unnamed,building,2.0,Moderate,3.3571293,6.4159078
1267784856,Unnamed,building,3.0,High,3.2882548,6.4587405
1263284825,Unnamed,building,3.0,High,3.2812133,6.5107182
1263697799,Unnamed,building,3.0,High,3.2636826,6.4954217
1263674318,Unnamed,building,3.0,High,3.2853502,6.5007289
1262787190,Unnamed,building,4.0,Very High,3.2608983,6.5196338
1275719038,Unnamed,building,1.0,Low,3.2926996,6.519385
1267684043,Unnamed,building,4.0,Very High,3.2296232,6.4440623
1258574752,Unnamed,building,4.0,Very High,3.236686,6.4408014
1258165093,Unnamed,building,4.0,Very High,3.3142122,6.4441513
1267537744,Unnamed,building,4.0,Very High,3.2274442,6.4558441
1263643918,Unnamed,building,1.0,Low,3.2375701,6.520473
1258204308,Unnamed,building,4.0,Very High,3.2568556,6.4523354
1257593295,Unnamed,building,4.0,Very High,3.304749,6.4680111
1261810703,Unnamed,building,2.0,Moderate,3.2551216,6.5198809
1258675828,Unnamed,building,4.0,Very High,3.2714659,6.458925
1275699813,Unnamed,building,2.0,Moderate,3.2962657,6.5176106
1258269685,Unnamed,building,3.0,High,3.2751633,6.437592
1258327274,Unnamed,building,4.0,Very High,3.2578848,6.4587552
1258197009,Unnamed,building,1.0,Low,3.2942938,6.4629153
1267761840,Unnamed,building,3.0,High,3.2192862,6.4441719
1267703589,Unnamed,building,3.0,High,3.2173745,6.4435095
713775747,Unnamed,building,4.0,Very High,3.2762521,6.4519564
1259319346,Unnamed,building,3.0,High,3.2772833,6.5001467
1276182454,Unnamed,building,4.0,Very High,3.299882,6.5043001
1262895596,Unnamed,building,3.0,High,3.2711105,6.4995713
1262708423,Unnamed,building,3.0,High,3.2570274,6.4948121
1276411899,Unnamed,building,3.0,High,3.3016629,6.4979143
1267572939,Unnamed,building,2.0,Moderate,3.2296107,6.452225
1257539070,Unnamed,building,4.0,Very High,3.3025664,6.4773774
1257436689,Unnamed,building,4.0,Very High,3.2641751,6.4355831
1257893734,Unnamed,building,3.0,High,3.2914581,6.4698893
1258144861,Unnamed,building,2.0,Moderate,3.2491962,6.4636467
1257794163,Unnamed,building,4.0,Very High,3.2713378,6.4654859
1276501898,Unnamed,building,3.0,High,3.3072219,6.4875538
1258715976,Unnamed,building,4.0,Very High,3.270857,6.4641423
1262130106,Unnamed,building,3.0,High,3.2780284,6.5118888
1267033244,Unnamed,building,4.0,Very High,3.3011343,6.4769826
1258298724,Unnamed,building,2.0,Moderate,3.2604383,6.4217074
1260681394,Unnamed,building,2.0,Moderate,3.2500984,6.5181125
1263407774,Unnamed,building,3.0,High,3.2812408,6.5054145
1262188680,Unnamed,building,2.0,Moderate,3.2289889,6.5039753
1257530300,Unnamed,building,3.0,High,3.2494604,6.4486901
1263484680,Unnamed,building,3.0,High,3.275657,6.5046919
1258379903,Unnamed,building,0.0,NoData,3.2659717,6.4244634
1258691687,Unnamed,building,4.0,Very High,3.2703929,6.4617223
1276230508,Unnamed,building,2.0,Moderate,3.3022919,6.5033856
995060435,Unnamed,building,3.0,High,3.3155658,6.4168312
1260627091,Unnamed,building,3.0,High,3.2425954,6.510787
1258203908,Unnamed,building,4.0,Very High,3.255996,6.4529367
1257625451,Unnamed,building,1.0,Low,3.2678277,6.4504821
1257386360,Unnamed,building,4.0,Very High,3.2708507,6.4408108
1257999156,Unnamed,building,4.0,Very High,3.2601248,6.47382
1257572526,Unnamed,building,3.0,High,3.2844941,6.483136
1263682579,Unnamed,building,3.0,High,3.2768252,6.4974773
1257844883,Unnamed,building,2.0,Moderate,3.2876111,6.48136
1258327363,Unnamed,building,3.0,High,3.2591677,6.4594691
1271990351,Unnamed,building,0.0,NoData,3.2774057,6.5207283
1267900119,Unnamed,building,1.0,Low,3.2875954,6.4642037
1257593018,Unnamed,building,4.0,Very High,3.2529483,6.4582853
1276439718,Unnamed,building,4.0,Very High,3.2955547,6.4850775
1263644144,Unnamed,building,3.0,High,3.2362974,6.5205845
1257765108,Unnamed,building,3.0,High,3.3090553,6.4487724
1258165080,Unnamed,building,4.0,Very High,3.3146351,6.4443842
1275719084,Unnamed,building,2.0,Moderate,3.2927352,6.5174918
1257794159,Unnamed,building,4.0,Very High,3.2713979,6.4661587
1258509844,Unnamed,building,3.0,High,3.2763565,6.431177
1277832319,Unnamed,building,3.0,High,3.292981,6.5077337
1263539378,Unnamed,building,2.0,Moderate,3.2594746,6.4875926
1258581481,Unnamed,building,2.0,Moderate,3.2331956,6.4412996
1257939383,Unnamed,building,4.0,Very High,3.2948296,6.4804192
1260760447,Unnamed,building,2.0,Moderate,3.230621,6.5161473
617766818,Unnamed,building,4.0,Very High,3.282368,6.4156252
995240988,Unnamed,building,3.0,High,3.3248638,6.4167346
1257470309,Unnamed,building,1.0,Low,3.2805414,6.4345527
1258596110,Unnamed,building,3.0,High,3.2768788,6.4698633
1259174287,Unnamed,building,3.0,High,3.2560879,6.5199414
1261797352,Unnamed,building,4.0,Very High,3.2257939,6.5063404
1259329772,Unnamed,building,2.0,Moderate,3.2729622,6.4998062
1263176379,Unnamed,building,3.0,High,3.2499898,6.5066392
1257556423,Unnamed,building,3.0,High,3.2559688,6.469082
1257911914,Unnamed,building,3.0,High,3.2572861,6.4673822
1275283024,Unnamed,building,0.0,NoData,3.3091833,6.5274673
1258547673,Unnamed,building,4.0,Very High,3.285937,6.4566368
1275664232,Unnamed,building,3.0,High,3.3066456,6.5198302
1257493283,Unnamed,building,4.0,Very High,3.2587114,6.4412077
1257817305,Unnamed,building,4.0,Very High,3.3027549,6.4675827
1258304677,Unnamed,building,4.0,Very High,3.301083,6.45782
1262504143,Unnamed,building,4.0,Very High,3.2661403,6.5210282
1257751010,Unnamed,building,4.0,Very High,3.2595707,6.4449706
1263154800,Unnamed,building,0.0,NoData,3.2610981,6.5218029
1257471896,Unnamed,building,3.0,High,3.2669142,6.4412796
1275886069,Unnamed,building,0.0,NoData,3.3080408,6.5091838
1263457264,Unnamed,building,3.0,High,3.2747763,6.5218924
1258172837,Unnamed,building,4.0,Very High,3.3070522,6.4490825
825210653,Unnamed,building,3.0,High,3.2563458,6.5006288
1267619361,Unnamed,building,3.0,High,3.2121585,6.4539039
1267718755,Unnamed,building,3.0,High,3.2271231,6.4503622
1263114285,Unnamed,building,3.0,High,3.276349,6.5099908
1260550605,Unnamed,building,3.0,High,3.2452952,6.5004856
1262852131,Unnamed,building,3.0,High,3.2670501,6.4987931
1276411914,Unnamed,building,4.0,Very High,3.3018441,6.4968972
1258026263,Unnamed,building,4.0,Very High,3.2923037,6.4638805
1258523463,Unnamed,building,0.0,NoData,3.265035,6.4062247
1276430067,Unnamed,building,4.0,Very High,3.2982658,6.4900064
1262184677,Unnamed,building,3.0,High,3.2861588,6.5080555
1258426555,Unnamed,building,4.0,Very High,3.2620305,6.4592778
1262523421,Unnamed,building,0.0,NoData,3.2703377,6.5225218
1258690118,Unnamed,building,3.0,High,3.2715768,6.4564945
1258823278,Unnamed,building,2.0,Moderate,3.2625857,6.4158693
1257980818,Unnamed,building,3.0,High,3.2552308,6.4644633
1263732208,Unnamed,building,4.0,Very High,3.2743483,6.4986898
1257419421,Unnamed,building,4.0,Very High,3.2616806,6.4401163
1257816960,Unnamed,building,4.0,Very High,3.2451875,6.454072
1258219167,Unnamed,building,3.0,High,3.2731271,6.4486262
1258219201,Unnamed,building,3.0,High,3.2715933,6.4464679
1263532903,Unnamed,building,3.0,High,3.2782699,6.5015442
1262130132,Unnamed,building,2.0,Moderate,3.2774507,6.5145261
832368041,Unnamed,building,4.0,Very High,3.234445,6.4278572
1266789233,Unnamed,building,2.0,Moderate,3.2331437,6.4533225
1257514830,Unnamed,building,4.0,Very High,3.2746674,6.4793936
1258712439,Unnamed,building,3.0,High,3.2758626,6.4560436
1258140981,Unnamed,building,4.0,Very High,3.3049424,6.482454
1263147223,Unnamed,building,2.0,Moderate,3.2409765,6.5209166
1257513347,Unnamed,building,3.0,High,3.2867229,6.4663534
1258305381,Unnamed,building,4.0,Very High,3.2735882,6.4780968
1276430410,Unnamed,building,2.0,Moderate,3.3047587,6.4964352
1258612952,Unnamed,building,2.0,Moderate,3.2509769,6.4632436
1262938573,Unnamed,building,1.0,Low,3.2465485,6.513889
1261388800,Unnamed,building,3.0,High,3.2476176,6.5028407
1264078942,Unnamed,building,4.0,Very High,3.2520789,6.4546941
1258205138,Unnamed,building,2.0,Moderate,3.2785969,6.474014
1266121813,Unnamed,building,0.0,NoData,3.2455248,6.4222979
1259679337,Unnamed,building,4.0,Very High,3.2445008,6.5224504
1258593816,Unnamed,building,3.0,High,3.2314817,6.4583789
1258604083,Unnamed,building,4.0,Very High,3.2493292,6.4589936
1258601107,Unnamed,building,4.0,Very High,3.2405656,6.459034
1258662623,Unnamed,building,1.0,Low,3.2842611,6.4611878
1262068858,Unnamed,building,0.0,NoData,3.2730725,6.5238762
1261988426,Unnamed,building,3.0,High,3.2675086,6.5185083
1262529784,Unnamed,building,2.0,Moderate,3.2627464,6.5158401
1266656737,Unnamed,building,3.0,High,3.2326492,6.4553541
1263201105,Unnamed,building,4.0,Very High,3.2469303,6.5088637
1257784043,Unnamed,building,2.0,Moderate,3.2559258,6.4466839
1263701211,Unnamed,building,2.0,Moderate,3.2568224,6.4960432
1257630515,Unnamed,building,1.0,Low,3.260038,6.4368433
1259669402,Unnamed,building,0.0,NoData,3.2513327,6.5229211
1258547657,Unnamed,building,3.0,High,3.2871248,6.4545763
1263682639,Unnamed,building,4.0,Very High,3.2777514,6.4964524
1276177019,Unnamed,building,4.0,Very High,3.3020275,6.5040682
1276125970,Unnamed,building,4.0,Very High,3.2964817,6.5094041
1267656186,Unnamed,building,2.0,Moderate,3.2203377,6.4983759
1257418785,Unnamed,building,4.0,Very High,3.3052966,6.4582791
1285604318,Unnamed,building,0.0,NoData,3.3634686,6.4115364
1258426533,Unnamed,building,3.0,High,3.2618239,6.4598976
1258599694,Unnamed,building,1.0,Low,3.2549864,6.4590857
1267780716,Unnamed,building,3.0,High,3.3016992,6.4545593
1276320276,Unnamed,building,2.0,Moderate,3.3071525,6.5020097
1258581264,Unnamed,building,2.0,Moderate,3.2356657,6.4395726
1259669617,Unnamed,building,0.0,NoData,3.2510569,6.5231675
1257794185,Unnamed,building,4.0,Very High,3.2716166,6.4678142
1275785473,Unnamed,building,4.0,Very High,3.3054325,6.5128628
1263547923,Unnamed,building,2.0,Moderate,3.2566913,6.4868979
1259630293,Unnamed,building,4.0,Very High,3.2594587,6.5176767
1258016241,Unnamed,building,3.0,High,3.2472553,6.4698639
1257599281,Unnamed,building,4.0,Very High,3.2392678,6.4527001
1267625367,Unnamed,building,3.0,High,3.2254186,6.4532071
1258569726,Unnamed,building,0.0,NoData,3.2348722,6.4391137
1276439685,Unnamed,building,3.0,High,3.293758,6.4858692
1262510669,Unnamed,building,4.0,Very High,3.2724176,6.5059657
1263147225,Unnamed,building,2.0,Moderate,3.2408257,6.5209642
1258603386,Unnamed,building,2.0,Moderate,3.2917403,6.4525147
1257493425,Unnamed,building,4.0,Very High,3.2597531,6.4417337
1257492739,Unnamed,building,3.0,High,3.2652284,6.4374248
1258432237,Unnamed,building,3.0,High,3.2612268,6.4326358
1259738627,Unnamed,building,0.0,NoData,3.2216284,6.5230514
1275789631,Unnamed,building,0.0,NoData,3.3080931,6.5134493
1276244561,Unnamed,building,4.0,Very High,3.2935251,6.4975432
1259300580,Unnamed,building,3.0,High,3.2499011,6.5215411
1263018548,Unnamed,building,3.0,High,3.258691,6.4978629
1262153951,Unnamed,building,3.0,High,3.2753993,6.5065159
1260554689,Unnamed,building,3.0,High,3.2831874,6.5076877
1258223636,Unnamed,building,3.0,High,3.2582825,6.4702045
1258687538,Unnamed,building,2.0,Moderate,3.2639753,6.4558687
1257787640,Unnamed,building,2.0,Moderate,3.2948003,6.4581535
1267536722,Unnamed,building,3.0,High,3.2318265,6.4784162
1272449487,Unnamed,building,4.0,Very High,3.2247138,6.4552836
1270799539,Unnamed,building,4.0,Very High,3.2827383,6.5104988
1258423610,Unnamed,building,4.0,Very High,3.2621776,6.4319091
1262295698,Unnamed,building,0.0,NoData,3.2787669,6.5189997
1275886072,Unnamed,building,0.0,NoData,3.3078848,6.5092897
1263643936,Unnamed,building,2.0,Moderate,3.2381917,6.52122
1263702189,Unnamed,building,2.0,Moderate,3.2688533,6.4926864
1262169777,Unnamed,building,2.0,Moderate,3.2792591,6.5090067
1262129841,Unnamed,building,3.0,High,3.233601,6.5032107
1260594577,Unnamed,building,2.0,Moderate,3.255844,6.4652295
1257519141,Unnamed,building,3.0,High,3.2888443,6.4677268
1257840421,Unnamed,building,3.0,High,3.3033893,6.473815
1267678067,Unnamed,building,3.0,High,3.2272429,6.4500763
1262071124,Unnamed,building,3.0,High,3.2540904,6.5091751
1262068938,Unnamed,building,0.0,NoData,3.2733543,6.5237869
1257630501,Unnamed,building,4.0,Very High,3.2589061,6.436433
1258436891,Unnamed,building,4.0,Very High,3.2631634,6.4604901
1258824321,Unnamed,building,3.0,High,3.251341,6.4217619
1275413268,Unnamed,building,0.0,NoData,3.3013663,6.5225224
1262852230,Unnamed,building,2.0,Moderate,3.2672703,6.5000707
1262169720,Unnamed,building,4.0,Very High,3.2768562,6.5062387
1258856181,Unnamed,building,0.0,NoData,3.3231591,6.4156682
1258219127,Unnamed,building,3.0,High,3.2720863,6.447671
1258312996,Unnamed,building,3.0,High,3.2595449,6.4625096
1257613858,Unnamed,building,4.0,Very High,3.2861882,6.4785861
1262898342,Unnamed,building,2.0,Moderate,3.2412579,6.5177727
1263175110,Unnamed,building,3.0,High,3.2624769,6.4949052
1258339748,Unnamed,building,3.0,High,3.2620785,6.4707427
1275892918,Unnamed,building,2.0,Moderate,3.3034345,6.5105263
1260554671,Unnamed,building,3.0,High,3.2845492,6.506819
1258026216,Unnamed,building,3.0,High,3.2925267,6.4635016
1257632550,Unnamed,building,4.0,Very High,3.3018232,6.4471762
1262153950,Unnamed,building,3.0,High,3.2753148,6.5065276
1267775902,Unnamed,building,3.0,High,3.2229176,6.4432629
1258433632,Unnamed,building,4.0,Very High,3.2471086,6.4561049
1258213644,Unnamed,building,4.0,Very High,3.2529493,6.4520033
1272979167,Unnamed,building,0.0,NoData,3.2107813,6.457333
1257771591,Unnamed,building,2.0,Moderate,3.2937171,6.4697004
1257980510,Unnamed,building,2.0,Moderate,3.2558244,6.4650621
1268208775,Unnamed,building,3.0,High,3.2581663,6.5199152
1263284781,Unnamed,building,3.0,High,3.2819087,6.5097137
1258689572,Unnamed,building,4.0,Very High,3.2715874,6.4599449
1258439365,Unnamed,building,4.0,Very High,3.2874298,6.4364471
1258901667,Unnamed,building,4.0,Very High,3.2235778,6.4403317
1258269635,Unnamed,building,4.0,Very High,3.2751895,6.4360385
1257785550,Unnamed,building,4.0,Very High,3.259111,6.4465297
1258366361,Unnamed,building,4.0,Very High,3.2607541,6.465319
1267340787,Unnamed,building,2.0,Moderate,3.2231344,6.493992
1257528024,Unnamed,building,4.0,Very High,3.2709113,6.4350882
1258622284,Unnamed,building,3.0,High,3.2914652,6.4615192
1263237808,Unnamed,building,1.0,Low,3.2407451,6.5176631
1261858380,Unnamed,building,0.0,NoData,3.2483699,6.5227591
1267784880,Unnamed,building,4.0,Very High,3.2878888,6.457815
1257889737,Unnamed,building,3.0,High,3.2487439,6.4619334
1258513782,Unnamed,building,4.0,Very High,3.2362022,6.4494856
1276481854,Unnamed,building,2.0,Moderate,3.3029765,6.493781
1258596527,Unnamed,building,4.0,Very High,3.2329825,6.4460419
1267529994,Unnamed,building,2.0,Moderate,3.2237032,6.4538854
1257493280,Unnamed,building,3.0,High,3.260007,6.4414049
1257787211,Unnamed,building,4.0,Very High,3.3119979,6.4467201
1275531153,Unnamed,building,3.0,High,3.3062353,6.5211201
1260760466,Unnamed,building,2.0,Moderate,3.2310221,6.5170335
1268333373,Unnamed,building,2.0,Moderate,3.2435522,6.4997958
1275270759,Unnamed,building,2.0,Moderate,3.303869,6.4909811
1257842084,Unnamed,building,4.0,Very High,3.273607,6.4630621
1268948389,Unnamed,building,2.0,Moderate,3.2824564,6.503808
1258951407,Unnamed,building,2.0,Moderate,3.2334591,6.4185259
1258669939,Unnamed,building,3.0,High,3.3030329,6.446311
1258394311,Unnamed,building,4.0,Very High,3.2770584,6.4647725
1275527163,Unnamed,building,3.0,High,3.2954973,6.5205081
1257364215,Unnamed,building,4.0,Very High,3.2939418,6.4513808
1258607290,Unnamed,building,4.0,Very High,3.2439503,6.4569136
1262166316,Unnamed,building,3.0,High,3.2794066,6.5155962
1259507259,Unnamed,building,0.0,NoData,3.2422769,6.5250175
1269092919,Unnamed,building,4.0,Very High,3.2315303,6.5150893
1258590161,Unnamed,building,4.0,Very High,3.2375583,6.4552344
1275789636,Unnamed,building,0.0,NoData,3.3082807,6.5133805
1257578690,Unnamed,building,3.0,High,3.2866416,6.4854059
1257783865,Unnamed,building,4.0,Very High,3.2715983,6.4506506
1263283416,Unnamed,building,2.0,Moderate,3.2274313,6.5153775
1262166312,Unnamed,building,2.0,Moderate,3.2771124,6.5167847
1267559599,Unnamed,building,4.0,Very High,3.2223521,6.4962396
1275708831,Unnamed,building,3.0,High,3.2867529,6.5187249
1276320339,Unnamed,building,0.0,NoData,3.3093255,6.5026162
1275726589,Unnamed,building,3.0,High,3.2942264,6.5181833
1262898239,Unnamed,building,3.0,High,3.2419521,6.5189733
1258261806,Unnamed,building,2.0,Moderate,3.2577806,6.4640605
1258197598,Unnamed,building,4.0,Very High,3.2597017,6.4533744
1257482446,Unnamed,building,3.0,High,3.290135,6.4692341
1262987223,Unnamed,building,2.0,Moderate,3.2713854,6.5136702
1275579144,Unnamed,building,4.0,Very High,3.2996567,6.5125449
1258663433,Unnamed,building,0.0,NoData,3.3251356,6.4384076
1258652728,Unnamed,building,3.0,High,3.2865068,6.4760682
1263687380,Unnamed,building,2.0,Moderate,3.2372749,6.5162027
1258819573,Unnamed,building,2.0,Moderate,3.3064577,6.4168722
1258618708,Unnamed,building,3.0,High,3.2803903,6.4620061
1263175103,Unnamed,building,3.0,High,3.2619298,6.4954149
1258621002,Unnamed,building,3.0,High,3.2834064,6.4714126
1262510660,Unnamed,building,3.0,High,3.2717689,6.5051392
1268617400,Unnamed,building,3.0,High,3.250849,6.500004
1263256911,Unnamed,building,3.0,High,3.235507,6.5147332
1260550437,Unnamed,building,2.0,Moderate,3.2463798,6.5003108
1257541348,Unnamed,building,2.0,Moderate,3.2876341,6.4786265
1276430390,Unnamed,building,2.0,Moderate,3.30646,6.4956276
1262068965,Unnamed,building,0.0,NoData,3.2733938,6.523518
1257852685,Unnamed,building,3.0,High,3.3119236,6.4414521
1266208269,Unnamed,building,0.0,NoData,3.2623235,6.4135218
1257959775,Unnamed,building,4.0,Very High,3.3006695,6.4815282
1258547887,Unnamed,building,2.0,Moderate,3.2330583,6.4498464
1275534004,Unnamed,building,2.0,Moderate,3.2910567,6.5205389
1267042558,Unnamed,building,2.0,Moderate,3.2637189,6.4636431
1259507300,Unnamed,building,0.0,NoData,3.2413953,6.5246159
1257794038,Unnamed,building,4.0,Very High,3.2688138,6.4543377
1258691756,Unnamed,building,1.0,Low,3.2702073,6.4610129
1257487085,Unnamed,building,2.0,Moderate,3.2639249,6.4507842
1257370543,Unnamed,building,2.0,Moderate,3.2664874,6.4396103
1262054562,Unnamed,building,4.0,Very High,3.2643552,6.5026034
1258581224,Unnamed,building,4.0,Very High,3.2369072,6.4394194
1275543528,Unnamed,building,4.0,Very High,3.2898686,6.5212679
1257823958,Unnamed,building,0.0,NoData,3.3077251,6.4622533
1258580659,Unnamed,building,3.0,High,3.2857904,6.4643799
1263710375,Unnamed,building,3.0,High,3.2713954,6.4956397
1137587770,Unnamed,building,4.0,Very High,3.3040467,6.5076938
1259658797,Unnamed,building,4.0,Very High,3.2507841,6.5168799
653102255,Unnamed,building,3.0,High,3.2254778,6.463205
1257814620,Unnamed,building,3.0,High,3.2670337,6.4469839
1258016276,Unnamed,building,2.0,Moderate,3.247087,6.468822
1257954278,Unnamed,building,3.0,High,3.2524327,6.4428651
1258714735,Unnamed,building,2.0,Moderate,3.3292224,6.4198925
1263743467,Unnamed,building,4.0,Very High,3.2817067,6.4943103
1260748803,Unnamed,building,3.0,High,3.2533002,6.5213469
1258645894,Unnamed,building,1.0,Low,3.2505552,6.4566368
1258686095,Unnamed,building,4.0,Very High,3.3008009,6.4569837
1257911883,Unnamed,building,4.0,Very High,3.2553914,6.4670068
1258827974,Unnamed,building,0.0,NoData,3.2399317,6.4060516
1257427689,Unnamed,building,3.0,High,3.266689,6.4377844
1257765093,Unnamed,building,3.0,High,3.3076489,6.4484477
1257884300,Unnamed,building,3.0,High,3.2769296,6.4347598
1260748810,Unnamed,building,0.0,NoData,3.2529104,6.522408
1258247805,Unnamed,building,3.0,High,3.2631016,6.443637
747945852,Unnamed,building,0.0,NoData,3.2345678,6.4279947
1258632817,Unnamed,building,2.0,Moderate,3.2950192,6.4616866
1258827972,Unnamed,building,0.0,NoData,3.2399891,6.4059448
1258313582,Unnamed,building,1.0,Low,3.2633105,6.4233325
1258684431,Unnamed,building,3.0,High,3.2722014,6.4647057
1275531115,Unnamed,building,3.0,High,3.3059873,6.5214083
1258593760,Unnamed,building,4.0,Very High,3.2321917,6.45849
1258547584,Unnamed,building,4.0,Very High,3.286588,6.456666
1258687550,Unnamed,building,4.0,Very High,3.2652966,6.4545688
1276433197,Unnamed,building,4.0,Very High,3.2960118,6.4863714
1276457928,Unnamed,building,1.0,Low,3.3047029,6.4929726
1258593177,Unnamed,building,2.0,Moderate,3.2981841,6.442056
671813863,Unnamed,building,1.0,Low,3.2143111,6.46929
1262130004,Unnamed,building,1.0,Low,3.27822,6.5144095
1257427692,Unnamed,building,3.0,High,3.2663218,6.4377168
1257810140,Unnamed,building,4.0,Very High,3.2431025,6.4545094
1258030342,Unnamed,building,3.0,High,3.2804082,6.4671545
1258691777,Unnamed,building,1.0,Low,3.2707607,6.4611231
1262184672,Unnamed,building,3.0,High,3.2862297,6.5077
1258667334,Unnamed,building,3.0,High,3.3011358,6.4557436
1258029814,Unnamed,building,2.0,Moderate,3.2931633,6.464898
1276481861,Unnamed,building,1.0,Low,3.303769,6.492942
1261810648,Unnamed,building,3.0,High,3.2567234,6.5187649
1263237849,Unnamed,building,4.0,Very High,3.2403008,6.5184489
1258710707,Unnamed,building,3.0,High,3.2746309,6.460489
1258603413,Unnamed,building,2.0,Moderate,3.2918062,6.4519827
1258046659,Unnamed,building,3.0,High,3.2951518,6.4539752
1267526285,Unnamed,building,4.0,Very High,3.2210707,6.4544497
1275736921,Unnamed,building,3.0,High,3.2904047,6.5133104
1275579224,Unnamed,building,3.0,High,3.2988634,6.514017
1257493309,Unnamed,building,4.0,Very High,3.2600499,6.4420251
1258716025,Unnamed,building,4.0,Very High,3.2697855,6.4643442
1257809447,Unnamed,building,2.0,Moderate,3.2838034,6.4528339
1258857368,Unnamed,building,0.0,NoData,3.2609791,6.4132944
1257845526,Unnamed,building,3.0,High,3.2451735,6.4673374
1260539867,Unnamed,building,3.0,High,3.2576753,6.4988644
1275398884,Unnamed,building,0.0,NoData,3.3019305,6.5244974
1258579513,Unnamed,building,2.0,Moderate,3.2819847,6.4641804
1261795117,Unnamed,building,3.0,High,3.2603905,6.5038522
1261388781,Unnamed,building,3.0,High,3.2468902,6.5027408
1258413430,Unnamed,building,4.0,Very High,3.2590842,6.4223697
1276254096,Unnamed,building,4.0,Very High,3.2965859,6.4936762
1258596054,Unnamed,building,1.0,Low,3.2770696,6.4702304
1262636533,Unnamed,building,3.0,High,3.2567422,6.500878
1257814746,Unnamed,building,3.0,High,3.2657677,6.4479707
1260612061,Unnamed,building,2.0,Moderate,3.2423527,6.5159377
1267310037,Unnamed,building,4.0,Very High,3.2201492,6.4939354
1263555183,Unnamed,building,2.0,Moderate,3.2576383,6.5069346
1263118051,Unnamed,building,4.0,Very High,3.2763205,6.5178022
1267717864,Unnamed,building,2.0,Moderate,3.2307401,6.4573162
1258219149,Unnamed,building,4.0,Very High,3.2720058,6.4481297
1276320384,Unnamed,building,0.0,NoData,3.3089395,6.5019306
1262222346,Unnamed,building,2.0,Moderate,3.23891,6.5122223
1267325993,Unnamed,building,0.0,NoData,3.2162084,6.4940973
1276451697,Unnamed,building,4.0,Very High,3.2988609,6.4898337
1275785363,Unnamed,building,4.0,Very High,3.3043577,6.5120633
1258312797,Unnamed,building,3.0,High,3.2586626,6.4601788
1275755673,Unnamed,building,4.0,Very High,3.3023697,6.5167171
1262599754,Unnamed,building,4.0,Very High,3.2456613,6.5021311
1258601812,Unnamed,building,4.0,Very High,3.249453,6.4623074
1263147131,Unnamed,building,3.0,High,3.2392636,6.5223019
1276465202,Unnamed,building,0.0,NoData,3.3109024,6.4945075
1262132975,Unnamed,building,4.0,Very High,3.2640877,6.508376
1262769011,Unnamed,building,4.0,Very High,3.2672153,6.5129856
1258461835,Unnamed,building,0.0,NoData,3.3221627,6.4437359
1262194200,Unnamed,building,4.0,Very High,3.2428513,6.512898
1259053491,Unnamed,building,0.0,NoData,3.2387942,6.5237084
1267782171,Unnamed,building,3.0,High,3.223606,6.4446595
1258515581,Unnamed,building,0.0,NoData,3.261835,6.4058347
1263114193,Unnamed,building,2.0,Moderate,3.2739479,6.5113157
1257947891,Unnamed,building,4.0,Very High,3.2969574,6.4814229
1266598923,Unnamed,building,4.0,Very High,3.2902556,6.478884
1258204667,Unnamed,building,0.0,NoData,3.3072053,6.4686481
1268400066,Unnamed,building,4.0,Very High,3.2522779,6.4973135
1258894224,Unnamed,building,0.0,NoData,3.3509786,6.4201724
1263467902,Unnamed,building,1.0,Low,3.2771482,6.4915008
1268621156,Unnamed,building,4.0,Very High,3.2907147,6.5049042
1275789672,Unnamed,building,0.0,NoData,3.3080505,6.5139278
1259679289,Unnamed,building,4.0,Very High,3.2441844,6.5213272
1262166184,Unnamed,building,3.0,High,3.2790105,6.5163131
1267625424,Unnamed,building,3.0,High,3.2248244,6.4536536
1257801156,Unnamed,building,3.0,High,3.2496518,6.4519481
1270382523,Unnamed,building,3.0,High,3.270889,6.5153517
653102247,Unnamed,building,4.0,Very High,3.2243474,6.4653343
1267448191,Unnamed,building,3.0,High,3.2138985,6.4534931
1257421542,Unnamed,building,4.0,Very High,3.2766477,6.4388136
1263466966,Unnamed,building,2.0,Moderate,3.2752747,6.4969078
1258861350,Unnamed,building,4.0,Very High,3.2540358,6.4119552
1257599912,Unnamed,building,4.0,Very High,3.2717362,6.4369191
1258437840,Unnamed,building,3.0,High,3.2828052,6.4378342
1267545715,Unnamed,building,4.0,Very High,3.2337738,6.4634808
1257541267,Unnamed,building,4.0,Very High,3.2883554,6.4787175
1263459138,Unnamed,building,2.0,Moderate,3.2739265,6.5145917
1260539840,Unnamed,building,2.0,Moderate,3.2596815,6.5007699
1258418196,Unnamed,building,2.0,Moderate,3.2587868,6.4232279
1261898462,Unnamed,building,4.0,Very High,3.2253131,6.5053584
1258818638,Unnamed,building,3.0,High,3.3166702,6.4164187
1260662724,Unnamed,building,4.0,Very High,3.248188,6.5179203
1267700445,Unnamed,building,4.0,Very High,3.22372,6.4574358
1083917618,Unnamed,building,1.0,Low,3.2285826,6.4446218
1257422988,Unnamed,building,4.0,Very High,3.3043328,6.4555334
1257513195,Unnamed,building,4.0,Very High,3.2632864,6.4432598
1257595315,Unnamed,building,1.0,Low,3.3074201,6.4634459
1267310066,Unnamed,building,3.0,High,3.2204391,6.4955615
1275426802,Unnamed,building,0.0,NoData,3.2938218,6.5236906
1257517874,Unnamed,building,0.0,NoData,3.2567259,6.4283866
1260588085,Unnamed,building,3.0,High,3.2403313,6.5168875
1267470004,Unnamed,building,1.0,Low,3.2847036,6.4761514
1258219084,Unnamed,building,3.0,High,3.2720816,6.4471663
1262910998,Unnamed,building,1.0,Low,3.266551,6.5037993
1257427697,Unnamed,building,3.0,High,3.2663969,6.4374401
1272963350,Unnamed,building,2.0,Moderate,3.229821,6.4562781
1257983328,Unnamed,building,3.0,High,3.2720977,6.472515
1276158563,Unnamed,building,4.0,Very High,3.2947944,6.5082769
1257661863,Unnamed,building,0.0,NoData,3.3074486,6.4809159
1257761465,Unnamed,building,3.0,High,3.2903402,6.4593876
1257810778,Unnamed,building,2.0,Moderate,3.2760383,6.4665017
1258622304,Unnamed,building,4.0,Very High,3.2928884,6.462382
1262968953,Unnamed,building,3.0,High,3.2522554,6.5169683
1275755717,Unnamed,building,2.0,Moderate,3.3016293,6.5153757
1263515394,Unnamed,building,1.0,Low,3.2770764,6.5059147
1267891530,Unnamed,building,3.0,High,3.3031901,6.4753543
1257497953,Unnamed,building,2.0,Moderate,3.285347,6.4658577
1257412104,Unnamed,building,4.0,Very High,3.3058452,6.4551699
1257801118,Unnamed,building,4.0,Very High,3.2502978,6.4522933
1260480569,Unnamed,building,2.0,Moderate,3.2672796,6.5027837
1258702926,Unnamed,building,0.0,NoData,3.3317876,6.4199873
1257397617,Unnamed,building,3.0,High,3.252982,6.4500595
1267436865,Unnamed,building,4.0,Very High,3.2104774,6.4543975
1258636476,Unnamed,building,3.0,High,3.2792879,6.467609
1276225338,Unnamed,building,4.0,Very High,3.2935825,6.4992535
1260594262,Unnamed,building,4.0,Very High,3.2506984,6.512471
1258636379,Unnamed,building,2.0,Moderate,3.2783692,6.4662205
1275509201,Unnamed,building,0.0,NoData,3.2875029,6.5229391
1258684367,Unnamed,building,2.0,Moderate,3.2591465,6.4555523
1258710939,Unnamed,building,2.0,Moderate,3.3024246,6.4428735
1267573034,Unnamed,building,3.0,High,3.2287042,6.4540116
1275567431,Unnamed,building,0.0,NoData,3.3077938,6.5250193
1258023922,Unnamed,building,4.0,Very High,3.2924302,6.4644931
1257892307,Unnamed,building,3.0,High,3.2832653,6.4651866
1258808410,Unnamed,building,4.0,Very High,3.3302777,6.4183515
1258026919,Unnamed,building,4.0,Very High,3.2411798,6.4546148
1276253414,Unnamed,building,4.0,Very High,3.2953796,6.4930882
1258596279,Unnamed,building,3.0,High,3.2778579,6.470334
1275699732,Unnamed,building,4.0,Very High,3.2974208,6.5190791
1257412192,Unnamed,building,3.0,High,3.2834812,6.4514088
1285751748,Unnamed,building,2.0,Moderate,3.3567392,6.4161821
1259658783,Unnamed,building,2.0,Moderate,3.2515776,6.5153116
1262529805,Unnamed,building,4.0,Very High,3.2625943,6.5166198
1258717196,Unnamed,building,4.0,Very High,3.2791108,6.4578658
1257572140,Unnamed,building,3.0,High,3.2979383,6.4665519
1257785238,Unnamed,building,2.0,Moderate,3.290885,6.4743111
1257750993,Unnamed,building,4.0,Very High,3.2579935,6.4453703
1258239675,Unnamed,building,2.0,Moderate,3.2746629,6.4735611
1257798657,Unnamed,building,3.0,High,3.2869985,6.4709884
1258447135,Unnamed,building,3.0,High,3.2926558,6.4550714
1262181619,Unnamed,building,3.0,High,3.2775084,6.5174323
1276248165,Unnamed,building,3.0,High,3.307221,6.4968184
1258829357,Unnamed,building,0.0,NoData,3.2527915,6.4057206
1257605214,Unnamed,building,3.0,High,3.2353885,6.4567569
1262103615,Unnamed,building,3.0,High,3.2314751,6.5055958
1259532774,Unnamed,building,3.0,High,3.2522968,6.5091028
1262911003,Unnamed,building,1.0,Low,3.2667646,6.5042052
1258596526,Unnamed,building,4.0,Very High,3.2329566,6.445924
1263653242,Unnamed,building,4.0,Very High,3.2484943,6.452802
1263201041,Unnamed,building,4.0,Very High,3.2471054,6.50821
1259652693,Unnamed,building,4.0,Very High,3.2577485,6.5102938
1267732982,Unnamed,building,2.0,Moderate,3.2228288,6.44709
1262553971,Unnamed,building,2.0,Moderate,3.2313241,6.5065107
1257999073,Unnamed,building,4.0,Very High,3.3046895,6.4400877
1258018289,Unnamed,building,4.0,Very High,3.2984474,6.4730816
995242895,Unnamed,building,3.0,High,3.3221424,6.4182297
1083910669,Unnamed,building,3.0,High,3.2216661,6.4416515
1258824336,Unnamed,building,2.0,Moderate,3.2511721,6.4215172
1257366026,Unnamed,building,4.0,Very High,3.2908717,6.4493333
1262210932,Unnamed,building,1.0,Low,3.2410756,6.5141915
1263457245,Unnamed,building,1.0,Low,3.2748522,6.5208509
1258708020,Unnamed,building,0.0,NoData,3.31666,6.4504814
1262199451,Unnamed,building,1.0,Low,3.289637,6.504941
1268709406,Unnamed,building,4.0,Very High,3.2808588,6.4984447
1257482441,Unnamed,building,2.0,Moderate,3.2899291,6.4695352
1263772329,Unnamed,building,4.0,Very High,3.2844853,6.4997301
1261860356,Unnamed,building,2.0,Moderate,3.2263749,6.5139502
1258532563,Unnamed,building,0.0,NoData,3.2666208,6.4059956
1258716520,Unnamed,building,3.0,High,3.2826065,6.4553106
1263250005,Unnamed,building,2.0,Moderate,3.2379894,6.5122757
1258717147,Unnamed,building,3.0,High,3.2782666,6.4593725
1258026973,Unnamed,building,4.0,Very High,3.2429447,6.4555036
1260681256,Unnamed,building,4.0,Very High,3.250972,6.5179543
1259705779,Unnamed,building,1.0,Low,3.2449234,6.5114554
1276411940,Unnamed,building,3.0,High,3.3025578,6.496119
1258549250,Unnamed,building,0.0,NoData,3.2006983,6.4180743
1257855841,Unnamed,building,4.0,Very High,3.2521112,6.4335827
1262787286,Unnamed,building,4.0,Very High,3.2613525,6.5192827
1262949759,Unnamed,building,4.0,Very High,3.2524993,6.5130835
1258824290,Unnamed,building,1.0,Low,3.2493298,6.4217405
1257577715,Unnamed,building,3.0,High,3.2841429,6.4851526
1257811170,Unnamed,building,4.0,Very High,3.2463076,6.4534161
1257427676,Unnamed,building,3.0,High,3.2670036,6.4376531
1257814578,Unnamed,building,4.0,Very High,3.2659303,6.4463829
1276367676,Unnamed,building,3.0,High,3.2995719,6.5059563
1277842388,Unnamed,building,3.0,High,3.2921642,6.4837602
1257417251,Unnamed,building,3.0,High,3.2766021,6.4480137
1258391668,Unnamed,building,2.0,Moderate,3.2727857,6.4221164
1263018587,Unnamed,building,2.0,Moderate,3.2578022,6.4976094
1257386358,Unnamed,building,1.0,Low,3.2711534,6.4403146
1257556544,Unnamed,building,4.0,Very High,3.2555564,6.470525
1263687332,Unnamed,building,2.0,Moderate,3.2372371,6.5153303
1258452465,Unnamed,building,2.0,Moderate,3.3137829,6.4201638
1263249925,Unnamed,building,3.0,High,3.2378184,6.5130396
1262968879,Unnamed,building,4.0,Very High,3.2546406,6.5169883
1276366740,Unnamed,building,1.0,Low,3.2917698,6.4917131
1257455664,Unnamed,building,3.0,High,3.262894,6.4363398
1267619342,Unnamed,building,3.0,High,3.2122725,6.4533905
1267750671,Unnamed,building,0.0,NoData,3.1977236,6.4055991
1276187989,Unnamed,building,3.0,High,3.2961464,6.5055896
1258461852,Unnamed,building,0.0,NoData,3.3230884,6.4443027
1257869621,Unnamed,building,3.0,High,3.3097034,6.4454612
1257625428,Unnamed,building,4.0,Very High,3.2664747,6.4506201
1261388888,Unnamed,building,3.0,High,3.249216,6.501299
1260681403,Unnamed,building,4.0,Very High,3.2509068,6.5174256
1258055583,Unnamed,building,4.0,Very High,3.2799575,6.4577112
1276259167,Unnamed,building,4.0,Very High,3.3002588,6.4964252
1260588042,Unnamed,building,1.0,Low,3.2407782,6.5146908
1275187849,Unnamed,building,1.0,Low,3.3042224,6.5040349
1258695118,Unnamed,building,2.0,Moderate,3.2811871,6.4548391
1257959714,Unnamed,building,4.0,Very High,3.3002842,6.4815908
1267790280,Unnamed,building,2.0,Moderate,3.2314391,6.4588634
1259669500,Unnamed,building,0.0,NoData,3.2492829,6.5231194
1257810152,Unnamed,building,4.0,Very High,3.2434445,6.4529316
1268741569,Unnamed,building,3.0,High,3.2723226,6.503313
1263532914,Unnamed,building,3.0,High,3.2781876,6.5022402
1257523138,Unnamed,building,4.0,Very High,3.277451,6.4790409
1260528901,Unnamed,building,3.0,High,3.2636218,6.4987791
1257425578,Unnamed,building,3.0,High,3.2819813,6.4487064
1275579116,Unnamed,building,3.0,High,3.2998698,6.5128325
1257902741,Unnamed,building,4.0,Very High,3.2686675,6.4458359
1267794777,Unnamed,building,2.0,Moderate,3.2974458,6.4719481
1257413805,Unnamed,building,4.0,Very High,3.2818054,6.4399811
1258199954,Unnamed,building,1.0,Low,3.2496388,6.4724752
1260642524,Unnamed,building,2.0,Moderate,3.2708268,6.5143321
1258515628,Unnamed,building,0.0,NoData,3.2603563,6.4057362
1258449682,Unnamed,building,4.0,Very High,3.278427,6.4827506
1262187619,Unnamed,building,1.0,Low,3.2468836,6.5100134
1257583869,Unnamed,building,1.0,Low,3.2550519,6.4404901
1267675004,Unnamed,building,2.0,Moderate,3.2279856,6.4496136
1263466971,Unnamed,building,2.0,Moderate,3.2755798,6.4965296
1276472271,Unnamed,building,2.0,Moderate,3.3074475,6.4938228
1285337636,Unnamed,building,2.0,Moderate,3.3603223,6.4160477
1262181604,Unnamed,building,0.0,NoData,3.2774269,6.5189134
1259630299,Unnamed,building,2.0,Moderate,3.2595228,6.5179926
1257761893,Unnamed,building,1.0,Low,3.2474846,6.4484341
617767609,Unnamed,building,2.0,Moderate,3.2652632,6.4229082
1258632644,Unnamed,building,3.0,High,3.2532711,6.467596
1267709127,Unnamed,building,4.0,Very High,3.2276989,6.4748141
1258590210,Unnamed,building,4.0,Very High,3.2358643,6.4557579
1263704655,Unnamed,building,3.0,High,3.2701465,6.4971926
1261970583,Unnamed,building,4.0,Very High,3.2614166,6.5016599
1268207477,Unnamed,building,3.0,High,3.2557924,6.5189332
1275302317,Unnamed,building,0.0,NoData,3.310608,6.527254
1257631382,Unnamed,building,4.0,Very High,3.3029801,6.4477511
1275892961,Unnamed,building,4.0,Very High,3.3024575,6.5116021
1266827388,Unnamed,building,4.0,Very High,3.3209369,6.4175306
1258403400,Unnamed,building,4.0,Very High,3.2983065,6.4559182
1257600030,Unnamed,building,2.0,Moderate,3.2719673,6.4372278
1258449953,Unnamed,building,3.0,High,3.2806135,6.4851577
1257593256,Unnamed,building,0.0,NoData,3.306699,6.4672198
1267045653,Unnamed,building,2.0,Moderate,3.261338,6.4591097
1266410107,Unnamed,building,4.0,Very High,3.2762332,6.4787147
1257764529,Unnamed,building,3.0,High,3.2939014,6.4568129
1268609288,Unnamed,building,4.0,Very High,3.2440249,6.4995787
1257583752,Unnamed,building,2.0,Moderate,3.2571222,6.4397276
1266771919,Unnamed,building,2.0,Moderate,3.2649555,6.4334401
1258388778,Unnamed,building,2.0,Moderate,3.2687791,6.4218245
1257979981,Unnamed,building,2.0,Moderate,3.290818,6.4641267
1261666176,Unnamed,building,4.0,Very High,3.2636026,6.5201525
1257482427,Unnamed,building,1.0,Low,3.2890996,6.4691477
1262839231,Unnamed,building,1.0,Low,3.2335202,6.5166104
1257784111,Unnamed,building,4.0,Very High,3.2558704,6.448109
1276356672,Unnamed,building,3.0,High,3.2948644,6.4925077
1258373584,Unnamed,building,1.0,Low,3.2627355,6.4626602
1267619394,Unnamed,building,4.0,Very High,3.2120763,6.4527713
1257599917,Unnamed,building,4.0,Very High,3.2733224,6.4353909
1260679691,Unnamed,building,3.0,High,3.2462126,6.5081649
1260766227,Unnamed,building,3.0,High,3.2701021,6.5118668
1276248139,Unnamed,building,3.0,High,3.3069866,6.4957344
1258689718,Unnamed,building,4.0,Very High,3.2365636,6.457427
1257630549,Unnamed,building,4.0,Very High,3.258357,6.4360686
1258029810,Unnamed,building,3.0,High,3.2915019,6.4651639
1257401937,Unnamed,building,4.0,Very High,3.2641875,6.4399222
1276421765,Unnamed,building,0.0,NoData,3.3095907,6.5003841
1257790464,Unnamed,building,4.0,Very High,3.2608495,6.4424099
1258261738,Unnamed,building,2.0,Moderate,3.2589828,6.4632164
1258603984,Unnamed,building,1.0,Low,3.2512145,6.4589051
1275728108,Unnamed,building,2.0,Moderate,3.3066313,6.5160937
1263275145,Unnamed,building,2.0,Moderate,3.2309476,6.5130335
1268661742,Unnamed,building,2.0,Moderate,3.2725912,6.5205045
1262772962,Unnamed,building,4.0,Very High,3.2675611,6.514849
1263018494,Unnamed,building,4.0,Very High,3.2591267,6.4980652
1257845645,Unnamed,building,4.0,Very High,3.2451375,6.4648608
1262178240,Unnamed,building,4.0,Very High,3.2833461,6.5055195
1276158522,Unnamed,building,3.0,High,3.2954288,6.5064299
1259679303,Unnamed,building,4.0,Very High,3.2444428,6.5212979
1272735561,Unnamed,building,3.0,High,3.2261935,6.443535
1276514568,Unnamed,building,4.0,Very High,3.2906647,6.4858038
1259727350,Unnamed,building,0.0,NoData,3.2214747,6.5228745
1267784535,Unnamed,building,4.0,Very High,3.2254847,6.4417895
1258016280,Unnamed,building,4.0,Very High,3.2466852,6.4683139
1257424382,Unnamed,building,3.0,High,3.2614412,6.4508782
1260594472,Unnamed,building,3.0,High,3.250284,6.5139485
1263452965,Unnamed,building,4.0,Very High,3.2820019,6.502608
1258327373,Unnamed,building,4.0,Very High,3.2583537,6.4594443
1257794316,Unnamed,building,2.0,Moderate,3.2723238,6.4678762
1261892351,Unnamed,building,2.0,Moderate,3.2238761,6.5169815
1258601801,Unnamed,building,4.0,Very High,3.2492479,6.4626548
1262178204,Unnamed,building,3.0,High,3.2848205,6.503841
1267706197,Unnamed,building,4.0,Very High,3.2172494,6.4419496
1263431454,Unnamed,building,4.0,Very High,3.240442,6.5023215
1272821567,Unnamed,building,0.0,NoData,3.2774535,6.5213355
1263407855,Unnamed,building,2.0,Moderate,3.2804518,6.5057043
1259329765,Unnamed,building,3.0,High,3.2732748,6.5001102
1268611604,Unnamed,building,4.0,Very High,3.2479337,6.5008732
1267746235,Unnamed,building,3.0,High,3.2145601,6.4461498
1276421798,Unnamed,building,0.0,NoData,3.3099767,6.4986263
1263470538,Unnamed,building,1.0,Low,3.2495304,6.4981396
1258461855,Unnamed,building,0.0,NoData,3.3223566,6.4440239
1276000390,Unnamed,building,2.0,Moderate,3.2983563,6.5133348
1267033233,Unnamed,building,3.0,High,3.2998072,6.4765548
1263275116,Unnamed,building,4.0,Very High,3.2323833,6.5138059
1260529044,Unnamed,building,3.0,High,3.263409,6.4999054
1257402813,Unnamed,building,2.0,Moderate,3.2685477,6.4480845
1262941097,Unnamed,building,1.0,Low,3.2675418,6.5065868
1258256452,Unnamed,building,4.0,Very High,3.2790081,6.4622364
1257417261,Unnamed,building,3.0,High,3.2763774,6.4482697
1257790480,Unnamed,building,4.0,Very High,3.2608416,6.4428629
1258716509,Unnamed,building,3.0,High,3.2826211,6.4550061
1267538555,Unnamed,building,4.0,Very High,3.2139384,6.4576017
1258280970,Unnamed,building,2.0,Moderate,3.2305344,6.4471479
1258247983,Unnamed,building,3.0,High,3.2643239,6.4462177
1263527790,Unnamed,building,4.0,Very High,3.252082,6.4974347
1275728081,Unnamed,building,3.0,High,3.3053982,6.5166636
1260550628,Unnamed,building,3.0,High,3.2447313,6.5004438
1257417306,Unnamed,building,2.0,Moderate,3.2744323,6.4481758
1276472206,Unnamed,building,2.0,Moderate,3.3071696,6.4930489
1267538114,Unnamed,building,1.0,Low,3.2295381,6.4616237
1258208580,Unnamed,building,3.0,High,3.2449834,6.4728341
1257876445,Unnamed,building,3.0,High,3.2558173,6.4321473
1275733504,Unnamed,building,3.0,High,3.2927063,6.5161397
1271990373,Unnamed,building,0.0,NoData,3.277918,6.520657
1267698540,Unnamed,building,3.0,High,3.2256913,6.4488674
1267568768,Unnamed,building,2.0,Moderate,3.2185296,6.4579164
1257784009,Unnamed,building,3.0,High,3.2569327,6.4465442
1262670235,Unnamed,building,4.0,Very High,3.2477862,6.4974508
1257980867,Unnamed,building,1.0,Low,3.2550427,6.4650713
1263434515,Unnamed,building,3.0,High,3.23857,6.5011903
1257613946,Unnamed,building,2.0,Moderate,3.2853629,6.4781746
1262940925,Unnamed,building,4.0,Very High,3.2662764,6.5082711
1258659088,Unnamed,building,3.0,High,3.2879109,6.4645302
1258547590,Unnamed,building,4.0,Very High,3.2861554,6.4569761
1258368421,Unnamed,building,3.0,High,3.2718187,6.4616872
1257922307,Unnamed,building,2.0,Moderate,3.2909824,6.4816352
1267521542,Unnamed,building,4.0,Very High,3.2196208,6.4548667
1268123324,Unnamed,building,4.0,Very High,3.2988846,6.4687375
653102232,Unnamed,building,4.0,Very High,3.2242971,6.4634452
995753230,Unnamed,building,3.0,High,3.3300676,6.4181584
1258418536,Unnamed,building,3.0,High,3.2933989,6.471461
1263726970,Unnamed,building,3.0,High,3.263932,6.494714
1262874985,Unnamed,building,4.0,Very High,3.2732579,6.5192319
1260681349,Unnamed,building,2.0,Moderate,3.2496605,6.5197659
1258560360,Unnamed,building,4.0,Very High,3.2383999,6.4409753
1257470928,Unnamed,building,2.0,Moderate,3.2628253,6.447649
617767615,Unnamed,building,2.0,Moderate,3.2649801,6.4233752
1258287022,Unnamed,building,4.0,Very High,3.2723545,6.4748418
1267662541,Unnamed,building,3.0,High,3.2231563,6.4718094
1267775860,Unnamed,building,3.0,High,3.2227661,6.4427637
1258368397,Unnamed,building,3.0,High,3.2723932,6.4617001
1258708060,Unnamed,building,4.0,Very High,3.3162905,6.4491438
1258039408,Unnamed,building,4.0,Very High,3.2932476,6.4522768
1257566817,Unnamed,building,3.0,High,3.2978337,6.4663555
1260529056,Unnamed,building,4.0,Very High,3.2633073,6.5002959
1258179113,Unnamed,building,3.0,High,3.2495768,6.4744836
1267009416,Unnamed,building,4.0,Very High,3.2491733,6.4613874
1263527873,Unnamed,building,2.0,Moderate,3.2537134,6.4968712
1258261800,Unnamed,building,2.0,Moderate,3.2580246,6.4639114
1257759116,Unnamed,building,4.0,Very High,3.2602948,6.4461058
1260748763,Unnamed,building,0.0,NoData,3.2537586,6.5221511
1257992530,Unnamed,building,0.0,NoData,3.2373085,6.4177729
1259804210,Unnamed,building,2.0,Moderate,3.2707254,6.5011213
1258621274,Unnamed,building,3.0,High,3.2737702,6.4695233
1258705740,Unnamed,building,3.0,High,3.2889696,6.4545746
1257814728,Unnamed,building,3.0,High,3.2670616,6.4481451
1257386361,Unnamed,building,3.0,High,3.2705148,6.4406645
1260612067,Unnamed,building,2.0,Moderate,3.2419753,6.5158715
1262367805,Unnamed,building,4.0,Very High,3.2446626,6.4963461
1267746208,Unnamed,building,0.0,NoData,3.2146042,6.4457634
1263179591,Unnamed,building,0.0,NoData,3.2317921,6.5229945
1260633840,Unnamed,building,4.0,Very High,3.2465108,6.515279
1257504801,Unnamed,building,4.0,Very High,3.3049395,6.4747635
1276125979,Unnamed,building,4.0,Very High,3.2963322,6.5097106
1258437997,Unnamed,building,2.0,Moderate,3.26328,6.4593598
1275527257,Unnamed,building,2.0,Moderate,3.2934788,6.5216425
1262183216,Unnamed,building,0.0,NoData,3.2344323,6.5235895
1258677604,Unnamed,building,0.0,NoData,3.274754,6.4056491
1257771669,Unnamed,building,2.0,Moderate,3.3091308,6.4478407
1258244754,Unnamed,building,3.0,High,3.2857149,6.4578474
1258636530,Unnamed,building,3.0,High,3.2767921,6.4680472
1276498321,Unnamed,building,3.0,High,3.3044355,6.4882848
1257996635,Unnamed,building,4.0,Very High,3.2575436,6.4604965
1261987354,Unnamed,building,4.0,Very High,3.2623605,6.5030254
1262968070,Unnamed,building,3.0,High,3.2704245,6.5042574
1258312784,Unnamed,building,1.0,Low,3.2592776,6.4604144
1262875007,Unnamed,building,3.0,High,3.2723299,6.5186084
1266490922,Unnamed,building,0.0,NoData,3.257452,6.4281447
1258193956,Unnamed,building,2.0,Moderate,3.2452694,6.4736937
1257774516,Unnamed,building,2.0,Moderate,3.2619144,6.4463884
1258575520,Unnamed,building,2.0,Moderate,3.2325591,6.4443136
1262231273,Unnamed,building,3.0,High,3.2384199,6.5130908
1276514530,Unnamed,building,3.0,High,3.2926639,6.485057
1262834217,Unnamed,building,0.0,NoData,3.2799507,6.5187524
1259778586,Unnamed,building,4.0,Very High,3.2342181,6.5221897
1262903434,Unnamed,building,4.0,Very High,3.2472831,6.5155755
1258180566,Unnamed,building,3.0,High,3.2626903,6.4519987
1257504878,Unnamed,building,4.0,Very High,3.3044825,6.4743905
1257954150,Unnamed,building,4.0,Very High,3.2531329,6.4435484
1261797159,Unnamed,building,1.0,Low,3.2268938,6.5086701
1261949833,Unnamed,building,0.0,NoData,3.2225866,6.5235887
1257496238,Unnamed,building,3.0,High,3.2519011,6.4732844
1267511754,Unnamed,building,2.0,Moderate,3.2180828,6.4567506
1267875485,Unnamed,building,4.0,Very High,3.2854897,6.4654251
1257582063,Unnamed,building,0.0,NoData,3.3061,6.4719472
1262056476,Unnamed,building,4.0,Very High,3.263497,6.5112433
1257599295,Unnamed,building,4.0,Very High,3.2397656,6.4529258
1262367770,Unnamed,building,4.0,Very High,3.2439082,6.4960136
1257605231,Unnamed,building,3.0,High,3.2328794,6.4565271
1258441481,Unnamed,building,3.0,High,3.2517684,6.4403695
1275785545,Unnamed,building,2.0,Moderate,3.3049288,6.5131985
1260539943,Unnamed,building,3.0,High,3.2586807,6.4995746
1257529069,Unnamed,building,3.0,High,3.2919037,6.4772378
1263275048,Unnamed,building,3.0,High,3.2320693,6.513357
1275664311,Unnamed,building,4.0,Very High,3.305778,6.5176043
1258373447,Unnamed,building,4.0,Very High,3.2627504,6.4605448
1267669750,Unnamed,building,4.0,Very High,3.2249358,6.4666686
1257397609,Unnamed,building,4.0,Very High,3.2525464,6.449324
1267309966,Unnamed,building,4.0,Very High,3.2200967,6.4929535
1260662815,Unnamed,building,4.0,Very High,3.2474713,6.5189227
1258621093,Unnamed,building,3.0,High,3.2833949,6.4726357
1259174308,Unnamed,building,4.0,Very High,3.2571308,6.5201677
1260539951,Unnamed,building,3.0,High,3.258268,6.4999391
1258146503,Unnamed,building,3.0,High,3.2683151,6.4322366
670589979,Unnamed,building,0.0,NoData,3.2548277,6.4242582
1261892660,Unnamed,building,4.0,Very High,3.2489166,6.5216528
1261830956,Unnamed,building,0.0,NoData,3.2212103,6.514305
1262605837,Unnamed,building,3.0,High,3.2711489,6.5152802
1275546398,Unnamed,building,1.0,Low,3.3073347,6.5224566
1258193685,Unnamed,building,2.0,Moderate,3.2490919,6.4737021
1259319343,Unnamed,building,3.0,High,3.2771729,6.5004711
1262580715,Unnamed,building,3.0,High,3.2427799,6.5015921
1257475343,Unnamed,building,4.0,Very High,3.2607302,6.4485816
1257412101,Unnamed,building,4.0,Very High,3.305644,6.4568591
1261810614,Unnamed,building,2.0,Moderate,3.2557314,6.5184704
1259804265,Unnamed,building,3.0,High,3.2690563,6.5019768
1257519519,Unnamed,building,3.0,High,3.2552924,6.4503793
1262885693,Unnamed,building,4.0,Very High,3.2745695,6.5148434
1259507814,Unnamed,building,3.0,High,3.2535992,6.4883649
1257992555,Unnamed,building,2.0,Moderate,3.2328061,6.4206283
732319173,Unnamed,building,2.0,Moderate,3.2847865,6.4567349
1257861078,Unnamed,building,4.0,Very High,3.3140417,6.4410705
1258177978,Unnamed,building,3.0,High,3.2886538,6.4732581
1276256139,Unnamed,building,4.0,Very High,3.3001341,6.4932742
1267700428,Unnamed,building,2.0,Moderate,3.2218552,6.45757
1276421394,Unnamed,building,2.0,Moderate,3.3017125,6.4939741
1258615947,Unnamed,building,0.0,NoData,3.2471147,6.4220791
1258403231,Unnamed,building,4.0,Very High,3.2982816,6.4568945
1259679354,Unnamed,building,3.0,High,3.2458821,6.5213105
1257765136,Unnamed,building,2.0,Moderate,3.3077125,6.4467908
1257513052,Unnamed,building,2.0,Moderate,3.262987,6.4415288
1257471017,Unnamed,building,2.0,Moderate,3.2627102,6.4486576
1257478085,Unnamed,building,4.0,Very High,3.269941,6.4430617
1258901653,Unnamed,building,4.0,Very High,3.2243954,6.4406805
1275735581,Unnamed,building,2.0,Moderate,3.2937015,6.5168474
1257509269,Unnamed,building,3.0,High,3.2762478,6.4576015
1257809359,Unnamed,building,4.0,Very High,3.2772634,6.4578802
1261398863,Unnamed,building,3.0,High,3.255609,6.5033604
1268382812,Unnamed,building,1.0,Low,3.2904288,6.505214
1261818615,Unnamed,building,4.0,Very High,3.2535999,6.5187877
1285920546,Unnamed,building,3.0,High,3.360994,6.4165595
1260554532,Unnamed,building,3.0,High,3.2829606,6.508334
1272175278,Unnamed,building,3.0,High,3.2551693,6.5150071
1261977207,Unnamed,building,3.0,High,3.2621126,6.501984
1257992523,Unnamed,building,0.0,NoData,3.2360803,6.4176353
1258581250,Unnamed,building,3.0,High,3.2361509,6.4382444
1275944264,Unnamed,building,2.0,Moderate,3.2989323,6.50715
1275944309,Unnamed,building,4.0,Very High,3.3010925,6.5082302
1276366785,Unnamed,building,4.0,Very High,3.2911309,6.4903496
1257996745,Unnamed,building,4.0,Very High,3.2548154,6.4599201
1263118092,Unnamed,building,3.0,High,3.2750658,6.5178767
815640017,Unnamed,building,3.0,High,3.2405687,6.4991654
1259646443,Unnamed,building,2.0,Moderate,3.2580829,6.5140903
670590017,Unnamed,building,4.0,Very High,3.2558187,6.4225166
1263657175,Unnamed,building,2.0,Moderate,3.2793307,6.4960636
1260554506,Unnamed,building,4.0,Very High,3.2838926,6.5064835
1276320415,Unnamed,building,0.0,NoData,3.3083845,6.5026921
1257789025,Unnamed,building,4.0,Very High,3.2878685,6.4843422
1260626983,Unnamed,building,2.0,Moderate,3.241169,6.5102678
1262122385,Unnamed,building,3.0,High,3.2614656,6.5096153
1257811205,Unnamed,building,4.0,Very High,3.2460155,6.4525951
1258030382,Unnamed,building,3.0,High,3.2814639,6.4668113
1257994922,Unnamed,building,2.0,Moderate,3.2336881,6.4722711
1275766798,Unnamed,building,4.0,Very High,3.3025648,6.5143042
1258068840,Unnamed,building,3.0,High,3.279969,6.472887
670560567,Unnamed,building,3.0,High,3.2523399,6.422323
1266534434,Unnamed,building,0.0,NoData,3.2607021,6.4236458
1261388779,Unnamed,building,3.0,High,3.2468521,6.5029137
1258836069,Unnamed,building,4.0,Very High,3.3179688,6.4227011
1276208992,Unnamed,building,3.0,High,3.2917033,6.5011225
1272440543,Unnamed,building,3.0,High,3.2265251,6.4436015
1259507857,Unnamed,building,3.0,High,3.2547044,6.4875402
1262932249,Unnamed,building,2.0,Moderate,3.2533328,6.5122089
1258581487,Unnamed,building,2.0,Moderate,3.2351563,6.4433644
1258269665,Unnamed,building,3.0,High,3.275061,6.4372241
1262535679,Unnamed,building,1.0,Low,3.2735812,6.5202248
1263710310,Unnamed,building,1.0,Low,3.2657539,6.4963111
1267448143,Unnamed,building,3.0,High,3.2153336,6.4520758
1257774563,Unnamed,building,3.0,High,3.2627863,6.4449344
1262987240,Unnamed,building,3.0,High,3.2729931,6.5131458
1260748785,Unnamed,building,4.0,Very High,3.2531863,6.5201753
1257794132,Unnamed,building,4.0,Very High,3.2726745,6.4662981
1257833175,Unnamed,building,2.0,Moderate,3.2734588,6.4449873
1261666322,Unnamed,building,0.0,NoData,3.2643641,6.5221344
1262773053,Unnamed,building,4.0,Very High,3.2675069,6.5154105
1258447699,Unnamed,building,1.0,Low,3.309589,6.4412458
1262179509,Unnamed,building,3.0,High,3.2376845,6.5002558
1276411931,Unnamed,building,3.0,High,3.3031124,6.4964828
1262166303,Unnamed,building,4.0,Very High,3.2766222,6.5170899
1258152906,Unnamed,building,1.0,Low,3.2838057,6.4435641
1257810028,Unnamed,building,2.0,Moderate,3.3102254,6.4394314
1263644185,Unnamed,building,3.0,High,3.2357673,6.5215333
1267487819,Unnamed,building,3.0,High,3.2946726,6.4591551
1257418871,Unnamed,building,4.0,Very High,3.3042687,6.4577722
995255534,Unnamed,building,4.0,Very High,3.3236901,6.4187223
1258193760,Unnamed,building,1.0,Low,3.2509514,6.4758893
1258394275,Unnamed,building,4.0,Very High,3.2793749,6.4629553
1257628048,Unnamed,building,2.0,Moderate,3.2903406,6.4483187
1258237685,Unnamed,building,4.0,Very High,3.2474229,6.4672503
1257517839,Unnamed,building,3.0,High,3.2549576,6.4295075
1257965594,Unnamed,building,1.0,Low,3.2933285,6.4740311
1258569366,Unnamed,building,2.0,Moderate,3.2791253,6.4639045
1276433224,Unnamed,building,3.0,High,3.2977796,6.4859522
1263682642,Unnamed,building,2.0,Moderate,3.2788194,6.4963969
1267310048,Unnamed,building,3.0,High,3.2214493,6.4955086
1257926708,Unnamed,building,2.0,Moderate,3.2836329,6.4744728
1258180612,Unnamed,building,3.0,High,3.2625566,6.4531978
1262787167,Unnamed,building,2.0,Moderate,3.2605538,6.5180784
1259653189,Unnamed,building,3.0,High,3.2435727,6.4975294
1257641582,Unnamed,building,4.0,Very High,3.2525126,6.4400958
1266827375,Unnamed,building,2.0,Moderate,3.3218156,6.4188
1137584389,Unnamed,building,2.0,Moderate,3.3048127,6.5003188
1267630516,Unnamed,building,3.0,High,3.2303605,6.4550239
1275548545,Unnamed,building,0.0,NoData,3.2875233,6.5224588
1276411901,Unnamed,building,4.0,Very High,3.3031122,6.4980123
1258447773,Unnamed,building,4.0,Very High,3.307491,6.4409151
1275689203,Unnamed,building,4.0,Very High,3.303898,6.5190073
1257774600,Unnamed,building,4.0,Very High,3.2620794,6.4444875
1276217457,Unnamed,building,4.0,Very High,3.3040034,6.4994557
1257801098,Unnamed,building,4.0,Very High,3.2504234,6.4531024
995903145,Unnamed,building,2.0,Moderate,3.3250386,6.4183636
1258247791,Unnamed,building,3.0,High,3.2637864,6.4444229
1267541139,Unnamed,building,3.0,High,3.2239083,6.4616509
1276139356,Unnamed,building,4.0,Very High,3.2983297,6.5072256
1261970560,Unnamed,building,3.0,High,3.2609471,6.5021839
1257771660,Unnamed,building,3.0,High,3.3081099,6.448966
1257886391,Unnamed,building,1.0,Low,3.2758633,6.4348094
1268617424,Unnamed,building,3.0,High,3.2505011,6.5008283
1268118414,Unnamed,building,2.0,Moderate,3.2986446,6.4691179
1261949761,Unnamed,building,0.0,NoData,3.2229554,6.523687
1258027051,Unnamed,building,4.0,Very High,3.2417148,6.4552021
1263249969,Unnamed,building,2.0,Moderate,3.2357267,6.513895
1258426165,Unnamed,building,4.0,Very High,3.301747,6.4405375
1263697697,Unnamed,building,2.0,Moderate,3.2649763,6.4971758
1275726586,Unnamed,building,3.0,High,3.2944474,6.5181061
1276794286,Unnamed,building,3.0,High,3.3045555,6.5066239
1258801618,Unnamed,building,4.0,Very High,3.2529737,6.4152243
1257866809,Unnamed,building,1.0,Low,3.2728679,6.4436386
1276361718,Unnamed,building,3.0,High,3.3090563,6.4923326
1275766705,Unnamed,building,3.0,High,3.3039767,6.5141021
1258447117,Unnamed,building,2.0,Moderate,3.2923754,6.4559229
1257818497,Unnamed,building,4.0,Very High,3.2826832,6.458557
1263699505,Unnamed,building,2.0,Moderate,3.2591342,6.4945671
1263176054,Unnamed,building,2.0,Moderate,3.2698946,6.4916875
1261400066,Unnamed,building,4.0,Very High,3.2225266,6.5110571
1259652712,Unnamed,building,3.0,High,3.2595271,6.5111981
1262130122,Unnamed,building,3.0,High,3.278836,6.5118145
1258651079,Unnamed,building,0.0,NoData,3.2543483,6.428819
1263484640,Unnamed,building,3.0,High,3.2757812,6.5048312
1260633688,Unnamed,building,3.0,High,3.2455889,6.5147675
1258659069,Unnamed,building,3.0,High,3.287965,6.4643414
1263724522,Unnamed,building,2.0,Moderate,3.2826187,6.5113
1263747970,Unnamed,building,1.0,Low,3.2511209,6.4825673
1258621097,Unnamed,building,3.0,High,3.2835574,6.472735
1258714795,Unnamed,building,0.0,NoData,3.3311484,6.4191844
1259658660,Unnamed,building,2.0,Moderate,3.2503202,6.5146557
1258451133,Unnamed,building,0.0,NoData,3.2915896,6.407463
1257386398,Unnamed,building,2.0,Moderate,3.269811,6.4401344
1275491912,Unnamed,building,4.0,Very High,3.3051117,6.5242375
1261799193,Unnamed,building,4.0,Very High,3.2229806,6.5079958
1262188805,Unnamed,building,4.0,Very High,3.2909976,6.5064419
1257613890,Unnamed,building,2.0,Moderate,3.2859114,6.4781313
1258702950,Unnamed,building,0.0,NoData,3.3334399,6.4211193
1267722770,Unnamed,building,0.0,NoData,3.1985927,6.4500075
1258122972,Unnamed,building,4.0,Very High,3.2702633,6.4670991
1258686036,Unnamed,building,3.0,High,3.2991414,6.4555005
1258824959,Unnamed,building,0.0,NoData,3.2554887,6.4060839
1259497538,Unnamed,building,4.0,Very High,3.2605449,6.5073584
1257613795,Unnamed,building,4.0,Very High,3.2861696,6.4768196
1258229282,Unnamed,building,2.0,Moderate,3.2472245,6.4779549
1263654201,Unnamed,building,3.0,High,3.2811129,6.513516
1257892180,Unnamed,building,3.0,High,3.2822224,6.4636494
1257789181,Unnamed,building,3.0,High,3.3039243,6.4563737
1258442520,Unnamed,building,3.0,High,3.2697925,6.4768878
1263726959,Unnamed,building,3.0,High,3.2639424,6.494296
1258952596,Unnamed,building,0.0,NoData,3.2352454,6.4050766
1262614427,Unnamed,building,2.0,Moderate,3.2610214,6.4960782
1257812350,Unnamed,building,3.0,High,3.2833309,6.4804498
1263453114,Unnamed,building,4.0,Very High,3.2820691,6.5024085
1263457182,Unnamed,building,3.0,High,3.2759082,6.5210926
1257570225,Unnamed,building,3.0,High,3.3050852,6.4636439
1257500911,Unnamed,building,4.0,Very High,3.2573029,6.4348859
1257833621,Unnamed,building,2.0,Moderate,3.3015761,6.4750801
1257541083,Unnamed,building,2.0,Moderate,3.2569914,6.4750881
1267780776,Unnamed,building,3.0,High,3.3033291,6.455267
1263532807,Unnamed,building,2.0,Moderate,3.2792781,6.5015009
1276230471,Unnamed,building,4.0,Very High,3.3033782,6.5013771
1262963704,Unnamed,building,3.0,High,3.2537651,6.504419
1261400041,Unnamed,building,3.0,High,3.2234992,6.510581
1257605310,Unnamed,building,3.0,High,3.2343819,6.4559847
1263739294,Unnamed,building,1.0,Low,3.2640157,6.4915911
1258700127,Unnamed,building,4.0,Very High,3.2953308,6.482675
1259804273,Unnamed,building,3.0,High,3.2689518,6.5014126
1257366345,Unnamed,building,4.0,Very High,3.2916294,6.4503574
1266777788,Unnamed,building,4.0,Very High,3.258186,6.4439416
1257570205,Unnamed,building,3.0,High,3.3057896,6.4639218
1263644063,Unnamed,building,4.0,Very High,3.2366801,6.5211814
1262599781,Unnamed,building,2.0,Moderate,3.2450922,6.5033442
1263176417,Unnamed,building,3.0,High,3.2504948,6.5072221
1262787223,Unnamed,building,2.0,Moderate,3.2622758,6.5199748
1257996747,Unnamed,building,4.0,Very High,3.2547786,6.4600321
1258417665,Unnamed,building,3.0,High,3.2981758,6.440333
1263147220,Unnamed,building,2.0,Moderate,3.2407231,6.5211375
1275718771,Unnamed,building,3.0,High,3.2881769,6.5177594
1267572947,Unnamed,building,3.0,High,3.2281807,6.4530005
1258631863,Unnamed,building,2.0,Moderate,3.3044153,6.4868937
1257798681,Unnamed,building,2.0,Moderate,3.2864604,6.47123
1272742986,Unnamed,building,3.0,High,3.215813,6.4514687
1267448113,Unnamed,building,3.0,High,3.2158221,6.4520477
1257809403,Unnamed,building,4.0,Very High,3.2847334,6.4542363
1276158491,Unnamed,building,3.0,High,3.294614,6.5080442
1275579093,Unnamed,building,2.0,Moderate,3.3011581,6.5127669
1258463097,Unnamed,building,0.0,NoData,3.3231271,6.4435265
1262194192,Unnamed,building,4.0,Very High,3.242648,6.513307
1261988459,Unnamed,building,3.0,High,3.2681052,6.5200331
1257838028,Unnamed,building,3.0,High,3.3013649,6.4761244
1258581303,Unnamed,building,3.0,High,3.2361834,6.4405492
1262510694,Unnamed,building,3.0,High,3.2396537,6.5104809
1259497544,Unnamed,building,3.0,High,3.2629568,6.5069693
1257427712,Unnamed,building,4.0,Very High,3.2668873,6.4358188
1257823950,Unnamed,building,4.0,Very High,3.3071073,6.461691
1276158509,Unnamed,building,4.0,Very High,3.2956003,6.5073376
1263527874,Unnamed,building,2.0,Moderate,3.2536715,6.4967964
1258368376,Unnamed,building,3.0,High,3.2727201,6.4615992
1259679292,Unnamed,building,4.0,Very High,3.2438616,6.5209679
1258894618,Unnamed,building,0.0,NoData,3.258486,6.4133632
1257402827,Unnamed,building,2.0,Moderate,3.2696463,6.4487831
1258447873,Unnamed,building,3.0,High,3.3088394,6.4419784
1263692159,Unnamed,building,3.0,High,3.2544069,6.502277
1257970284,Unnamed,building,2.0,Moderate,3.2357001,6.4528306
1257543131,Unnamed,building,2.0,Moderate,3.2517061,6.4465813
1268132172,Unnamed,building,3.0,High,3.2981415,6.4614282
1266612647,Unnamed,building,0.0,NoData,3.3224323,6.443543
1257765113,Unnamed,building,4.0,Very High,3.3070094,6.4473816
1258443028,Unnamed,building,4.0,Very High,3.2994399,6.4681852
1268106596,Unnamed,building,0.0,NoData,3.2337032,6.5226763
1272979162,Unnamed,building,0.0,NoData,3.211486,6.4577557
1258016361,Unnamed,building,4.0,Very High,3.2456959,6.4700487
1259524912,Unnamed,building,3.0,High,3.2520625,6.5009374
1262614280,Unnamed,building,2.0,Moderate,3.270322,6.5160572
1272954453,Unnamed,building,2.0,Moderate,3.2349295,6.4646075
1285920539,Unnamed,building,3.0,High,3.3605363,6.4166198
1263267402,Unnamed,building,1.0,Low,3.2342921,6.5133559
1257550841,Unnamed,building,3.0,High,3.2967179,6.46714
1257621277,Unnamed,building,3.0,High,3.2814835,6.4458689
1259370964,Unnamed,building,0.0,NoData,3.2588229,6.5225918
1259658607,Unnamed,building,2.0,Moderate,3.2493415,6.5158683
1267537719,Unnamed,building,3.0,High,3.229196,6.4562796
1276422880,Unnamed,building,3.0,High,3.3054879,6.4981104
1257988263,Unnamed,building,3.0,High,3.2724032,6.4725467
1258685137,Unnamed,building,4.0,Very High,3.2969487,6.450656
1258453260,Unnamed,building,3.0,High,3.2939775,6.4673052
1267775782,Unnamed,building,4.0,Very High,3.2235385,6.4416356
1258703046,Unnamed,building,3.0,High,3.3016569,6.4495102
1258031971,Unnamed,building,2.0,Moderate,3.2943244,6.4541239
1276182433,Unnamed,building,4.0,Very High,3.3012892,6.504535
1263692142,Unnamed,building,1.0,Low,3.2530918,6.5034367
1276514527,Unnamed,building,3.0,High,3.2928116,6.4847063
1276202316,Unnamed,building,2.0,Moderate,3.2958026,6.5020191
1272963328,Unnamed,building,2.0,Moderate,3.2272988,6.4567607
1266827380,Unnamed,building,4.0,Very High,3.3208458,6.4167756
1257869633,Unnamed,building,3.0,High,3.3107513,6.4446526
1257722920,Unnamed,building,4.0,Very High,3.2577763,6.4447337
1258636490,Unnamed,building,3.0,High,3.2770982,6.4671017
1257385637,Unnamed,building,3.0,High,3.2696669,6.4479053
1257787255,Unnamed,building,3.0,High,3.3097955,6.4484864
1263644090,Unnamed,building,3.0,High,3.2368647,6.5204107
1259424487,Unnamed,building,4.0,Very High,3.2716747,6.5022684
1257605816,Unnamed,building,4.0,Very High,3.2531658,6.4450542
1257911188,Unnamed,building,3.0,High,3.2765417,6.4439486
1083910563,Unnamed,building,2.0,Moderate,3.2193726,6.4422461
1275766739,Unnamed,building,4.0,Very High,3.3027237,6.5139079
1276139351,Unnamed,building,4.0,Very High,3.2977778,6.5073801
1267700364,Unnamed,building,2.0,Moderate,3.2238092,6.4590331
1267537373,Unnamed,building,2.0,Moderate,3.2277918,6.4770625
1258841201,Unnamed,building,0.0,NoData,3.2553931,6.411733
1259769352,Unnamed,building,3.0,High,3.2311748,6.520505
1267573024,Unnamed,building,4.0,Very High,3.228186,6.4535753
1258717190,Unnamed,building,4.0,Very High,3.2774935,6.4578759
1262553949,Unnamed,building,3.0,High,3.2324177,6.5071479
1276472237,Unnamed,building,1.0,Low,3.3078198,6.4935863
1263772361,Unnamed,building,3.0,High,3.283075,6.4986441
1260611938,Unnamed,building,2.0,Moderate,3.2422147,6.5146167
1276256075,Unnamed,building,4.0,Very High,3.3003851,6.4930335
1262130135,Unnamed,building,2.0,Moderate,3.279278,6.5126432
1257789142,Unnamed,building,4.0,Very High,3.3021515,6.4555332
1260604042,Unnamed,building,4.0,Very High,3.263706,6.518264
1257980620,Unnamed,building,3.0,High,3.2571202,6.4636807
1262911127,Unnamed,building,1.0,Low,3.2677479,6.5059999
1257911780,Unnamed,building,2.0,Moderate,3.2570107,6.4658619
1263726987,Unnamed,building,1.0,Low,3.2656629,6.4928968
1263643975,Unnamed,building,4.0,Very High,3.2370124,6.5218267
1263746977,Unnamed,building,2.0,Moderate,3.2453692,6.4836813
1257842103,Unnamed,building,2.0,Moderate,3.2727181,6.4633291
1258579446,Unnamed,building,3.0,High,3.2820982,6.4630329
1259679245,Unnamed,building,4.0,Very High,3.2441248,6.5207377
1257968443,Unnamed,building,3.0,High,3.2892508,6.4737507
1257723105,Unnamed,building,4.0,Very High,3.2547283,6.4444998
1263724449,Unnamed,building,3.0,High,3.2833765,6.5117103
1262969140,Unnamed,building,1.0,Low,3.258478,6.5021288
1260627043,Unnamed,building,3.0,High,3.2423111,6.511485
1257801779,Unnamed,building,2.0,Moderate,3.2629437,6.4482845
1263200981,Unnamed,building,3.0,High,3.2487291,6.5070129
1259769465,Unnamed,building,0.0,NoData,3.232613,6.5227667
1258582294,Unnamed,building,0.0,NoData,3.3163329,6.4029303
1258605955,Unnamed,building,0.0,NoData,3.2728629,6.405711
1263682597,Unnamed,building,4.0,Very High,3.2777934,6.4971485
1259778733,Unnamed,building,3.0,High,3.2348196,6.5205927
1285719514,Unnamed,building,3.0,High,3.3589743,6.4169774
1262787259,Unnamed,building,3.0,High,3.2628157,6.5182445
1257963705,Unnamed,building,3.0,High,3.27964,6.4539952
1257973490,Unnamed,building,2.0,Moderate,3.2885238,6.4760705
1268617395,Unnamed,building,4.0,Very High,3.2503402,6.4998838
1083910683,Unnamed,building,2.0,Moderate,3.216776,6.4429958
1275744575,Unnamed,building,2.0,Moderate,3.2914924,6.5112611
1267320378,Unnamed,building,3.0,High,3.2226922,6.4919861
1260554676,Unnamed,building,3.0,High,3.2840257,6.5076188
1258695276,Unnamed,building,1.0,Low,3.2854458,6.4535115
1263284990,Unnamed,building,3.0,High,3.2811066,6.5105957
1260594419,Unnamed,building,3.0,High,3.2516859,6.5137415
1267732913,Unnamed,building,3.0,High,3.2239699,6.4483529
1257436740,Unnamed,building,2.0,Moderate,3.2629639,6.4374027
1275886080,Unnamed,building,3.0,High,3.3073749,6.50974
1257607623,Unnamed,building,2.0,Moderate,3.2521778,6.445794
1262504132,Unnamed,building,4.0,Very High,3.2659622,6.5202403
1275689195,Unnamed,building,3.0,High,3.3038282,6.5183493
1257530634,Unnamed,building,2.0,Moderate,3.2701338,6.4738068
1260528880,Unnamed,building,3.0,High,3.2630699,6.4990769
1262428479,Unnamed,building,4.0,Very High,3.255345,6.5111998
1258333719,Unnamed,building,1.0,Low,3.2607512,6.4725255
1276193059,Unnamed,building,3.0,High,3.2994623,6.5025396
1260612110,Unnamed,building,4.0,Very High,3.2413732,6.5153907
1257648208,Unnamed,building,4.0,Very High,3.2810659,6.4780372
1258409022,Unnamed,building,3.0,High,3.2838844,6.4656228
1266529901,Unnamed,building,0.0,NoData,3.2557373,6.4237808
1257627127,Unnamed,building,4.0,Very High,3.2769313,6.4491839
1257499613,Unnamed,building,3.0,High,3.2686556,6.4367831
995061756,Unnamed,building,0.0,NoData,3.3180216,6.4162658
1267617328,Unnamed,building,3.0,High,3.2292555,6.4816119
1257488419,Unnamed,building,2.0,Moderate,3.2792366,6.4417005
1257402142,Unnamed,building,3.0,High,3.3006484,6.4472714
1263698315,Unnamed,building,3.0,High,3.2805151,6.5164727
1275426815,Unnamed,building,0.0,NoData,3.2957214,6.5231714
1260771233,Unnamed,building,4.0,Very High,3.2691196,6.519095
1262481148,Unnamed,building,2.0,Moderate,3.271088,6.5208033
1260633928,Unnamed,building,3.0,High,3.2450936,6.5148095
1258027108,Unnamed,building,4.0,Very High,3.3109489,6.4504942
1257631313,Unnamed,building,1.0,Low,3.3039373,6.4464097
1276457879,Unnamed,building,2.0,Moderate,3.3068177,6.4942865
1258508723,Unnamed,building,0.0,NoData,3.2591566,6.4057768
1260594449,Unnamed,building,3.0,High,3.2508561,6.5138258
1257556369,Unnamed,building,2.0,Moderate,3.2552905,6.4683797
1276225284,Unnamed,building,3.0,High,3.295439,6.4992133
1258797587,Unnamed,building,2.0,Moderate,3.3288567,6.4188235
1267609607,Unnamed,building,4.0,Very High,3.2240306,6.4563548
1258636364,Unnamed,building,2.0,Moderate,3.278689,6.4658982
1259679283,Unnamed,building,4.0,Very High,3.24413,6.5209811
1275520191,Unnamed,building,4.0,Very High,3.2961093,6.5207932
1262132214,Unnamed,building,1.0,Low,3.2376009,6.5062409
1267042552,Unnamed,building,1.0,Low,3.2641251,6.4651278
1257911744,Unnamed,building,2.0,Moderate,3.255527,6.4656675
1263275109,Unnamed,building,3.0,High,3.2316885,6.5139369
1266828029,Unnamed,building,3.0,High,3.2657051,6.4436362
1258767722,Unnamed,building,4.0,Very High,3.3219682,6.4343017
1259329910,Unnamed,building,3.0,High,3.2723702,6.5003933
1263175119,Unnamed,building,2.0,Moderate,3.2609683,6.4951715
1259532749,Unnamed,building,3.0,High,3.2534169,6.5085501
1258640930,Unnamed,building,4.0,Very High,3.3184748,6.4419397
1262540109,Unnamed,building,4.0,Very High,3.2275421,6.5070334
1263711067,Unnamed,building,3.0,High,3.2830741,6.5135777
1257478894,Unnamed,building,3.0,High,3.2492126,6.4770893
1270837965,Unnamed,building,4.0,Very High,3.2853061,6.5112298
1268123353,Unnamed,building,1.0,Low,3.3010392,6.469234
1263763769,Unnamed,building,2.0,Moderate,3.2437686,6.4731681
1259507183,Unnamed,building,0.0,NoData,3.2426087,6.523435
1267618251,Unnamed,building,2.0,Moderate,3.2272528,6.4717567
1258509321,Unnamed,building,4.0,Very High,3.2496827,6.4379225
1261852698,Unnamed,building,3.0,High,3.2249943,6.5157032
1262221762,Unnamed,building,4.0,Very High,3.2229341,6.5061402
1267689661,Unnamed,building,0.0,NoData,3.2126475,6.46076
1260771347,Unnamed,building,4.0,Very High,3.2690799,6.5199104
1118296505,Unnamed,building,3.0,High,3.3610675,6.4168494
1258447692,Unnamed,building,4.0,Very High,3.3080787,6.440863
1258419237,Unnamed,building,3.0,High,3.260505,6.4342705
1259728445,Unnamed,building,0.0,NoData,3.2217375,6.5232355
1267129873,Unnamed,building,4.0,Very High,3.2723354,6.4418643
1257831851,Unnamed,building,1.0,Low,3.2747073,6.4676553
1257852684,Unnamed,building,2.0,Moderate,3.3118814,6.4415202
1257959770,Unnamed,building,4.0,Very High,3.3000625,6.4817166
1258645853,Unnamed,building,1.0,Low,3.2501139,6.4563526
1258901710,Unnamed,building,4.0,Very High,3.2217971,6.4405688
1285719467,Unnamed,building,2.0,Moderate,3.3566434,6.416568
1257592325,Unnamed,building,4.0,Very High,3.3013886,6.4627057
1263687353,Unnamed,building,2.0,Moderate,3.237889,6.5164014
1276245978,Unnamed,building,3.0,High,3.2924859,6.4956246
1258030421,Unnamed,building,4.0,Very High,3.2815394,6.4679315
1260480518,Unnamed,building,4.0,Very High,3.268293,6.5022681
1259652628,Unnamed,building,4.0,Very High,3.2577282,6.510456
1271990297,Unnamed,building,0.0,NoData,3.2774952,6.5212966
1276192527,Unnamed,building,2.0,Moderate,3.2945357,6.5060942
1262054485,Unnamed,building,3.0,High,3.2653542,6.5024703
1275699764,Unnamed,building,2.0,Moderate,3.2965164,6.5187527
1262632373,Unnamed,building,4.0,Very High,3.2685135,6.5155671
1258440329,Unnamed,building,3.0,High,3.2490688,6.4382923
1262553952,Unnamed,building,3.0,High,3.2317867,6.5080682
1258447772,Unnamed,building,4.0,Very High,3.307566,6.4409161
1258551324,Unnamed,building,4.0,Very High,3.2343959,6.4474106
1259769421,Unnamed,building,4.0,Very High,3.23155,6.5214434
1257545636,Unnamed,building,4.0,Very High,3.2478087,6.4496157
1257842138,Unnamed,building,1.0,Low,3.2719224,6.4637157
1261949760,Unnamed,building,0.0,NoData,3.2222839,6.5239301
1258599636,Unnamed,building,2.0,Moderate,3.2558136,6.4587522
1257512265,Unnamed,building,2.0,Moderate,3.2526171,6.4725675
1263727968,Unnamed,building,1.0,Low,3.2429097,6.4943733
1267528609,Unnamed,building,3.0,High,3.2221574,6.4705048
1267537993,Unnamed,building,4.0,Very High,3.226428,6.4786007
1258702462,Unnamed,building,2.0,Moderate,3.2708851,6.4696892
1267746224,Unnamed,building,0.0,NoData,3.2156984,6.4459499
1258801191,Unnamed,building,0.0,NoData,3.2551012,6.4246599
1267439475,Unnamed,building,3.0,High,3.2133218,6.4510162
1267441665,Unnamed,building,3.0,High,3.2882519,6.475352
1267630608,Unnamed,building,2.0,Moderate,3.2300237,6.4566619
1258452989,Unnamed,building,1.0,Low,3.2380246,6.4805075
1262342716,Unnamed,building,3.0,High,3.2566138,6.5118101
1265550133,Unnamed,building,0.0,NoData,3.2825965,6.4249364
1267625120,Unnamed,building,4.0,Very High,3.2251704,6.4592912
1263698323,Unnamed,building,3.0,High,3.2805762,6.516244
1262367830,Unnamed,building,3.0,High,3.2452399,6.4967138
1258669561,Unnamed,building,4.0,Very High,3.2969046,6.4584581
1273904485,Unnamed,building,2.0,Moderate,3.2307264,6.4545109
1272370075,Unnamed,building,3.0,High,3.266509,6.5102033
1257809952,Unnamed,building,3.0,High,3.3101673,6.4386807
1266556653,Unnamed,building,3.0,High,3.2989864,6.4548553
1262599720,Unnamed,building,3.0,High,3.2443604,6.5013639
1272523344,Unnamed,building,4.0,Very High,3.232507,6.4575492
1267572654,Unnamed,building,0.0,NoData,3.2164464,6.4444065
1261410801,Unnamed,building,4.0,Very High,3.2256235,6.5100221
1262968967,Unnamed,building,4.0,Very High,3.2531387,6.5157808
1257891165,Unnamed,building,3.0,High,3.2914411,6.4682322
1258703044,Unnamed,building,4.0,Very High,3.3039789,6.4501792
1276000458,Unnamed,building,2.0,Moderate,3.2972884,6.5139951
1259778649,Unnamed,building,4.0,Very High,3.2336791,6.5213563
1275531213,Unnamed,building,2.0,Moderate,3.3045152,6.5199567
1257625215,Unnamed,building,3.0,High,3.2790308,6.4565287
1262895522,Unnamed,building,3.0,High,3.2700401,6.498709
1267780707,Unnamed,building,3.0,High,3.3038844,6.4567346
1257832179,Unnamed,building,4.0,Very High,3.3109181,6.4473603
1257844873,Unnamed,building,2.0,Moderate,3.2869699,6.4792483
1261860316,Unnamed,building,1.0,Low,3.2262455,6.5125118
1258686108,Unnamed,building,3.0,High,3.3009749,6.4566531
1262367847,Unnamed,building,4.0,Very High,3.2454424,6.4960715
1258575101,Unnamed,building,3.0,High,3.2396589,6.468057
1137584409,Unnamed,building,2.0,Moderate,3.298018,6.5018014
1259778738,Unnamed,building,3.0,High,3.2349925,6.5201303
1257625303,Unnamed,building,2.0,Moderate,3.2784053,6.4552959
1262056576,Unnamed,building,4.0,Very High,3.2634413,6.5108402
1262529745,Unnamed,building,3.0,High,3.2615812,6.5154258
1258581314,Unnamed,building,4.0,Very High,3.2373471,6.4404394
1258593750,Unnamed,building,1.0,Low,3.2321314,6.4590099
1263701303,Unnamed,building,2.0,Moderate,3.2573608,6.4976028
1285719475,Unnamed,building,2.0,Moderate,3.3581653,6.4163337
1257892310,Unnamed,building,3.0,High,3.2828653,6.4651002
1267487851,Unnamed,building,2.0,Moderate,3.2947621,6.4575007
1276225280,Unnamed,building,3.0,High,3.2957158,6.4990218
1267033229,Unnamed,building,3.0,High,3.300247,6.476604
1261916934,Unnamed,building,4.0,Very High,3.2497622,6.5220057
1267326087,Unnamed,building,4.0,Very High,3.2188126,6.4947625
1261400108,Unnamed,building,2.0,Moderate,3.2244917,6.5099223
1261892671,Unnamed,building,0.0,NoData,3.2486073,6.5226573
1258565904,Unnamed,building,4.0,Very High,3.2359985,6.4450359
733884272,Unnamed,building,4.0,Very High,3.2556038,6.4568608
1260550470,Unnamed,building,2.0,Moderate,3.2454682,6.498518
1262056484,Unnamed,building,3.0,High,3.2631087,6.5102946
1262925068,Unnamed,building,0.0,NoData,3.2174958,6.5238754
1262056531,Unnamed,building,3.0,High,3.2639493,6.509882
1258686018,Unnamed,building,3.0,High,3.2998456,6.4565144
1275699792,Unnamed,building,2.0,Moderate,3.2960421,6.5187969
1262166295,Unnamed,building,3.0,High,3.2786484,6.5158114
1257771569,Unnamed,building,3.0,High,3.2941867,6.4702351
1258565882,Unnamed,building,2.0,Moderate,3.2355932,6.4437772
1260647439,Unnamed,building,4.0,Very High,3.2458531,6.5178919
1257488469,Unnamed,building,3.0,High,3.2775284,6.4415976
1257829567,Unnamed,building,4.0,Very High,3.3035773,6.4709666
1258219098,Unnamed,building,3.0,High,3.2738558,6.447249
1258631805,Unnamed,building,1.0,Low,3.3053039,6.4847707
1257625583,Unnamed,building,4.0,Very High,3.2787725,6.4473401
1258623114,Unnamed,building,4.0,Very High,3.2854278,6.4623863
1260602323,Unnamed,building,0.0,NoData,3.2350014,6.4180826
1275726623,Unnamed,building,2.0,Moderate,3.2939374,6.5181861
1263179532,Unnamed,building,0.0,NoData,3.2309123,6.5244492
1263527876,Unnamed,building,3.0,High,3.2542123,6.4981151
1276248133,Unnamed,building,3.0,High,3.3075864,6.4959899
1262069297,Unnamed,building,2.0,Moderate,3.227111,6.5212034
1258663714,Unnamed,building,3.0,High,3.2707641,6.4723159
1263448364,Unnamed,building,3.0,High,3.2389773,6.5002373
1257493300,Unnamed,building,2.0,Moderate,3.2591081,6.4434916
1257613915,Unnamed,building,4.0,Very High,3.2856251,6.4783928
1257939320,Unnamed,building,3.0,High,3.2957722,6.4810299
1267509248,Unnamed,building,3.0,High,3.2159341,6.4568366
1267780711,Unnamed,building,3.0,High,3.3028058,6.4570333
1259778707,Unnamed,building,4.0,Very High,3.233287,6.5208525
1259705792,Unnamed,building,1.0,Low,3.245409,6.5110917
1267624966,Unnamed,building,4.0,Very High,3.2253443,6.4592478
1260771256,Unnamed,building,4.0,Very High,3.2705656,6.5190548
1259669382,Unnamed,building,0.0,NoData,3.2507426,6.5227692
1261841590,Unnamed,building,4.0,Very High,3.2230498,6.5127826
1258684842,Unnamed,building,3.0,High,3.2685929,6.4589085
1257963732,Unnamed,building,3.0,High,3.2793225,6.4540514
1275728118,Unnamed,building,3.0,High,3.305872,6.5168932
1258373489,Unnamed,building,2.0,Moderate,3.2612138,6.4608678
1257654256,Unnamed,building,4.0,Very High,3.2782488,6.4785394
1258456345,Unnamed,building,2.0,Moderate,3.2596488,6.4400247
1258026909,Unnamed,building,4.0,Very High,3.2435256,6.4551254
1258055570,Unnamed,building,2.0,Moderate,3.2809242,6.4578248
1257794105,Unnamed,building,4.0,Very High,3.271313,6.4681428
1257753490,Unnamed,building,4.0,Very High,3.288589,6.4575933
1267700362,Unnamed,building,2.0,Moderate,3.2231827,6.4589374
1276177075,Unnamed,building,4.0,Very High,3.301652,6.5062701
1258540117,Unnamed,building,3.0,High,3.2392109,6.447353
1257601011,Unnamed,building,2.0,Moderate,3.2856919,6.4818768
1258193688,Unnamed,building,3.0,High,3.2493998,6.4734723
1263459273,Unnamed,building,2.0,Moderate,3.2728396,6.5168448
995194822,Unnamed,building,3.0,High,3.3253644,6.4177558
1271990342,Unnamed,building,0.0,NoData,3.2775414,6.5210504
1258625064,Unnamed,building,3.0,High,3.2527761,6.4631238
1262535582,Unnamed,building,3.0,High,3.2733751,6.5221512
1257541259,Unnamed,building,4.0,Very High,3.2901174,6.4789002
1262841757,Unnamed,building,4.0,Very High,3.2332373,6.5146701
1258203937,Unnamed,building,3.0,High,3.2568344,6.4535185
1275744621,Unnamed,building,4.0,Very High,3.2923142,6.5094564
1262504141,Unnamed,building,0.0,NoData,3.2659272,6.5217297
1263396467,Unnamed,building,0.0,NoData,3.2826111,6.51825
1258659153,Unnamed,building,2.0,Moderate,3.2887898,6.464313
1257364322,Unnamed,building,2.0,Moderate,3.2946369,6.4517997
1257785724,Unnamed,building,4.0,Very High,3.2577822,6.4488228
1257984414,Unnamed,building,2.0,Moderate,3.2911454,6.4650136
1267619243,Unnamed,building,3.0,High,3.2130653,6.4532825
1266611407,Unnamed,building,0.0,NoData,3.3348502,6.4205925
1258610422,Unnamed,building,4.0,Very High,3.2850389,6.4706322
1275892824,Unnamed,building,4.0,Very High,3.3031685,6.5091946
1258457523,Unnamed,building,0.0,NoData,3.2817426,6.4243382
1258188834,Unnamed,building,2.0,Moderate,3.2943836,6.4646914
1275187859,Unnamed,building,1.0,Low,3.3045177,6.5037014
1272502145,Unnamed,building,0.0,NoData,3.2198053,6.4391659
1260681327,Unnamed,building,2.0,Moderate,3.2501049,6.5196095
1268739072,Unnamed,building,3.0,High,3.2741954,6.5011928
1258247803,Unnamed,building,3.0,High,3.2629146,6.443563
732325846,Unnamed,building,3.0,High,3.3111167,6.4482736
1266824038,Unnamed,building,0.0,NoData,3.3220991,6.4436392
1258373537,Unnamed,building,3.0,High,3.2608638,6.461601
1263147724,Unnamed,building,2.0,Moderate,3.2728067,6.5043761
1263457172,Unnamed,building,0.0,NoData,3.2764736,6.520224
1262188695,Unnamed,building,2.0,Moderate,3.2286905,6.5043139
1272506639,Unnamed,building,0.0,NoData,3.2172683,6.4402128
1275944323,Unnamed,building,4.0,Very High,3.3001368,6.508224
1257641537,Unnamed,building,3.0,High,3.2531882,6.4384395
1266121817,Unnamed,building,0.0,NoData,3.2466887,6.4223322
1257981068,Unnamed,building,4.0,Very High,3.3040097,6.4813095
1263151058,Unnamed,building,3.0,High,3.2759577,6.5013311
1262167972,Unnamed,building,2.0,Moderate,3.2478478,6.5094393
1257894797,Unnamed,building,4.0,Very High,3.2683441,6.433447
995424043,Unnamed,building,0.0,NoData,3.3347032,6.4212386
1258286991,Unnamed,building,3.0,High,3.2717656,6.4763355
1262199452,Unnamed,building,1.0,Low,3.2892338,6.5054643
1259658775,Unnamed,building,4.0,Very High,3.2513502,6.5171688
1258513773,Unnamed,building,4.0,Very High,3.2360176,6.4517359
1267897839,Unnamed,building,3.0,High,3.2869791,6.4619452
1258901688,Unnamed,building,0.0,NoData,3.2227134,6.439543
1272191503,Unnamed,building,0.0,NoData,3.215071,6.4439489
1257790437,Unnamed,building,4.0,Very High,3.2619514,6.4418652
1263553177,Unnamed,building,1.0,Low,3.2553946,6.5080536
1257970250,Unnamed,building,4.0,Very High,3.2369549,6.4517272
1258461815,Unnamed,building,0.0,NoData,3.321365,6.446388
1137584472,Unnamed,building,2.0,Moderate,3.301636,6.5009717
1261410853,Unnamed,building,4.0,Very High,3.2246555,6.5093938
1259524860,Unnamed,building,4.0,Very High,3.2529097,6.4987029
1259300693,Unnamed,building,4.0,Very High,3.2505863,6.5209963
1257628044,Unnamed,building,3.0,High,3.2883162,6.4480514
1258444450,Unnamed,building,0.0,NoData,3.3161029,6.4304902
1257370559,Unnamed,building,3.0,High,3.2678534,6.4396175
1257550838,Unnamed,building,3.0,High,3.2968177,6.4669588
1259483924,Unnamed,building,3.0,High,3.2540376,6.4881808
1261399949,Unnamed,building,4.0,Very High,3.2243525,6.5116732
1263550344,Unnamed,building,2.0,Moderate,3.2567787,6.504556
1258314055,Unnamed,building,0.0,NoData,3.2513537,6.4238251
1266562559,Unnamed,building,0.0,NoData,3.2649512,6.42351
995188054,Unnamed,building,4.0,Very High,3.3233583,6.4169702
1275194308,Unnamed,building,1.0,Low,3.3049115,6.5046513
1258447815,Unnamed,building,4.0,Very High,3.3074017,6.4412332
1259658800,Unnamed,building,2.0,Moderate,3.2506008,6.5148977
1266598966,Unnamed,building,2.0,Moderate,3.2895879,6.4770154
1263736254,Unnamed,building,2.0,Moderate,3.2827037,6.4940748
1262183351,Unnamed,building,0.0,NoData,3.2351867,6.5251353
1262210058,Unnamed,building,1.0,Low,3.2246936,6.5025238
1262911103,Unnamed,building,2.0,Moderate,3.2681099,6.5060509
1267698685,Unnamed,building,4.0,Very High,3.2254292,6.4484196
1275856157,Unnamed,building,3.0,High,3.3051141,6.5110551
1276248152,Unnamed,building,4.0,Very High,3.3079946,6.495577
1260594476,Unnamed,building,3.0,High,3.2500165,6.5139854
1258599086,Unnamed,building,4.0,Very High,3.2969202,6.4848201
1257765133,Unnamed,building,1.0,Low,3.307676,6.4476393
1262428493,Unnamed,building,3.0,High,3.2562626,6.5103643
1258725331,Unnamed,building,4.0,Very High,3.3125279,6.4468043
1262911097,Unnamed,building,2.0,Moderate,3.2683521,6.5057433
1268994932,Unnamed,building,3.0,High,3.2552147,6.5037442
1275726541,Unnamed,building,3.0,High,3.2950378,6.5180669
1263697775,Unnamed,building,2.0,Moderate,3.2632389,6.497319
1257430438,Unnamed,building,4.0,Very High,3.2517212,6.4443384
1262084948,Unnamed,building,3.0,High,3.2524203,6.5105647
1259669535,Unnamed,building,0.0,NoData,3.2491711,6.5234295
1258861358,Unnamed,building,4.0,Very High,3.2526687,6.4122548
1258313608,Unnamed,building,0.0,NoData,3.2630259,6.4243926
1258313994,Unnamed,building,3.0,High,3.2511705,6.4225315
1267619484,Unnamed,building,3.0,High,3.2111869,6.4537392
1268103732,Unnamed,building,0.0,NoData,3.2352805,6.5243894
1257530672,Unnamed,building,3.0,High,3.2709895,6.4743238
1257599374,Unnamed,building,4.0,Very High,3.2408994,6.4543789
1258575527,Unnamed,building,2.0,Moderate,3.2323991,6.4447472
1263687406,Unnamed,building,2.0,Moderate,3.2372271,6.5169217
1257641471,Unnamed,building,3.0,High,3.2536278,6.4399122
1267340834,Unnamed,building,1.0,Low,3.2230161,6.494319
1257421597,Unnamed,building,3.0,High,3.2760825,6.440139
1263698205,Unnamed,building,4.0,Very High,3.281372,6.5166716
1262141866,Unnamed,building,1.0,Low,3.268806,6.5074718
1262614409,Unnamed,building,3.0,High,3.2627666,6.4968318
1258314039,Unnamed,building,0.0,NoData,3.2503428,6.4241121
1262987322,Unnamed,building,2.0,Moderate,3.2727401,6.5122193
1257954200,Unnamed,building,3.0,High,3.2544433,6.4418432
1258571421,Unnamed,building,2.0,Moderate,3.2751385,6.4645004
1270917071,Unnamed,building,3.0,High,3.2597604,6.5115266
1261807786,Unnamed,building,4.0,Very High,3.223127,6.5076937
1262968854,Unnamed,building,4.0,Very High,3.254075,6.5155601
1257512245,Unnamed,building,1.0,Low,3.2525481,6.4715122
1276250124,Unnamed,building,4.0,Very High,3.290646,6.4927474
1262201777,Unnamed,building,1.0,Low,3.2297446,6.5025484
1257401928,Unnamed,building,4.0,Very High,3.2638763,6.4402867
1271496060,Unnamed,building,4.0,Very High,3.2847529,6.5117228
1259483926,Unnamed,building,4.0,Very High,3.2522123,6.4883131
1276232485,Unnamed,building,3.0,High,3.2965416,6.4964669
1258213668,Unnamed,building,4.0,Very High,3.2533206,6.4521487
625404096,Unnamed,building,4.0,Very High,3.3042478,6.4681244
1257613818,Unnamed,building,4.0,Very High,3.286415,6.4771531
1257939346,Unnamed,building,4.0,Very High,3.2933516,6.4808702
1267540868,Unnamed,building,4.0,Very High,3.2202801,6.4920921
1257753444,Unnamed,building,4.0,Very High,3.2582322,6.4443564
995255552,Unnamed,building,3.0,High,3.3261797,6.4180097
1257593270,Unnamed,building,2.0,Moderate,3.3052262,6.466493
1257994273,Unnamed,building,0.0,NoData,3.3094073,6.4592265
1262949714,Unnamed,building,2.0,Moderate,3.2546452,6.5138693
1263114339,Unnamed,building,2.0,Moderate,3.274869,6.5098446
1258631754,Unnamed,building,1.0,Low,3.306217,6.4850256
1275737051,Unnamed,building,4.0,Very High,3.2870251,6.519075
1257795979,Unnamed,building,4.0,Very High,3.2950749,6.4593558
1275766665,Unnamed,building,3.0,High,3.3026888,6.5125169
1258575502,Unnamed,building,3.0,High,3.2314334,6.4441807
1273038656,Unnamed,building,2.0,Moderate,3.2276239,6.4579036
1260771287,Unnamed,building,3.0,High,3.2709769,6.5191294
1257765013,Unnamed,building,3.0,High,3.2665073,6.4449075
1276217413,Unnamed,building,2.0,Moderate,3.304099,6.5004611
1266814644,Unnamed,building,3.0,High,3.2782849,6.4407594
1258659058,Unnamed,building,4.0,Very High,3.2901013,6.4651619
1267320375,Unnamed,building,3.0,High,3.2221119,6.492517
1259532775,Unnamed,building,2.0,Moderate,3.2536525,6.5075352
1267310036,Unnamed,building,4.0,Very High,3.2202789,6.4938147
1258625997,Unnamed,building,4.0,Very High,3.2508558,6.4680371
1261838830,Unnamed,building,3.0,High,3.2845217,6.4961776
1258614673,Unnamed,building,3.0,High,3.3061159,6.4541399
1257621296,Unnamed,building,2.0,Moderate,3.281147,6.4443046
1261412376,Unnamed,building,3.0,High,3.2259695,6.5106653
1258547653,Unnamed,building,4.0,Very High,3.2874072,6.455043
1083910053,Unnamed,building,3.0,High,3.217154,6.4435695
1267526316,Unnamed,building,4.0,Very High,3.2207966,6.4534764
1276422876,Unnamed,building,3.0,High,3.3067104,6.498804
1262342833,Unnamed,building,3.0,High,3.2565887,6.5132108
1267776495,Unnamed,building,4.0,Very High,3.2880046,6.4571507
1257845588,Unnamed,building,4.0,Very High,3.2433355,6.4655694
1267694579,Unnamed,building,2.0,Moderate,3.2234256,6.4829012
1260633851,Unnamed,building,3.0,High,3.2460634,6.5148447
1261666181,Unnamed,building,4.0,Very High,3.2642616,6.5199911
1260594377,Unnamed,building,2.0,Moderate,3.251352,6.511995
1258725329,Unnamed,building,4.0,Very High,3.3123948,6.4472535
1257605272,Unnamed,building,1.0,Low,3.2341429,6.4547853
1262221695,Unnamed,building,4.0,Very High,3.2241523,6.5054706
1262130010,Unnamed,building,2.0,Moderate,3.2777545,6.5140061
1267698573,Unnamed,building,4.0,Very High,3.2255928,6.4478742
670537768,Unnamed,building,0.0,NoData,3.2459285,6.4218553
1089849873,Unnamed,building,4.0,Very High,3.2217927,6.4581641
1258223539,Unnamed,building,1.0,Low,3.260099,6.4694902
1275546446,Unnamed,building,1.0,Low,3.3073443,6.5222299
1257994919,Unnamed,building,3.0,High,3.2340855,6.4724448
1276182400,Unnamed,building,3.0,High,3.3004162,6.5058002
1267621379,Unnamed,building,1.0,Low,3.23138,6.4737561
1260588205,Unnamed,building,4.0,Very High,3.2398296,6.5155468
1276165903,Unnamed,building,1.0,Low,3.3072403,6.5088433
1258393649,Unnamed,building,4.0,Very High,3.2846499,6.4704286
1257402022,Unnamed,building,4.0,Very High,3.263219,6.440851
1257621289,Unnamed,building,3.0,High,3.2815828,6.4449055
1257772814,Unnamed,building,3.0,High,3.295457,6.4554804
1258244752,Unnamed,building,3.0,High,3.285924,6.4581717
1258449940,Unnamed,building,2.0,Moderate,3.2815309,6.4851507
1262599656,Unnamed,building,4.0,Very High,3.2463324,6.5025397
1257528027,Unnamed,building,4.0,Very High,3.2704508,6.4349143
1267573008,Unnamed,building,4.0,Very High,3.2282132,6.4539487
1259329942,Unnamed,building,3.0,High,3.2713132,6.5005286
1267321772,Unnamed,building,0.0,NoData,3.2175209,6.4959734
1262054466,Unnamed,building,4.0,Very High,3.2644597,6.5029455
1258729047,Unnamed,building,2.0,Moderate,3.236827,6.4379132
1257866783,Unnamed,building,1.0,Low,3.2728931,6.4433068
1263772384,Unnamed,building,2.0,Moderate,3.2832995,6.5000002
1258801212,Unnamed,building,0.0,NoData,3.255141,6.4245205
1258700066,Unnamed,building,4.0,Very High,3.2933801,6.4822022
1257475886,Unnamed,building,3.0,High,3.2890476,6.4708311
1275526899,Unnamed,building,0.0,NoData,3.3022083,6.5225814
1258547625,Unnamed,building,4.0,Very High,3.2859333,6.4557804
1258636368,Unnamed,building,3.0,High,3.2783648,6.4656978
1262987249,Unnamed,building,2.0,Moderate,3.2738955,6.5130071
1258632767,Unnamed,building,1.0,Low,3.2943296,6.462276
1137587955,Unnamed,building,3.0,High,3.3057761,6.5006512
1267506541,Unnamed,building,3.0,High,3.2129635,6.4569743
1262875020,Unnamed,building,3.0,High,3.2717672,6.5181824
1275283031,Unnamed,building,0.0,NoData,3.3077504,6.5273077
1267775765,Unnamed,building,4.0,Very High,3.2242298,6.4409605
1257605218,Unnamed,building,4.0,Very High,3.2329,6.4571139
995319903,Unnamed,building,2.0,Moderate,3.3297109,6.417495
1258409056,Unnamed,building,4.0,Very High,3.2823586,6.4676253
1262925036,Unnamed,building,0.0,NoData,3.2184462,6.5229738
1267668441,Unnamed,building,1.0,Low,3.2255366,6.4866427
1257519541,Unnamed,building,3.0,High,3.2553598,6.4510235
1258702711,Unnamed,building,0.0,NoData,3.3330225,6.4207215
1275546475,Unnamed,building,0.0,NoData,3.3090094,6.5223675
1258636393,Unnamed,building,3.0,High,3.2771723,6.4656914
1258605940,Unnamed,building,0.0,NoData,3.2732418,6.4058249
1275488444,Unnamed,building,0.0,NoData,3.2919574,6.5227728
1258632590,Unnamed,building,3.0,High,3.2527776,6.4655109
1267689066,Unnamed,building,2.0,Moderate,3.2276905,6.4473285
1267794768,Unnamed,building,2.0,Moderate,3.2975506,6.4726855
1089849896,Unnamed,building,3.0,High,3.2203777,6.4572912
1258702858,Unnamed,building,0.0,NoData,3.332057,6.419403
1258513779,Unnamed,building,4.0,Very High,3.2361194,6.4491614
1259637692,Unnamed,building,2.0,Moderate,3.2589917,6.5154036
1276514505,Unnamed,building,2.0,Moderate,3.2926989,6.4869089
1276250093,Unnamed,building,4.0,Very High,3.291588,6.4927043
1268099131,Unnamed,building,0.0,NoData,3.2397107,6.5237785
1258705729,Unnamed,building,3.0,High,3.2898254,6.4552985
1263407848,Unnamed,building,2.0,Moderate,3.2801521,6.5062424
1083914367,Unnamed,building,2.0,Moderate,3.2268136,6.445063
1257513901,Unnamed,building,4.0,Very High,3.2562703,6.4434295
1267530060,Unnamed,building,2.0,Moderate,3.2228538,6.453293
1262769046,Unnamed,building,4.0,Very High,3.2673292,6.5139784
1258677070,Unnamed,building,4.0,Very High,3.3227912,6.437458
1257517891,Unnamed,building,2.0,Moderate,3.2562077,6.4293715
1258339783,Unnamed,building,1.0,Low,3.2603077,6.4697564
1257513998,Unnamed,building,2.0,Moderate,3.2564479,6.4413325
1285337559,Unnamed,building,2.0,Moderate,3.3608577,6.415173
1267444020,Unnamed,building,2.0,Moderate,3.2177657,6.4467078
1258580724,Unnamed,building,3.0,High,3.2705424,6.440818
1268617386,Unnamed,building,3.0,High,3.2496934,6.5000449
1258376688,Unnamed,building,2.0,Moderate,3.2722116,6.4611887
1268352224,Unnamed,building,4.0,Very High,3.2440825,6.4771418
1258426627,Unnamed,building,2.0,Moderate,3.2610246,6.4594166
1257759050,Unnamed,building,4.0,Very High,3.2609337,6.4442159
1267675012,Unnamed,building,2.0,Moderate,3.2280229,6.4496992
1267526273,Unnamed,building,3.0,High,3.2218644,6.4541947
1258623119,Unnamed,building,4.0,Very High,3.2854244,6.4618393
1258807572,Unnamed,building,0.0,NoData,3.2176712,6.4062882
1257524695,Unnamed,building,4.0,Very High,3.254752,6.4674654
1257436729,Unnamed,building,2.0,Moderate,3.2632794,6.4370191
1257983366,Unnamed,building,3.0,High,3.2716591,6.4721009
1257548114,Unnamed,building,4.0,Very High,3.3049426,6.4764334
1257429699,Unnamed,building,4.0,Very High,3.2797368,6.4474667
1258756806,Unnamed,building,4.0,Very High,3.3163471,6.4450879
1262153942,Unnamed,building,2.0,Moderate,3.2747692,6.5067325
1257469529,Unnamed,building,4.0,Very High,3.26952,6.4409468
1267436935,Unnamed,building,0.0,NoData,3.2101475,6.4520935
1257876441,Unnamed,building,3.0,High,3.2556423,6.4317864
1261400028,Unnamed,building,4.0,Very High,3.2230199,6.5109142
1257385739,Unnamed,building,4.0,Very High,3.2688704,6.4468418
1275413229,Unnamed,building,3.0,High,3.2993458,6.5200249
1262295712,Unnamed,building,0.0,NoData,3.2769184,6.5185924
1258532541,Unnamed,building,0.0,NoData,3.2658313,6.4064858
1258543613,Unnamed,building,3.0,High,3.2365702,6.4479554
1258252557,Unnamed,building,4.0,Very High,3.3010018,6.4504439
1257364248,Unnamed,building,3.0,High,3.2948563,6.4505145
1258030373,Unnamed,building,3.0,High,3.2819472,6.4658302
1261909932,Unnamed,building,0.0,NoData,3.2447568,6.5233706
1258312975,Unnamed,building,4.0,Very High,3.2601635,6.4618195
1261910443,Unnamed,building,0.0,NoData,3.2683475,6.52373
1258575495,Unnamed,building,3.0,High,3.2310979,6.4441645
1258014215,Unnamed,building,3.0,High,3.2975273,6.4496607
1257593277,Unnamed,building,3.0,High,3.3051725,6.4667668
1275766783,Unnamed,building,4.0,Very High,3.3016685,6.5143863
1268118422,Unnamed,building,2.0,Moderate,3.2985555,6.4689082
1263741616,Unnamed,building,4.0,Very High,3.2821093,6.4980143
1258286995,Unnamed,building,3.0,High,3.2715708,6.474591
1258432999,Unnamed,building,1.0,Low,3.2697394,6.4253969
1260626912,Unnamed,building,3.0,High,3.2422666,6.5094937
1262941015,Unnamed,building,3.0,High,3.2670606,6.5074168
1267528633,Unnamed,building,2.0,Moderate,3.2223888,6.4681513
1259769303,Unnamed,building,4.0,Very High,3.2304759,6.5206596
1258660942,Unnamed,building,4.0,Very High,3.3228131,6.4406865
1266598946,Unnamed,building,3.0,High,3.2887552,6.4778608
1259424624,Unnamed,building,3.0,High,3.2727996,6.5029163
1258599593,Unnamed,building,3.0,High,3.2554625,6.4599316
1276168585,Unnamed,building,0.0,NoData,3.3084374,6.5075011
1257855185,Unnamed,building,3.0,High,3.27761,6.4362342
1268416924,Unnamed,building,3.0,High,3.2554266,6.4904957
1258312917,Unnamed,building,3.0,High,3.2586971,6.4608705
1258030212,Unnamed,building,2.0,Moderate,3.2815048,6.4665706
1257764897,Unnamed,building,4.0,Very High,3.2671538,6.4461773
1267689053,Unnamed,building,2.0,Moderate,3.2285381,6.4470973
1258067370,Unnamed,building,2.0,Moderate,3.2819694,6.4714052
1262056460,Unnamed,building,3.0,High,3.2656003,6.5105715
1268118024,Unnamed,building,4.0,Very High,3.2864634,6.4777817
1267700383,Unnamed,building,2.0,Moderate,3.2220717,6.4587549
1261909911,Unnamed,building,0.0,NoData,3.2453844,6.5236298
1257783945,Unnamed,building,4.0,Very High,3.2571644,6.447503
1262559549,Unnamed,building,3.0,High,3.2332888,6.5069625
1263110533,Unnamed,building,4.0,Very High,3.2715863,6.5094795
1263407789,Unnamed,building,2.0,Moderate,3.281464,6.5049487
1257801154,Unnamed,building,3.0,High,3.2501365,6.4518171
1258840216,Unnamed,building,0.0,NoData,3.25741,6.412703
1268385055,Unnamed,building,2.0,Moderate,3.2464934,6.4931457
1257585894,Unnamed,building,4.0,Very High,3.3041029,6.4704468
1258219106,Unnamed,building,3.0,High,3.2729226,6.4475123
1262481135,Unnamed,building,2.0,Moderate,3.2710476,6.5211968
1257980864,Unnamed,building,1.0,Low,3.2553066,6.4650734
1257432510,Unnamed,building,3.0,High,3.2765672,6.4433719
1262141827,Unnamed,building,2.0,Moderate,3.2697164,6.5067457
1276217474,Unnamed,building,3.0,High,3.301404,6.4994355
1259174426,Unnamed,building,2.0,Moderate,3.2553028,6.5203609
1258621151,Unnamed,building,3.0,High,3.2829366,6.4730744
1259319248,Unnamed,building,4.0,Very High,3.2793376,6.4984758
1262949615,Unnamed,building,3.0,High,3.2494615,6.5103029
1262444169,Unnamed,building,4.0,Very High,3.2425242,6.5209357
1276218713,Unnamed,building,2.0,Moderate,3.2983279,6.4986197
1257424303,Unnamed,building,3.0,High,3.2608619,6.4512413
670579672,Unnamed,building,2.0,Moderate,3.2483961,6.4198932
1258984898,Unnamed,building,2.0,Moderate,3.2705722,6.4470456
1258457573,Unnamed,building,3.0,High,3.2819101,6.4223782
1263741519,Unnamed,building,4.0,Very High,3.2819414,6.4972874
1275785448,Unnamed,building,3.0,High,3.3059309,6.5125164
1263698224,Unnamed,building,3.0,High,3.2803341,6.5160897
1267532961,Unnamed,building,0.0,NoData,3.2119839,6.4574978
1257611588,Unnamed,building,4.0,Very High,3.2450522,6.4516941
1276192494,Unnamed,building,2.0,Moderate,3.2943039,6.5041797
1257832177,Unnamed,building,4.0,Very High,3.310957,6.4472487
1257402938,Unnamed,building,4.0,Very High,3.3052389,6.4586502
1258631881,Unnamed,building,4.0,Very High,3.2430414,6.4683436
1276232473,Unnamed,building,3.0,High,3.2965564,6.4968169
1257908273,Unnamed,building,4.0,Very High,3.2678399,6.453342
1257529661,Unnamed,building,3.0,High,3.2503958,6.4491657
1262288339,Unnamed,building,3.0,High,3.2788828,6.5173777
1095583251,Unnamed,building,2.0,Moderate,3.2787819,6.4318326
1262940955,Unnamed,building,3.0,High,3.2662655,6.5073633
1267761822,Unnamed,building,4.0,Very High,3.221036,6.4440061
1263743486,Unnamed,building,2.0,Moderate,3.2804882,6.4935632
1258603381,Unnamed,building,2.0,Moderate,3.2919482,6.4520773
1257642324,Unnamed,building,1.0,Low,3.284611,6.4777277
653102271,Unnamed,building,3.0,High,3.2270199,6.4636975
1258543644,Unnamed,building,3.0,High,3.2367805,6.4464227
1258419843,Unnamed,building,4.0,Very High,3.2914275,6.4488751
1268124641,Unnamed,building,2.0,Moderate,3.2412271,6.5191405
1258662914,Unnamed,building,0.0,NoData,3.32373,6.4426067
1262624961,Unnamed,building,1.0,Low,3.2547997,6.4981748
1262166153,Unnamed,building,3.0,High,3.2792671,6.5169676
1261988443,Unnamed,building,3.0,High,3.2662343,6.5185705
1257869665,Unnamed,building,1.0,Low,3.3104993,6.4436808
1260550612,Unnamed,building,3.0,High,3.2454615,6.5007663
1258266290,Unnamed,building,3.0,High,3.2965896,6.4533434
1267448309,Unnamed,building,3.0,High,3.215452,6.4530083
1267533371,Unnamed,building,4.0,Very High,3.2264218,6.460993
1258190277,Unnamed,building,2.0,Moderate,3.2481098,6.4716271
1262084934,Unnamed,building,2.0,Moderate,3.2539767,6.5104491
1266809322,Unnamed,building,4.0,Very High,3.3228975,6.4193864
1259769292,Unnamed,building,2.0,Moderate,3.2302728,6.5210426
1263459292,Unnamed,building,4.0,Very High,3.2720483,6.5167974
1258797636,Unnamed,building,3.0,High,3.3281078,6.4179616
1257599342,Unnamed,building,4.0,Very High,3.2414949,6.4529735
1257478103,Unnamed,building,3.0,High,3.2707191,6.4411906
1257413801,Unnamed,building,4.0,Very High,3.280501,6.4401674
1276208963,Unnamed,building,3.0,High,3.2928235,6.5032275
1261815977,Unnamed,building,0.0,NoData,3.2210396,6.5073864
1262122418,Unnamed,building,3.0,High,3.2618714,6.5101117
1263653284,Unnamed,building,4.0,Very High,3.2475827,6.454036
1263701210,Unnamed,building,2.0,Moderate,3.2568636,6.4962801
1137587727,Unnamed,building,3.0,High,3.3006155,6.510244
1262054527,Unnamed,building,3.0,High,3.2649172,6.5035856
1259329947,Unnamed,building,3.0,High,3.2712583,6.5007434
1257661864,Unnamed,building,0.0,NoData,3.3067659,6.4813575
1260550496,Unnamed,building,2.0,Moderate,3.2454904,6.4989631
1259769443,Unnamed,building,0.0,NoData,3.2320569,6.5226414
1258175025,Unnamed,building,3.0,High,3.246868,6.4740718
1267573022,Unnamed,building,4.0,Very High,3.2280056,6.45367
1257470926,Unnamed,building,2.0,Moderate,3.2627149,6.4472598
1273038623,Unnamed,building,4.0,Very High,3.2286615,6.4582307
1258762855,Unnamed,building,4.0,Very High,3.3105183,6.4376003
1258669727,Unnamed,building,4.0,Very High,3.2966467,6.4589354
1257600958,Unnamed,building,4.0,Very High,3.2865193,6.4842182
1258615286,Unnamed,building,4.0,Very High,3.2504788,6.4632671
1262874972,Unnamed,building,3.0,High,3.2739713,6.5185214
1258596475,Unnamed,building,4.0,Very High,3.2344672,6.4449421
1267501717,Unnamed,building,0.0,NoData,3.2090961,6.4571479
1258824368,Unnamed,building,1.0,Low,3.2494388,6.4208527
1261398930,Unnamed,building,4.0,Very High,3.2563987,6.5028145
1261858325,Unnamed,building,0.0,NoData,3.2466071,6.5236819
1259695439,Unnamed,building,2.0,Moderate,3.2437436,6.510474
1257493301,Unnamed,building,4.0,Very High,3.2589813,6.4435224
1262428472,Unnamed,building,3.0,High,3.2547279,6.5100287
1258023924,Unnamed,building,4.0,Very High,3.292621,6.4643547
1257397589,Unnamed,building,2.0,Moderate,3.253758,6.4504297
1267509134,Unnamed,building,4.0,Very High,3.2157135,6.4554259
1263710213,Unnamed,building,3.0,High,3.2680993,6.4980954
1275218992,Unnamed,building,4.0,Very High,3.3062064,6.5047446
1262903375,Unnamed,building,4.0,Very High,3.2491186,6.5147348
1267684026,Unnamed,building,2.0,Moderate,3.2294595,6.4445024
1263201059,Unnamed,building,3.0,High,3.2480493,6.508813
1267618816,Unnamed,building,2.0,Moderate,3.226764,6.4694798
1272964599,Unnamed,building,3.0,High,3.2142042,6.4575257
1258652743,Unnamed,building,3.0,High,3.2855897,6.474483
1258603426,Unnamed,building,2.0,Moderate,3.2929204,6.4534528
1258623125,Unnamed,building,2.0,Moderate,3.2855089,6.46049
1268617335,Unnamed,building,4.0,Very High,3.2508688,6.499615
1257966537,Unnamed,building,4.0,Very High,3.2544359,6.4373288
1257572179,Unnamed,building,4.0,Very High,3.2987121,6.4668499
1275548525,Unnamed,building,0.0,NoData,3.2856129,6.5218122
1258596164,Unnamed,building,3.0,High,3.2789124,6.4682757
1262069333,Unnamed,building,2.0,Moderate,3.2263724,6.5210718
1263727041,Unnamed,building,4.0,Very High,3.2630733,6.4933514
1263687476,Unnamed,building,4.0,Very High,3.2359271,6.516298
1262529727,Unnamed,building,3.0,High,3.2605633,6.5154453
1257980454,Unnamed,building,3.0,High,3.2561534,6.4645911
1268123352,Unnamed,building,1.0,Low,3.3013199,6.4692611
1257504152,Unnamed,building,3.0,High,3.2536213,6.4499625
1260587987,Unnamed,building,4.0,Very High,3.2401289,6.5170158
1259769399,Unnamed,building,4.0,Very High,3.2320537,6.5214237
1275426827,Unnamed,building,0.0,NoData,3.2944305,6.5228668
1276244511,Unnamed,building,2.0,Moderate,3.2948622,6.4969709
1262183166,Unnamed,building,0.0,NoData,3.2331899,6.5237761
1276000399,Unnamed,building,3.0,High,3.2976197,6.5130524
1276236788,Unnamed,building,4.0,Very High,3.2908565,6.4991173
1276225356,Unnamed,building,2.0,Moderate,3.2935687,6.5004258
1258596050,Unnamed,building,3.0,High,3.2789092,6.4686059
1258831898,Unnamed,building,4.0,Very High,3.3169047,6.4206256
1257577846,Unnamed,building,4.0,Very High,3.2834993,6.439474
1262895449,Unnamed,building,2.0,Moderate,3.2696898,6.4995263
1258016035,Unnamed,building,4.0,Very High,3.3093961,6.4547987
1262187511,Unnamed,building,2.0,Moderate,3.2488402,6.5109936
1258199882,Unnamed,building,4.0,Very High,3.2508394,6.4716312
1263515346,Unnamed,building,3.0,High,3.2775343,6.5051943
1258272628,Unnamed,building,3.0,High,3.2287783,6.4428535
1262949757,Unnamed,building,4.0,Very High,3.2525213,6.5129694
1263718975,Unnamed,building,3.0,High,3.2535752,6.4906457
1258203973,Unnamed,building,4.0,Very High,3.257,6.4519346
1267009473,Unnamed,building,2.0,Moderate,3.2498298,6.461162
1275886117,Unnamed,building,0.0,NoData,3.3087947,6.5097874
1258165095,Unnamed,building,4.0,Very High,3.3139421,6.4443268
1267513260,Unnamed,building,3.0,High,3.2167594,6.4521967
1267067085,Unnamed,building,2.0,Moderate,3.2782709,6.4815286
1276248116,Unnamed,building,3.0,High,3.3079567,6.4975372
1262183246,Unnamed,building,0.0,NoData,3.2341329,6.5230321
1257817766,Unnamed,building,3.0,High,3.2748039,6.4621761
1257788987,Unnamed,building,4.0,Very High,3.2892204,6.4826413
1259053555,Unnamed,building,0.0,NoData,3.2395495,6.5242877
1275567347,Unnamed,building,0.0,NoData,3.3084894,6.5227796
1083917612,Unnamed,building,1.0,Low,3.2288045,6.4445945
1258758928,Unnamed,building,4.0,Very High,3.3168904,6.4398146
1258415934,Unnamed,building,0.0,NoData,3.2577374,6.4243957
1262179513,Unnamed,building,4.0,Very High,3.2381219,6.4995655
1276168608,Unnamed,building,0.0,NoData,3.3083532,6.5065118
1259778682,Unnamed,building,4.0,Very High,3.2350553,6.5207593
1272923929,Unnamed,building,4.0,Very High,3.226604,6.4530274
1258684839,Unnamed,building,3.0,High,3.2686861,6.4583209
1263380127,Unnamed,building,0.0,NoData,3.2182804,6.5217316
1260588086,Unnamed,building,2.0,Moderate,3.2392434,6.5172373
1257994955,Unnamed,building,3.0,High,3.2347513,6.4694627
1257548876,Unnamed,building,3.0,High,3.2538804,6.4471489
1260681195,Unnamed,building,1.0,Low,3.2511099,6.5198214
1259804355,Unnamed,building,3.0,High,3.2693546,6.503307
1276000463,Unnamed,building,3.0,High,3.2985753,6.5139613
1259072905,Unnamed,building,1.0,Low,3.2461079,6.5122501
1267621382,Unnamed,building,4.0,Very High,3.2314456,6.4760118
1267700427,Unnamed,building,2.0,Moderate,3.2218881,6.4575342
1257980850,Unnamed,building,3.0,High,3.2553548,6.4646794
1258261877,Unnamed,building,2.0,Moderate,3.2581404,6.4648156
1258125032,Unnamed,building,1.0,Low,3.2993435,6.4836503
1258249926,Unnamed,building,2.0,Moderate,3.2922586,6.4735005
1259532736,Unnamed,building,3.0,High,3.2521829,6.5085195
1263654158,Unnamed,building,4.0,Very High,3.2819525,6.5127322
1266767613,Unnamed,building,3.0,High,3.2576203,6.4388215
1263453145,Unnamed,building,4.0,Very High,3.2815637,6.502062
1262969171,Unnamed,building,2.0,Moderate,3.2579521,6.5012157
1258197603,Unnamed,building,4.0,Very High,3.2594189,6.453337
1276202319,Unnamed,building,2.0,Moderate,3.2957906,6.5017387
1257541330,Unnamed,building,3.0,High,3.2897601,6.4767544
1276361610,Unnamed,building,3.0,High,3.3092857,6.4916997
1258618696,Unnamed,building,2.0,Moderate,3.2795278,6.4616983
1257994379,Unnamed,building,2.0,Moderate,3.2722193,6.4695841
1276439725,Unnamed,building,4.0,Very High,3.2948937,6.4850732
1263687477,Unnamed,building,3.0,High,3.2356456,6.5163285
1268199887,Unnamed,building,4.0,Very High,3.2542797,6.5198683
1258026962,Unnamed,building,4.0,Very High,3.2426283,6.45485
1263154615,Unnamed,building,0.0,NoData,3.2619633,6.5227178
1267537712,Unnamed,building,3.0,High,3.228846,6.4560581
1257941949,Unnamed,building,4.0,Very High,3.2965295,6.4579779
1257539079,Unnamed,building,3.0,High,3.3040691,6.4770884
1275856120,Unnamed,building,3.0,High,3.3063111,6.509393
1275728135,Unnamed,building,4.0,Very High,3.3057107,6.5173154
1258571352,Unnamed,building,4.0,Very High,3.2755781,6.4637705
1258686103,Unnamed,building,4.0,Very High,3.3011774,6.4570182
1275534052,Unnamed,building,3.0,High,3.2912772,6.5218751
1263550355,Unnamed,building,3.0,High,3.2570125,6.503871
1258453236,Unnamed,building,3.0,High,3.2940707,6.4671923
1257771519,Unnamed,building,2.0,Moderate,3.2947549,6.4692836
1259174316,Unnamed,building,2.0,Moderate,3.2572249,6.5208246
1258219081,Unnamed,building,3.0,High,3.272537,6.4471397
1258403221,Unnamed,building,4.0,Very High,3.2969799,6.4562435
1089887732,Unnamed,building,4.0,Very High,3.2252699,6.4522949
1258069836,Unnamed,building,2.0,Moderate,3.2812536,6.4717488
1262510746,Unnamed,building,3.0,High,3.2390868,6.5115459
1257820342,Unnamed,building,3.0,High,3.3039143,6.4751809
1285719470,Unnamed,building,2.0,Moderate,3.3575296,6.4165373
1269074416,Unnamed,building,4.0,Very High,3.3007856,6.4572746
1272955081,Unnamed,building,4.0,Very High,3.2237886,6.4608285
1257801746,Unnamed,building,3.0,High,3.2647606,6.4487085
1262852252,Unnamed,building,3.0,High,3.2671298,6.4983421
1258581202,Unnamed,building,2.0,Moderate,3.2369438,6.4382
1257916751,Unnamed,building,3.0,High,3.290303,6.4804851
1257761815,Unnamed,building,3.0,High,3.2478763,6.4467822
1258420316,Unnamed,building,2.0,Moderate,3.2894367,6.4398142
1273038632,Unnamed,building,4.0,Very High,3.2285541,6.4572942
1267320391,Unnamed,building,3.0,High,3.223218,6.4911872
1258618683,Unnamed,building,4.0,Very High,3.2820053,6.4620784
1267669770,Unnamed,building,4.0,Very High,3.2252124,6.4664677
1257642345,Unnamed,building,2.0,Moderate,3.2832324,6.4782962
1257605213,Unnamed,building,3.0,High,3.235387,6.4560819
1261398948,Unnamed,building,3.0,High,3.2567473,6.501718
1257826840,Unnamed,building,2.0,Moderate,3.3132778,6.4405544
1258368427,Unnamed,building,3.0,High,3.2717087,6.4617357
1276366789,Unnamed,building,4.0,Very High,3.2911233,6.4913132
1258585413,Unnamed,building,4.0,Very High,3.2852615,6.4650181
1263730402,Unnamed,building,2.0,Moderate,3.2812263,6.4860268
1267548366,Unnamed,building,1.0,Low,3.2318019,6.4649083
1267537699,Unnamed,building,4.0,Very High,3.2296683,6.4570912
1276501873,Unnamed,building,0.0,NoData,3.3093701,6.4892516
1262781577,Unnamed,building,2.0,Moderate,3.2606173,6.5188533
1258631781,Unnamed,building,3.0,High,3.3056715,6.4857687
1259778744,Unnamed,building,3.0,High,3.2342766,6.5202152
1258653652,Unnamed,building,1.0,Low,3.2538208,6.4624928
1263453048,Unnamed,building,4.0,Very High,3.2805886,6.5025574
1262968046,Unnamed,building,3.0,High,3.2711742,6.5058906
1258829432,Unnamed,building,0.0,NoData,3.2537606,6.4062108
1266798487,Unnamed,building,2.0,Moderate,3.2704158,6.4446074
1257556506,Unnamed,building,1.0,Low,3.2558969,6.4699022
1276202337,Unnamed,building,2.0,Moderate,3.2937626,6.501383
1261892858,Unnamed,building,4.0,Very High,3.2481367,6.5202912
1257960874,Unnamed,building,4.0,Very High,3.2314891,6.4550412
1262071113,Unnamed,building,2.0,Moderate,3.2545634,6.5094032
1257794174,Unnamed,building,4.0,Very High,3.2715401,6.4656006
1263741506,Unnamed,building,4.0,Very High,3.2816917,6.4961701
1258593914,Unnamed,building,3.0,High,3.2307023,6.4583261
1263154678,Unnamed,building,0.0,NoData,3.2621867,6.5220546
1267470002,Unnamed,building,2.0,Moderate,3.2831681,6.4757555
1262583918,Unnamed,building,4.0,Very High,3.2453879,6.5024423
1262183236,Unnamed,building,0.0,NoData,3.2347166,6.5251412
1259329895,Unnamed,building,3.0,High,3.2728459,6.5009389
1262169794,Unnamed,building,4.0,Very High,3.2782019,6.5086055
1262087190,Unnamed,building,3.0,High,3.2487959,6.509475
1260678521,Unnamed,building,0.0,NoData,3.2793118,6.5190686
1262968051,Unnamed,building,2.0,Moderate,3.2710698,6.5053429
1267718759,Unnamed,building,3.0,High,3.2270496,6.4500606
733884212,Unnamed,building,4.0,Very High,3.2558782,6.4573222
1257801089,Unnamed,building,3.0,High,3.2514785,6.4528256
1266789231,Unnamed,building,2.0,Moderate,3.2330744,6.4534696
1263743422,Unnamed,building,4.0,Very High,3.2795151,6.4953103
1263697790,Unnamed,building,1.0,Low,3.2633399,6.4963353
1267675015,Unnamed,building,4.0,Very High,3.2286884,6.4510908
1257784084,Unnamed,building,2.0,Moderate,3.2548243,6.447458
1257556496,Unnamed,building,3.0,High,3.2570694,6.4700894
1257401936,Unnamed,building,4.0,Very High,3.2640851,6.440068
1257523188,Unnamed,building,4.0,Very High,3.2770645,6.4812025
1275728098,Unnamed,building,2.0,Moderate,3.3065797,6.5157424
1275719036,Unnamed,building,1.0,Low,3.2926088,6.5194194
1257852699,Unnamed,building,3.0,High,3.3114083,6.4413139
1267678017,Unnamed,building,4.0,Very High,3.2293873,6.4494618
1258453200,Unnamed,building,4.0,Very High,3.294759,6.4679923
1270916951,Unnamed,building,3.0,High,3.2579797,6.5169786
1262839279,Unnamed,building,3.0,High,3.2343652,6.516426
1268982736,Unnamed,building,2.0,Moderate,3.2729788,6.5080725
1262166251,Unnamed,building,2.0,Moderate,3.2773154,6.5166345
1266816647,Unnamed,building,3.0,High,3.2593704,6.4375093
1263682625,Unnamed,building,4.0,Very High,3.2769063,6.4964647
1258584495,Unnamed,building,2.0,Moderate,3.3149671,6.4087806
1261666262,Unnamed,building,4.0,Very High,3.2635093,6.521054
1263249940,Unnamed,building,3.0,High,3.2378563,6.5135573
1258269682,Unnamed,building,3.0,High,3.2753001,6.4373911
1257513539,Unnamed,building,2.0,Moderate,3.2914394,6.4526045
1258026261,Unnamed,building,3.0,High,3.2925084,6.4638552
713760185,Unnamed,building,4.0,Very High,3.2535067,6.4482937
1275800358,Unnamed,building,0.0,NoData,3.3085582,6.5123071
1258663731,Unnamed,building,4.0,Very High,3.2698461,6.4731394
1262943146,Unnamed,building,3.0,High,3.22931,6.522107
1272181597,Unnamed,building,3.0,High,3.2808333,6.5141464
1267571308,Unnamed,building,3.0,High,3.2190149,6.4580894
1258197566,Unnamed,building,3.0,High,3.258932,6.4523876
1258954184,Unnamed,building,0.0,NoData,3.208496,6.4047197
1263644015,Unnamed,building,0.0,NoData,3.2365499,6.5225783
1258373410,Unnamed,building,3.0,High,3.2622932,6.4604957
1262987227,Unnamed,building,2.0,Moderate,3.2723235,6.5136369
1275718926,Unnamed,building,3.0,High,3.2909162,6.5196671
1262444105,Unnamed,building,4.0,Very High,3.2427464,6.5218886
1263515314,Unnamed,building,3.0,High,3.2780151,6.5047765
1259072811,Unnamed,building,1.0,Low,3.2450648,6.5123648
1262119462,Unnamed,building,4.0,Very High,3.2339003,6.5042246
735119403,Unnamed,building,3.0,High,3.3004119,6.4432102
1258210285,Unnamed,building,4.0,Very High,3.2772895,6.4757761
1257834488,Unnamed,building,2.0,Moderate,3.308427,6.4405668
1258663734,Unnamed,building,4.0,Very High,3.2691825,6.4730823
1257809410,Unnamed,building,2.0,Moderate,3.2842405,6.452748
1257940732,Unnamed,building,2.0,Moderate,3.2973213,6.4589789
1275664206,Unnamed,building,3.0,High,3.3055959,6.5193794
1257789122,Unnamed,building,3.0,High,3.3034451,6.4553502
1258801599,Unnamed,building,2.0,Moderate,3.2535557,6.4139106
1267439483,Unnamed,building,2.0,Moderate,3.2134445,6.4499509
1258797783,Unnamed,building,2.0,Moderate,3.284516,6.420936
1261970544,Unnamed,building,3.0,High,3.260718,6.5028853
1263532893,Unnamed,building,3.0,High,3.2776775,6.5017708
1261797255,Unnamed,building,4.0,Very High,3.2253462,6.5074629
1262129978,Unnamed,building,4.0,Very High,3.2769506,6.5130298
1258824350,Unnamed,building,1.0,Low,3.2497973,6.4210111
1263151097,Unnamed,building,3.0,High,3.2761376,6.5022379
1258652808,Unnamed,building,3.0,High,3.2849842,6.4756421
1257642385,Unnamed,building,4.0,Very High,3.283554,6.4775884
1258261728,Unnamed,building,3.0,High,3.2592063,6.4633357
1262122380,Unnamed,building,3.0,High,3.2609691,6.5097826
1258716048,Unnamed,building,4.0,Very High,3.2699196,6.4652085
1258894638,Unnamed,building,0.0,NoData,3.2592147,6.4128316
1270799527,Unnamed,building,4.0,Very High,3.2832117,6.510136
1257629225,Unnamed,building,3.0,High,3.301458,6.4837926
1257648182,Unnamed,building,3.0,High,3.2809554,6.4786235
1267514513,Unnamed,building,3.0,High,3.216137,6.4512825
1257884311,Unnamed,building,2.0,Moderate,3.2780898,6.4354642
1257783808,Unnamed,building,4.0,Very High,3.2733622,6.4505249
1262129996,Unnamed,building,1.0,Low,3.2787934,6.5144265
1276193043,Unnamed,building,4.0,Very High,3.2989463,6.5035075
1260633943,Unnamed,building,4.0,Very High,3.2449809,6.5156824
1262169734,Unnamed,building,2.0,Moderate,3.2767487,6.5066691
1257911826,Unnamed,building,2.0,Moderate,3.2550669,6.4663678
1263147260,Unnamed,building,4.0,Very High,3.2401071,6.5202427
783616141,Unnamed,building,2.0,Moderate,3.2908685,6.4663681
1275283165,Unnamed,building,0.0,NoData,3.3087026,6.5260331
1259483913,Unnamed,building,4.0,Very High,3.2520754,6.487952
1258014372,Unnamed,building,0.0,NoData,3.3071405,6.465888
1261388756,Unnamed,building,2.0,Moderate,3.2470157,6.5010464
1275534002,Unnamed,building,3.0,High,3.291082,6.5206951
1262064719,Unnamed,building,2.0,Moderate,3.2630808,6.5139816
1275856089,Unnamed,building,3.0,High,3.304966,6.5097132
1257449270,Unnamed,building,2.0,Moderate,3.2643239,6.4374687
1275744568,Unnamed,building,3.0,High,3.2910478,6.5114608
1260681245,Unnamed,building,3.0,High,3.2493525,6.5176308
1257641595,Unnamed,building,3.0,High,3.2529391,6.4406843
1267570656,Unnamed,building,3.0,High,3.2173241,6.4589641
1257636248,Unnamed,building,2.0,Moderate,3.3043526,6.4471788
1276351639,Unnamed,building,4.0,Very High,3.2997631,6.4913905
1276253423,Unnamed,building,4.0,Very High,3.2948808,6.4930976
1261797252,Unnamed,building,3.0,High,3.2249587,6.5066231
1275892897,Unnamed,building,4.0,Very High,3.3014387,6.5113097
1258861330,Unnamed,building,4.0,Very High,3.2531838,6.4122161
1258872324,Unnamed,building,0.0,NoData,3.2516682,6.4126582
1267513231,Unnamed,building,3.0,High,3.2169907,6.4517805
1257793977,Unnamed,building,4.0,Very High,3.2701414,6.452526
1267533388,Unnamed,building,4.0,Very High,3.2257862,6.4606806
1258569353,Unnamed,building,2.0,Moderate,3.2768259,6.4630253
1257370512,Unnamed,building,2.0,Moderate,3.2665711,6.4394264
1258451750,Unnamed,building,2.0,Moderate,3.2866475,6.4548026
1257548052,Unnamed,building,0.0,NoData,3.3064672,6.4783554
1259497338,Unnamed,building,1.0,Low,3.2605535,6.5080898
1263452988,Unnamed,building,4.0,Very High,3.2801992,6.5020103
1262605867,Unnamed,building,2.0,Moderate,3.2707243,6.5155074
1257981045,Unnamed,building,4.0,Very High,3.3026792,6.4806808
1258702882,Unnamed,building,0.0,NoData,3.332038,6.4197199
1258691707,Unnamed,building,4.0,Very High,3.2704134,6.4619668
1275766659,Unnamed,building,3.0,High,3.3025074,6.512133
1275520185,Unnamed,building,4.0,Very High,3.2965944,6.5209046
1257785282,Unnamed,building,2.0,Moderate,3.2910768,6.4736293
1260681198,Unnamed,building,2.0,Moderate,3.2492328,6.5193783
1258197649,Unnamed,building,4.0,Very High,3.2575836,6.4531152
1257523190,Unnamed,building,4.0,Very High,3.2776143,6.4816189
1276225328,Unnamed,building,4.0,Very High,3.2936676,6.4988181
1262895491,Unnamed,building,3.0,High,3.2707906,6.4995894
1258193913,Unnamed,building,4.0,Very High,3.2436312,6.4747142
1261916919,Unnamed,building,0.0,NoData,3.2508693,6.5226729
1258659163,Unnamed,building,4.0,Very High,3.2876528,6.463069
1259056179,Unnamed,building,0.0,NoData,3.2399455,6.5245498
1261400100,Unnamed,building,4.0,Very High,3.2226669,6.5096643
1258893851,Unnamed,building,0.0,NoData,3.3501815,6.420774
1262924906,Unnamed,building,0.0,NoData,3.2166531,6.5234952
1257816177,Unnamed,building,3.0,High,3.2636613,6.4466146
1261910444,Unnamed,building,0.0,NoData,3.2669514,6.5233994
1258684370,Unnamed,building,4.0,Very High,3.2588941,6.4554987
1262968994,Unnamed,building,3.0,High,3.2524575,6.516436
1258409071,Unnamed,building,3.0,High,3.2845135,6.4678067
1258830177,Unnamed,building,0.0,NoData,3.2373068,6.4055331
1275892962,Unnamed,building,2.0,Moderate,3.3038164,6.5107463
1258807512,Unnamed,building,0.0,NoData,3.3346161,6.4205394
1257790459,Unnamed,building,3.0,High,3.260717,6.4411921
1083910692,Unnamed,building,3.0,High,3.2194128,6.4431297
1275719063,Unnamed,building,2.0,Moderate,3.2930819,6.5181556
1257451580,Unnamed,building,4.0,Very High,3.2499388,6.4443406
1267625142,Unnamed,building,4.0,Very High,3.2247293,6.4591062
1276163112,Unnamed,building,4.0,Very High,3.3029218,6.5077977
1257817368,Unnamed,building,4.0,Very High,3.303407,6.4666428
1259507854,Unnamed,building,3.0,High,3.254618,6.4875312
1258615272,Unnamed,building,4.0,Very High,3.2493445,6.4652806
1257636191,Unnamed,building,4.0,Very High,3.3055319,6.4478106
1267689157,Unnamed,building,1.0,Low,3.2284706,6.4481682
1258613311,Unnamed,building,0.0,NoData,3.2453036,6.4219657
1258452321,Unnamed,building,2.0,Moderate,3.2890428,6.4239704
1258639462,Unnamed,building,2.0,Moderate,3.2800684,6.4702103
1258551365,Unnamed,building,4.0,Very High,3.2346262,6.4483513
1257641470,Unnamed,building,3.0,High,3.2541193,6.4400601
1257833162,Unnamed,building,3.0,High,3.2730842,6.4456714
1257513021,Unnamed,building,2.0,Moderate,3.2642847,6.4416196
1257784039,Unnamed,building,2.0,Moderate,3.2560601,6.4466213
1258014239,Unnamed,building,3.0,High,3.2963807,6.4507841
1259705793,Unnamed,building,1.0,Low,3.2453633,6.5110236
1257419331,Unnamed,building,2.0,Moderate,3.2622932,6.4388031
1262614374,Unnamed,building,4.0,Very High,3.2603549,6.4962994
1263687297,Unnamed,building,4.0,Very High,3.2371619,6.5148499
1258892513,Unnamed,building,0.0,NoData,3.3503131,6.4216441
1276425380,Unnamed,building,2.0,Moderate,3.3066826,6.4961403
1275719017,Unnamed,building,2.0,Moderate,3.2917688,6.5174064
1258269626,Unnamed,building,3.0,High,3.2754879,6.4358579
1263201090,Unnamed,building,3.0,High,3.2474486,6.508427
1258452703,Unnamed,building,3.0,High,3.3053197,6.4421056
1276457842,Unnamed,building,0.0,NoData,3.3105113,6.4961338
1267875450,Unnamed,building,3.0,High,3.2863467,6.4679193
1257543093,Unnamed,building,2.0,Moderate,3.2519552,6.4464192
1275579070,Unnamed,building,3.0,High,3.2991304,6.5136367
1266820804,Unnamed,building,0.0,NoData,3.3212506,6.4445207
1258580396,Unnamed,building,4.0,Very High,3.2415608,6.450866
1266777786,Unnamed,building,4.0,Very High,3.2612786,6.4415167
1257421587,Unnamed,building,3.0,High,3.2756773,6.4402363
1275413276,Unnamed,building,2.0,Moderate,3.3009704,6.5213978
1263484723,Unnamed,building,4.0,Very High,3.2766022,6.5059052
1258579449,Unnamed,building,1.0,Low,3.2814668,6.4632991
1259653205,Unnamed,building,2.0,Moderate,3.2432295,6.4964797
1276208994,Unnamed,building,3.0,High,3.2918714,6.5009857
1271846268,Unnamed,building,3.0,High,3.2318367,6.4631661
1275194310,Unnamed,building,1.0,Low,3.3048852,6.5045774
1261799138,Unnamed,building,4.0,Very High,3.223378,6.5066124
1257840443,Unnamed,building,3.0,High,3.3014293,6.4744705
1275149062,Unnamed,building,0.0,NoData,3.3103328,6.5282583
1258063515,Unnamed,building,3.0,High,3.2810634,6.4732122
1263609584,Unnamed,building,0.0,NoData,3.2370636,6.5226898
1267310044,Unnamed,building,4.0,Very High,3.2198149,6.4945821
1263643898,Unnamed,building,3.0,High,3.2356755,6.5209404
1258219245,Unnamed,building,4.0,Very High,3.271691,6.4485698
1259300762,Unnamed,building,0.0,NoData,3.2517918,6.522602
1257829566,Unnamed,building,4.0,Very High,3.3038553,6.4710064
1261400000,Unnamed,building,2.0,Moderate,3.2220946,6.5115246
1257841513,Unnamed,building,2.0,Moderate,3.259539,6.4340531
1262208389,Unnamed,building,4.0,Very High,3.241918,6.5127375
1276458037,Unnamed,building,2.0,Moderate,3.3055506,6.4932752
1258549229,Unnamed,building,0.0,NoData,3.2007933,6.4182842
1261892695,Unnamed,building,4.0,Very High,3.2486799,6.5224
1258662917,Unnamed,building,0.0,NoData,3.3241236,6.4429913
1257789141,Unnamed,building,4.0,Very High,3.301888,6.4552405
1263772356,Unnamed,building,3.0,High,3.2837815,6.4994937
1258125100,Unnamed,building,4.0,Very High,3.3002301,6.4845502
1257980513,Unnamed,building,2.0,Moderate,3.2556416,6.4652297
1258643889,Unnamed,building,2.0,Moderate,3.2548597,6.4585591
1258197658,Unnamed,building,4.0,Very High,3.2584954,6.4538781
1276451681,Unnamed,building,2.0,Moderate,3.3006164,6.4880477
1261852834,Unnamed,building,4.0,Very High,3.2245985,6.5145793
1258636451,Unnamed,building,3.0,High,3.276766,6.4660632
1260662660,Unnamed,building,4.0,Very High,3.2475474,6.5193607
1257765125,Unnamed,building,1.0,Low,3.307801,6.4472289
1260529049,Unnamed,building,4.0,Very High,3.2634538,6.5002577
1257908247,Unnamed,building,4.0,Very High,3.2658464,6.4543691
1258672052,Unnamed,building,2.0,Moderate,3.3167439,6.4358781
1257783804,Unnamed,building,2.0,Moderate,3.2736715,6.4507507
1258565913,Unnamed,building,4.0,Very High,3.2355792,6.445389
1262444085,Unnamed,building,3.0,High,3.2431005,6.5212527
1260550497,Unnamed,building,4.0,Very High,3.2456023,6.4992
1257488446,Unnamed,building,3.0,High,3.2775315,6.4415033
1262481107,Unnamed,building,0.0,NoData,3.2707264,6.5226839
1276182411,Unnamed,building,4.0,Very High,3.3010971,6.5059269
1258457560,Unnamed,building,2.0,Moderate,3.2808773,6.422456
1259507859,Unnamed,building,3.0,High,3.2538986,6.4872572
1257992519,Unnamed,building,0.0,NoData,3.235314,6.4176456
1258152914,Unnamed,building,4.0,Very High,3.28363,6.4432534
670589976,Unnamed,building,0.0,NoData,3.2525671,6.4240667
1257520355,Unnamed,building,2.0,Moderate,3.2744197,6.4494903
1263285036,Unnamed,building,1.0,Low,3.2817839,6.5109205
1257547134,Unnamed,building,3.0,High,3.2526895,6.4470501
1267619550,Unnamed,building,3.0,High,3.2316464,6.4701259
1258649525,Unnamed,building,2.0,Moderate,3.2388758,6.4691133
1267902831,Unnamed,building,2.0,Moderate,3.291857,6.4579914
1275699754,Unnamed,building,3.0,High,3.2959726,6.5193413
1258569369,Unnamed,building,4.0,Very High,3.27841,6.4637922
1258247797,Unnamed,building,3.0,High,3.2636398,6.4446775
1257578700,Unnamed,building,3.0,High,3.2857192,6.4861566
1258593794,Unnamed,building,4.0,Very High,3.2319339,6.4574228
1257499099,Unnamed,building,2.0,Moderate,3.2582828,6.450251
1257954315,Unnamed,building,3.0,High,3.2519853,6.4432655
1257783636,Unnamed,building,4.0,Very High,3.2610988,6.4422775
1137587840,Unnamed,building,3.0,High,3.3040965,6.5070883
1262428290,Unnamed,building,2.0,Moderate,3.2565629,6.5113248
1257545635,Unnamed,building,4.0,Very High,3.2476522,6.4496633
1276000430,Unnamed,building,2.0,Moderate,3.2972933,6.5117768
1257397763,Unnamed,building,4.0,Very High,3.2540278,6.4515576
1262342719,Unnamed,building,3.0,High,3.257274,6.5120212
1275692816,Unnamed,building,3.0,High,3.2991869,6.519625
1275745471,Unnamed,building,2.0,Moderate,3.2988158,6.5167612
1260662623,Unnamed,building,4.0,Very High,3.2488022,6.5187394
1258256454,Unnamed,building,4.0,Very High,3.2791056,6.4622782
1261838875,Unnamed,building,4.0,Very High,3.2831519,6.4972951
1258447003,Unnamed,building,3.0,High,3.2922433,6.4571024
1257548069,Unnamed,building,0.0,NoData,3.3068705,6.478173
1258418240,Unnamed,building,2.0,Moderate,3.2582308,6.4233561
1083917629,Unnamed,building,4.0,Very High,3.2340403,6.4437939
1275736929,Unnamed,building,3.0,High,3.2912257,6.5131046
1258481817,Unnamed,building,3.0,High,3.2621824,6.4560367
707266251,Unnamed,building,4.0,Very High,3.3022436,6.4816579
1275283133,Unnamed,building,0.0,NoData,3.3071833,6.5279122
1258460061,Unnamed,building,3.0,High,3.2922875,6.4673904
1263747928,Unnamed,building,3.0,High,3.2511447,6.4875221
1257625467,Unnamed,building,4.0,Very High,3.2672758,6.4499353
1262064724,Unnamed,building,2.0,Moderate,3.2656171,6.5140289
1257823213,Unnamed,building,4.0,Very High,3.3039438,6.4695862
1258857877,Unnamed,building,2.0,Moderate,3.2594713,6.4147354
1258456374,Unnamed,building,4.0,Very High,3.2590264,6.4402381
1258239688,Unnamed,building,2.0,Moderate,3.2744786,6.4728225
1258016293,Unnamed,building,3.0,High,3.2482534,6.4679255
1285751678,Unnamed,building,2.0,Moderate,3.3581022,6.4159759
1262535620,Unnamed,building,2.0,Moderate,3.2733744,6.5214199
1259370946,Unnamed,building,3.0,High,3.2597109,6.5209979
1272366297,Unnamed,building,3.0,High,3.2666047,6.5105882
1257430475,Unnamed,building,4.0,Very High,3.2513761,6.4448384
1261410773,Unnamed,building,4.0,Very High,3.2256113,6.5109293
1275260254,Unnamed,building,0.0,NoData,3.3068336,6.5279418
1257884213,Unnamed,building,3.0,High,3.2788732,6.435126
1267318312,Unnamed,building,3.0,High,3.2210806,6.4961365
1262183254,Unnamed,building,0.0,NoData,3.2343313,6.523958
1258807556,Unnamed,building,0.0,NoData,3.3348135,6.420498
1267746106,Unnamed,building,0.0,NoData,3.2161265,6.4437595
1257723026,Unnamed,building,2.0,Moderate,3.2561961,6.4452513
1263718927,Unnamed,building,3.0,High,3.2546897,6.4902831
1262940870,Unnamed,building,3.0,High,3.2678484,6.5074089
1259769329,Unnamed,building,3.0,High,3.2326564,6.5204873
1258580661,Unnamed,building,3.0,High,3.285996,6.4644858
1262968748,Unnamed,building,3.0,High,3.2540199,6.5167035
1275940105,Unnamed,building,3.0,High,3.2995345,6.5109718
1258255306,Unnamed,building,2.0,Moderate,3.2796503,6.4420116
1263532839,Unnamed,building,3.0,High,3.2767139,6.5013208
1258853057,Unnamed,building,2.0,Moderate,3.2547213,6.4130957
1259371036,Unnamed,building,3.0,High,3.2586994,6.52022
1257627134,Unnamed,building,2.0,Moderate,3.2792467,6.4497265
1258327324,Unnamed,building,3.0,High,3.2600208,6.4593238
1257789094,Unnamed,building,3.0,High,3.3035278,6.454724
1258579566,Unnamed,building,3.0,High,3.2812645,6.465178
1275785370,Unnamed,building,4.0,Very High,3.3048475,6.5120837
1263110479,Unnamed,building,3.0,High,3.2719441,6.5114363
1262895617,Unnamed,building,2.0,Moderate,3.2693987,6.4996644
1259371039,Unnamed,building,3.0,High,3.2583342,6.5214445
1263249879,Unnamed,building,3.0,High,3.2359053,6.5144305
1258705700,Unnamed,building,4.0,Very High,3.2893096,6.4571093
1267521496,Unnamed,building,3.0,High,3.2217598,6.4549063
1262535651,Unnamed,building,2.0,Moderate,3.2729607,6.5205852
1261851393,Unnamed,building,3.0,High,3.2797126,6.5005763
1267750667,Unnamed,building,0.0,NoData,3.1974165,6.4056033
1258634044,Unnamed,building,4.0,Very High,3.2490582,6.4580271
1257957047,Unnamed,building,4.0,Very High,3.3000096,6.4754968
1257421642,Unnamed,building,2.0,Moderate,3.2742675,6.4393326
1276246031,Unnamed,building,4.0,Very High,3.2918607,6.4969027
1258669970,Unnamed,building,1.0,Low,3.3037256,6.4450501
1267733053,Unnamed,building,4.0,Very High,3.221974,6.4486553
1267340038,Unnamed,building,4.0,Very High,3.2278659,6.4588786
1257789089,Unnamed,building,2.0,Moderate,3.3031166,6.4546676
1258203740,Unnamed,building,2.0,Moderate,3.2535792,6.4220498
1257427734,Unnamed,building,4.0,Very High,3.2657466,6.4378402
1262183200,Unnamed,building,0.0,NoData,3.2342545,6.5250157
1263732186,Unnamed,building,3.0,High,3.2753927,6.5007621
1267780741,Unnamed,building,2.0,Moderate,3.3021626,6.4569038
1262054610,Unnamed,building,3.0,High,3.2650857,6.5017104
1257577874,Unnamed,building,4.0,Very High,3.2821295,6.4377444
1258014604,Unnamed,building,2.0,Moderate,3.2579123,6.4723049
1262636607,Unnamed,building,2.0,Moderate,3.255314,6.4995092
1261412403,Unnamed,building,4.0,Very High,3.2255765,6.5113917
1258640935,Unnamed,building,4.0,Very High,3.3184978,6.4425634
1273038578,Unnamed,building,4.0,Very High,3.2299396,6.4573962
1258574762,Unnamed,building,4.0,Very High,3.2360993,6.4413895
1257548120,Unnamed,building,4.0,Very High,3.3044624,6.4781008
1262166309,Unnamed,building,1.0,Low,3.2782693,6.5148868
1258551342,Unnamed,building,4.0,Very High,3.2342436,6.4479065
1266508820,Unnamed,building,0.0,NoData,3.3136935,6.4364322
1258523446,Unnamed,building,2.0,Moderate,3.2630454,6.4066968
1267784583,Unnamed,building,4.0,Very High,3.2247012,6.4420468
1275692761,Unnamed,building,3.0,High,3.299424,6.518457
994993834,Unnamed,building,3.0,High,3.3193029,6.4151499
1258691717,Unnamed,building,4.0,Very High,3.2704781,6.4625876
1259769308,Unnamed,building,4.0,Very High,3.2303464,6.5204412
1258366311,Unnamed,building,2.0,Moderate,3.2611682,6.4636427
964332266,Unnamed,building,4.0,Very High,3.2594328,6.4684566
1262064767,Unnamed,building,4.0,Very High,3.2656098,6.5127983
1262583903,Unnamed,building,4.0,Very High,3.2456444,6.5022556
1266098429,Unnamed,building,0.0,NoData,3.25171,6.406051
1258797774,Unnamed,building,2.0,Moderate,3.2846325,6.42129
1257816156,Unnamed,building,3.0,High,3.2645024,6.4476656
1259053534,Unnamed,building,0.0,NoData,3.2388311,6.5245335
1267529991,Unnamed,building,3.0,High,3.2229956,6.4529822
1267537691,Unnamed,building,4.0,Very High,3.2299403,6.4552176
1263558063,Unnamed,building,3.0,High,3.2677846,6.5103909
1267617367,Unnamed,building,3.0,High,3.2271889,6.4812394
1257722911,Unnamed,building,4.0,Very High,3.2578029,6.4439218
1258632653,Unnamed,building,4.0,Very High,3.2523656,6.4677449
1259312587,Unnamed,building,4.0,Very High,3.2797773,6.5088533
1258461592,Unnamed,building,4.0,Very High,3.2383442,6.4563756
1258274859,Unnamed,building,3.0,High,3.2914541,6.483514
1257970309,Unnamed,building,3.0,High,3.2379235,6.4535881
1268617257,Unnamed,building,3.0,High,3.251288,6.5007858
1257455636,Unnamed,building,3.0,High,3.2609382,6.4360164
1275526895,Unnamed,building,2.0,Moderate,3.3030765,6.5218542
1258604118,Unnamed,building,1.0,Low,3.2512316,6.4594097
1257761467,Unnamed,building,3.0,High,3.290175,6.4594411
1257842246,Unnamed,building,4.0,Very High,3.2711941,6.4641762
1258017094,Unnamed,building,3.0,High,3.302148,6.4539017
1258625956,Unnamed,building,3.0,High,3.2513406,6.4661575
1258658991,Unnamed,building,2.0,Moderate,3.2895455,6.463931
1258632646,Unnamed,building,3.0,High,3.253185,6.4677882
1258373574,Unnamed,building,2.0,Moderate,3.2625726,6.4623445
1257817332,Unnamed,building,4.0,Very High,3.301375,6.4665532
1276215046,Unnamed,building,4.0,Very High,3.2988346,6.4981382
1275664278,Unnamed,building,3.0,High,3.3048202,6.5180465
1262294637,Unnamed,building,3.0,High,3.2574764,6.506001
1275283164,Unnamed,building,0.0,NoData,3.3086365,6.5260698
1137584452,Unnamed,building,3.0,High,3.2994549,6.5004658
1266417865,Unnamed,building,4.0,Very High,3.2248187,6.440763
1258672058,Unnamed,building,4.0,Very High,3.3162101,6.4358583
1266766578,Unnamed,building,2.0,Moderate,3.2525791,6.4407927
1258208561,Unnamed,building,4.0,Very High,3.2442697,6.4718547
1258433243,Unnamed,building,0.0,NoData,3.2693456,6.4059713
1083914467,Unnamed,building,2.0,Moderate,3.2260623,6.4451501
1266611425,Unnamed,building,0.0,NoData,3.3349084,6.4199955
1267617800,Unnamed,building,3.0,High,3.2267411,6.4813072
1263110444,Unnamed,building,1.0,Low,3.2731243,6.510635
1259532836,Unnamed,building,2.0,Moderate,3.2539001,6.5077108
995057420,Unnamed,building,3.0,High,3.3198703,6.4152414
1275940069,Unnamed,building,3.0,High,3.2993714,6.5110786
1257845536,Unnamed,building,2.0,Moderate,3.2413481,6.4667594
1267537823,Unnamed,building,4.0,Very High,3.2271997,6.4550646
1258418200,Unnamed,building,3.0,High,3.2590519,6.4230329
1258014597,Unnamed,building,1.0,Low,3.2588099,6.4721818
995184668,Unnamed,building,4.0,Very High,3.3203074,6.4167382
1263697745,Unnamed,building,2.0,Moderate,3.263379,6.4974389
1262071042,Unnamed,building,2.0,Moderate,3.2536251,6.5097711
1261841573,Unnamed,building,0.0,NoData,3.2218798,6.5127221
1258716017,Unnamed,building,4.0,Very High,3.2700436,6.4647526
1259804366,Unnamed,building,2.0,Moderate,3.2687511,6.5027974
1267537648,Unnamed,building,4.0,Very High,3.2276266,6.4568974
1262925046,Unnamed,building,0.0,NoData,3.2186322,6.5237915
1262169793,Unnamed,building,4.0,Very High,3.278366,6.5086141
1118296514,Unnamed,building,3.0,High,3.3615346,6.4170007
1262148577,Unnamed,building,3.0,High,3.27377,6.5073156
1258199932,Unnamed,building,3.0,High,3.2496504,6.4714074
1263718939,Unnamed,building,1.0,Low,3.2520505,6.4915205
1262787301,Unnamed,building,3.0,High,3.2614814,6.5182269
1261892801,Unnamed,building,4.0,Very High,3.2490431,6.5206364
1258581393,Unnamed,building,3.0,High,3.2540353,6.4586842
1257397576,Unnamed,building,4.0,Very High,3.2532559,6.4515451
1267708994,Unnamed,building,2.0,Moderate,3.2266249,6.4449831
1261388948,Unnamed,building,3.0,High,3.2485658,6.5025415
1259524826,Unnamed,building,3.0,High,3.2539678,6.4986679
1263523200,Unnamed,building,3.0,High,3.2419443,6.4984362
1257908419,Unnamed,building,4.0,Very High,3.266205,6.4526971
1258219860,Unnamed,building,2.0,Moderate,3.2766371,6.4737335
1259524834,Unnamed,building,3.0,High,3.2545491,6.498444
1258621016,Unnamed,building,3.0,High,3.2831586,6.4713246
995242892,Unnamed,building,4.0,Very High,3.3218226,6.4177988
1258247742,Unnamed,building,2.0,Moderate,3.2646852,6.4439383
1276463157,Unnamed,building,0.0,NoData,3.3097702,6.4976003
1257812368,Unnamed,building,3.0,High,3.2836017,6.4796083
1262787358,Unnamed,building,4.0,Very High,3.2614778,6.5174521
1267731568,Unnamed,building,4.0,Very High,3.2263662,6.4561991
1262187568,Unnamed,building,1.0,Low,3.2474079,6.510992
1257954319,Unnamed,building,3.0,High,3.2519457,6.4434915
1257556555,Unnamed,building,3.0,High,3.2552951,6.4706882
1257841537,Unnamed,building,3.0,High,3.2590907,6.4346753
1276245979,Unnamed,building,3.0,High,3.2925655,6.4957151
1257413902,Unnamed,building,4.0,Very High,3.2803642,6.4404578
1263741617,Unnamed,building,4.0,Very High,3.2821214,6.4977854
1263701258,Unnamed,building,4.0,Very High,3.25735,6.4967384
1261841467,Unnamed,building,4.0,Very High,3.2240968,6.5119471
1258653427,Unnamed,building,3.0,High,3.2489919,6.4706986
1257836727,Unnamed,building,4.0,Very High,3.2996144,6.4750481
1257764887,Unnamed,building,4.0,Very High,3.2676941,6.4458372
1260681434,Unnamed,building,3.0,High,3.2515394,6.5190342
1275543505,Unnamed,building,4.0,Very High,3.289062,6.5206132
1268617321,Unnamed,building,2.0,Moderate,3.2510924,6.4987396
1263654150,Unnamed,building,4.0,Very High,3.2819303,6.5131156
1262054442,Unnamed,building,2.0,Moderate,3.2636193,6.5032274
1258659158,Unnamed,building,3.0,High,3.2896555,6.4646162
1276491940,Unnamed,building,3.0,High,3.3025253,6.4884527
1258760666,Unnamed,building,2.0,Moderate,3.3168407,6.4351854
1275260255,Unnamed,building,0.0,NoData,3.3066973,6.5279248
1258653443,Unnamed,building,2.0,Moderate,3.246753,6.4688687
1259658780,Unnamed,building,3.0,High,3.249296,6.5163347
1257784117,Unnamed,building,4.0,Very High,3.256486,6.44867
1257401913,Unnamed,building,4.0,Very High,3.2630523,6.4390922
1262122506,Unnamed,building,3.0,High,3.2607522,6.5116066
1268123347,Unnamed,building,3.0,High,3.3013778,6.4695805
1083914113,Unnamed,building,3.0,High,3.2245916,6.4436802
1258547923,Unnamed,building,3.0,High,3.2331562,6.4512557
1258447715,Unnamed,building,3.0,High,3.3090497,6.4408757
1257822128,Unnamed,building,4.0,Very High,3.3123246,6.4407886
1262910993,Unnamed,building,1.0,Low,3.2671034,6.5039942
1262987262,Unnamed,building,2.0,Moderate,3.2736319,6.5119957
1260480549,Unnamed,building,4.0,Very High,3.2674977,6.5020057
1258031954,Unnamed,building,3.0,High,3.293801,6.4538518
1267634140,Unnamed,building,3.0,High,3.2300123,6.4522807
1262181554,Unnamed,building,0.0,NoData,3.2784278,6.5189891
1267436887,Unnamed,building,3.0,High,3.2105334,6.4537816
1258016316,Unnamed,building,3.0,High,3.2485661,6.467786
1260612177,Unnamed,building,4.0,Very High,3.2420456,6.5165901
1263237882,Unnamed,building,2.0,Moderate,3.2404306,6.5198495
1275944333,Unnamed,building,3.0,High,3.3007473,6.5075854
1276192580,Unnamed,building,3.0,High,3.2933396,6.5051224
1263545021,Unnamed,building,2.0,Moderate,3.256734,6.4887392
1258237697,Unnamed,building,4.0,Very High,3.2481091,6.46765
1257814694,Unnamed,building,3.0,High,3.2664993,6.4484426
1259046348,Unnamed,building,0.0,NoData,3.2408059,6.5250418
1263458377,Unnamed,building,3.0,High,3.2766752,6.4948745
1262580716,Unnamed,building,2.0,Moderate,3.2424884,6.5018006
1257593252,Unnamed,building,0.0,NoData,3.3062825,6.4669616
1258296718,Unnamed,building,2.0,Moderate,3.2794101,6.4435414
1258756829,Unnamed,building,4.0,Very High,3.3178627,6.4447158
1258691796,Unnamed,building,2.0,Moderate,3.2708049,6.4616021
1258453292,Unnamed,building,1.0,Low,3.2933639,6.4660874
1262895410,Unnamed,building,2.0,Moderate,3.2689869,6.4998818
1257814705,Unnamed,building,2.0,Moderate,3.2681395,6.4485085
1263114360,Unnamed,building,4.0,Very High,3.2754656,6.5096057
1267732957,Unnamed,building,2.0,Moderate,3.2223401,6.4472395
1258388763,Unnamed,building,3.0,High,3.2711694,6.4225699
1257981004,Unnamed,building,4.0,Very High,3.303198,6.480108
1257794267,Unnamed,building,4.0,Very High,3.2726817,6.4658555
1262054489,Unnamed,building,3.0,High,3.2650562,6.5022613
1258685140,Unnamed,building,4.0,Very High,3.2968856,6.4509544
1258237701,Unnamed,building,3.0,High,3.2484639,6.4673374
1261898433,Unnamed,building,4.0,Very High,3.2265484,6.5040672
1257592298,Unnamed,building,4.0,Very High,3.2989704,6.4646229
1258613920,Unnamed,building,2.0,Moderate,3.3029766,6.4847074
1259532824,Unnamed,building,3.0,High,3.2532657,6.5070971
1258664479,Unnamed,building,3.0,High,3.2352641,6.4576231
1262885788,Unnamed,building,4.0,Very High,3.2752045,6.5166624
1259050725,Unnamed,building,0.0,NoData,3.2398453,6.5228516
1262911037,Unnamed,building,2.0,Moderate,3.2674415,6.5040655
1276362739,Unnamed,building,2.0,Moderate,3.2928552,6.4879907
1257761505,Unnamed,building,4.0,Very High,3.2901447,6.4575029
1261892344,Unnamed,building,4.0,Very High,3.2242163,6.5163106
1263150846,Unnamed,building,1.0,Low,3.2291138,6.5179083
1258436486,Unnamed,building,4.0,Very High,3.271825,6.434168
1263532894,Unnamed,building,3.0,High,3.2775137,6.5017813
1261797317,Unnamed,building,3.0,High,3.226444,6.5077244
1257517842,Unnamed,building,4.0,Very High,3.2567677,6.4294644
1258579447,Unnamed,building,3.0,High,3.2821025,6.4631372
1257547103,Unnamed,building,4.0,Very High,3.2525477,6.4488964
1257945652,Unnamed,building,3.0,High,3.2951786,6.4621165
1260528986,Unnamed,building,3.0,High,3.2641615,6.4982701
732325826,Unnamed,building,4.0,Very High,3.3079319,6.4524787
1263283504,Unnamed,building,1.0,Low,3.2278542,6.5166547
1262535665,Unnamed,building,1.0,Low,3.2740059,6.5202731
1267533400,Unnamed,building,4.0,Very High,3.2258093,6.461004
1258266275,Unnamed,building,3.0,High,3.2964448,6.4543479
1259319201,Unnamed,building,3.0,High,3.2793948,6.5005136
1257856368,Unnamed,building,1.0,Low,3.2745315,6.4680653
1257925441,Unnamed,building,3.0,High,3.2836924,6.4738059
1257661816,Unnamed,building,0.0,NoData,3.3071557,6.4792437
995184673,Unnamed,building,4.0,Very High,3.3211563,6.4168204
1257419300,Unnamed,building,2.0,Moderate,3.2626335,6.4405019
1263609419,Unnamed,building,0.0,NoData,3.2360125,6.5244354
1257842048,Unnamed,building,4.0,Very High,3.2739605,6.4646855
1257750990,Unnamed,building,4.0,Very High,3.2578401,6.4461927
1257470062,Unnamed,building,3.0,High,3.2791912,6.4729113
1257994952,Unnamed,building,3.0,High,3.2352638,6.4705898
1258274873,Unnamed,building,3.0,High,3.2916771,6.4833635
1257798234,Unnamed,building,3.0,High,3.2805437,6.4812204
732325775,Unnamed,building,3.0,High,3.2879819,6.4523589
1258720004,Unnamed,building,0.0,NoData,3.2830177,6.4242586
1257451568,Unnamed,building,2.0,Moderate,3.2511437,6.4454597
1258549298,Unnamed,building,0.0,NoData,3.2012412,6.4182285
1257537523,Unnamed,building,4.0,Very High,3.2511133,6.4487637
1267532942,Unnamed,building,3.0,High,3.2132949,6.4577209
1267448158,Unnamed,building,3.0,High,3.2152268,6.4541937
1258569338,Unnamed,building,2.0,Moderate,3.2794691,6.463244
1275548490,Unnamed,building,0.0,NoData,3.2868486,6.5210669
1258590221,Unnamed,building,4.0,Very High,3.2362473,6.4563178
1257869604,Unnamed,building,4.0,Very High,3.3105293,6.4458184
1263400562,Unnamed,building,4.0,Very High,3.2842953,6.5020188
1259507313,Unnamed,building,0.0,NoData,3.2434842,6.5232613
1268118436,Unnamed,building,2.0,Moderate,3.2961557,6.4695046
1260662776,Unnamed,building,3.0,High,3.248434,6.5192097
1260528857,Unnamed,building,2.0,Moderate,3.2645272,6.5004899
1268113862,Unnamed,building,3.0,High,3.2820175,6.4775099
1268118382,Unnamed,building,3.0,High,3.2962795,6.4687756
1258193888,Unnamed,building,2.0,Moderate,3.2462997,6.4767782
1257520346,Unnamed,building,2.0,Moderate,3.2746659,6.4492268
1257563685,Unnamed,building,3.0,High,3.2794665,6.4819246
1257488458,Unnamed,building,3.0,High,3.2775859,6.4411252
1271234940,Unnamed,building,4.0,Very High,3.2630312,6.5192455
1267511728,Unnamed,building,4.0,Very High,3.2163808,6.4548457
1257856331,Unnamed,building,3.0,High,3.2747581,6.4654385
1257869661,Unnamed,building,1.0,Low,3.3101399,6.4437798
1258016353,Unnamed,building,4.0,Very High,3.2449744,6.4710739
1275527176,Unnamed,building,4.0,Very High,3.2951372,6.5216748
1263682548,Unnamed,building,3.0,High,3.2787374,6.497666
1258448588,Unnamed,building,0.0,NoData,3.2633627,6.4248919
1267509078,Unnamed,building,2.0,Moderate,3.214066,6.4566024
1258247995,Unnamed,building,3.0,High,3.2640111,6.4462927
1258581500,Unnamed,building,3.0,High,3.233759,6.4423701
1258388757,Unnamed,building,1.0,Low,3.2707799,6.424451
1258816688,Unnamed,building,0.0,NoData,3.3096137,6.4588652
1259769309,Unnamed,building,2.0,Moderate,3.2302279,6.5205018
1257783839,Unnamed,building,4.0,Very High,3.2731464,6.4501296
1267487813,Unnamed,building,3.0,High,3.2949269,6.4588798
1258593893,Unnamed,building,4.0,Very High,3.2299399,6.4577574
1258801180,Unnamed,building,0.0,NoData,3.2572301,6.4245398
1263416783,Unnamed,building,1.0,Low,3.2390624,6.5027087
1263644179,Unnamed,building,3.0,High,3.2362187,6.5214596
1258809930,Unnamed,building,0.0,NoData,3.2239641,6.4056071
1257636270,Unnamed,building,2.0,Moderate,3.3043838,6.448445
1263179479,Unnamed,building,0.0,NoData,3.2314663,6.5239453
1258714724,Unnamed,building,0.0,NoData,3.329612,6.4200369
1258296776,Unnamed,building,4.0,Very High,3.2771127,6.4445819
1266508846,Unnamed,building,4.0,Very High,3.3150769,6.4358119
1259424661,Unnamed,building,3.0,High,3.2712994,6.5028078
1258022633,Unnamed,building,2.0,Moderate,3.2680339,6.4586626
1263175108,Unnamed,building,2.0,Moderate,3.2627106,6.4950957
1262852243,Unnamed,building,2.0,Moderate,3.2665447,6.4993648
1258394272,Unnamed,building,2.0,Moderate,3.2792159,6.4637407
1257513098,Unnamed,building,2.0,Moderate,3.2644451,6.442205
1257787641,Unnamed,building,2.0,Moderate,3.2946728,6.4581121
1258708022,Unnamed,building,0.0,NoData,3.3165448,6.4504158
1257397588,Unnamed,building,2.0,Moderate,3.2539217,6.450425
1262924875,Unnamed,building,0.0,NoData,3.2176943,6.5231196
1262179563,Unnamed,building,3.0,High,3.2366256,6.5006559
1268617313,Unnamed,building,2.0,Moderate,3.2514668,6.4983452
1258433456,Unnamed,building,3.0,High,3.2515288,6.4388464
1275531186,Unnamed,building,2.0,Moderate,3.3057017,6.5209141
1258296803,Unnamed,building,4.0,Very High,3.2770453,6.4452932
1262885689,Unnamed,building,4.0,Very High,3.2744669,6.5146961
1267780763,Unnamed,building,3.0,High,3.3029784,6.4570224
1257661834,Unnamed,building,0.0,NoData,3.3072319,6.480985
1258436850,Unnamed,building,3.0,High,3.2641978,6.4617777
1257386496,Unnamed,building,2.0,Moderate,3.2686665,6.4398978
1258513726,Unnamed,building,4.0,Very High,3.2366303,6.4500511
1257816174,Unnamed,building,3.0,High,3.2636441,6.447733
1260594462,Unnamed,building,2.0,Moderate,3.2501473,6.5144633
1275856062,Unnamed,building,3.0,High,3.3048605,6.5091703
1261992876,Unnamed,building,3.0,High,3.2697518,6.5091553
1258622291,Unnamed,building,3.0,High,3.2920402,6.4614612
1257513103,Unnamed,building,2.0,Moderate,3.2643308,6.442108
1257606605,Unnamed,building,4.0,Very High,3.3045848,6.4548768
1258046361,Unnamed,building,3.0,High,3.293483,6.453597
1263159386,Unnamed,building,0.0,NoData,3.2286531,6.5239677
1263697929,Unnamed,building,4.0,Very High,3.2642855,6.4958736
1262943142,Unnamed,building,3.0,High,3.2277979,6.5222111
1258988856,Unnamed,building,0.0,NoData,3.288659,6.4054209
1258125040,Unnamed,building,3.0,High,3.2990389,6.4822572
1262895575,Unnamed,building,2.0,Moderate,3.2693921,6.5002516
1257605790,Unnamed,building,3.0,High,3.2526674,6.4439993
1262529730,Unnamed,building,3.0,High,3.2603674,6.5156973
1257530651,Unnamed,building,4.0,Very High,3.2707688,6.4756947
1257771534,Unnamed,building,4.0,Very High,3.2950614,6.4686205
1262178189,Unnamed,building,2.0,Moderate,3.2827113,6.5035938
995256308,Unnamed,building,2.0,Moderate,3.3284037,6.4182035
1270917052,Unnamed,building,3.0,High,3.2575007,6.5091076
1258403179,Unnamed,building,4.0,Very High,3.298008,6.4570866
1258446505,Unnamed,building,0.0,NoData,3.3169128,6.4480373
1257385640,Unnamed,building,2.0,Moderate,3.2693346,6.4488736
1257774578,Unnamed,building,4.0,Very High,3.2624365,6.4448965
1257947049,Unnamed,building,2.0,Moderate,3.2887375,6.4617691
1258596494,Unnamed,building,2.0,Moderate,3.2351026,6.4437592
1258167363,Unnamed,building,0.0,NoData,3.3196831,6.4478167
1257499108,Unnamed,building,2.0,Moderate,3.2583589,6.4493769
1258714761,Unnamed,building,0.0,NoData,3.331202,6.4198428
1272201487,Unnamed,building,2.0,Moderate,3.2494374,6.503
1257607652,Unnamed,building,4.0,Very High,3.2543987,6.4453737
1262510768,Unnamed,building,2.0,Moderate,3.2401645,6.5099407
1275755757,Unnamed,building,3.0,High,3.3027432,6.5149677
1258453286,Unnamed,building,2.0,Moderate,3.2954847,6.4660497
1267621079,Unnamed,building,3.0,High,3.2328689,6.4679541
1262178249,Unnamed,building,3.0,High,3.2836336,6.5062334
1257605800,Unnamed,building,4.0,Very High,3.2528211,6.4447101
1257529685,Unnamed,building,3.0,High,3.2518145,6.4504584
1267540865,Unnamed,building,3.0,High,3.2205575,6.4917619
1259769361,Unnamed,building,4.0,Very High,3.2311869,6.5210521
1257521442,Unnamed,building,3.0,High,3.2521099,6.4706315
1258579559,Unnamed,building,1.0,Low,3.2819654,6.4653303
1262885773,Unnamed,building,4.0,Very High,3.2751797,6.51635
1276426241,Unnamed,building,3.0,High,3.308111,6.4998713
1257939354,Unnamed,building,4.0,Very High,3.2955834,6.4813663
1262510770,Unnamed,building,2.0,Moderate,3.2392109,6.5104644
1257556370,Unnamed,building,2.0,Moderate,3.2554808,6.4682702
1263711070,Unnamed,building,1.0,Low,3.2832773,6.512972
1267660738,Unnamed,building,2.0,Moderate,3.2256888,6.4919865
1258695151,Unnamed,building,4.0,Very High,3.2799204,6.4561366
1258403268,Unnamed,building,4.0,Very High,3.2984957,6.4568499
1267438604,Unnamed,building,2.0,Moderate,3.3013293,6.4758951
1259524948,Unnamed,building,4.0,Very High,3.2528755,6.4989497
1266508859,Unnamed,building,4.0,Very High,3.3204185,6.4364349
1275567432,Unnamed,building,2.0,Moderate,3.3076329,6.5250043
1257841465,Unnamed,building,3.0,High,3.2600319,6.4340482
1258697797,Unnamed,building,2.0,Moderate,3.2869099,6.4579527
1275781228,Unnamed,building,2.0,Moderate,3.3056974,6.5103954
1263249924,Unnamed,building,3.0,High,3.2377433,6.5129554
1267511733,Unnamed,building,3.0,High,3.2166135,6.4573299
1261909836,Unnamed,building,0.0,NoData,3.2458716,6.5234837
1257861023,Unnamed,building,4.0,Very High,3.3128769,6.441691
1263701218,Unnamed,building,2.0,Moderate,3.2557425,6.4960234
747945870,Unnamed,building,3.0,High,3.2348555,6.4274907
1263515392,Unnamed,building,1.0,Low,3.2770915,6.5058387
1257911861,Unnamed,building,3.0,High,3.2573824,6.4670827
1263523241,Unnamed,building,3.0,High,3.2430573,6.4988669
1276236799,Unnamed,building,4.0,Very High,3.290889,6.4992558
1257606602,Unnamed,building,4.0,Very High,3.3066775,6.4566418
1260588168,Unnamed,building,4.0,Very High,3.2384225,6.5164564
1275728051,Unnamed,building,3.0,High,3.3064011,6.5147224
1257630463,Unnamed,building,2.0,Moderate,3.2592361,6.43791
1258544393,Unnamed,building,0.0,NoData,3.3253437,6.4019026
1258452782,Unnamed,building,4.0,Very High,3.3054049,6.4409459
1258194036,Unnamed,building,2.0,Moderate,3.2449672,6.4756972
1261992898,Unnamed,building,3.0,High,3.2693463,6.5113841
1258447019,Unnamed,building,3.0,High,3.2931695,6.4573056
1276244485,Unnamed,building,4.0,Very High,3.2956365,6.4967731
1261797306,Unnamed,building,4.0,Very High,3.2271568,6.5078575
1262188802,Unnamed,building,3.0,High,3.291653,6.5063641
1263698157,Unnamed,building,3.0,High,3.2797938,6.5172848
1263201069,Unnamed,building,1.0,Low,3.2486499,6.5088028
1257834780,Unnamed,building,2.0,Moderate,3.3015967,6.4756658
1258636428,Unnamed,building,2.0,Moderate,3.2790153,6.4667831
1262768960,Unnamed,building,4.0,Very High,3.2674747,6.5135435
1257499191,Unnamed,building,2.0,Moderate,3.2597916,6.4517381
1262903438,Unnamed,building,4.0,Very High,3.247281,6.5158237
1257892273,Unnamed,building,2.0,Moderate,3.2822983,6.4646918
1262184663,Unnamed,building,4.0,Very High,3.2853442,6.5075108
1261909838,Unnamed,building,0.0,NoData,3.2456888,6.523605
1257418808,Unnamed,building,4.0,Very High,3.3046,6.4591503
1257970287,Unnamed,building,4.0,Very High,3.2356162,6.4525173
1257876502,Unnamed,building,4.0,Very High,3.2550859,6.4323982
1263466970,Unnamed,building,2.0,Moderate,3.275519,6.4965306
1258589771,Unnamed,building,4.0,Very High,3.2731248,6.4522154
1257607643,Unnamed,building,4.0,Very High,3.2543126,6.4443708
1275790855,Unnamed,building,0.0,NoData,3.3099743,6.5253486
1258702713,Unnamed,building,0.0,NoData,3.3331489,6.4206016
1276193110,Unnamed,building,4.0,Very High,3.3010431,6.5020453
1257869648,Unnamed,building,3.0,High,3.310661,6.4448521
1263467078,Unnamed,building,4.0,Very High,3.2754229,6.4980153
1258702783,Unnamed,building,0.0,NoData,3.3343086,6.4198304
1257487545,Unnamed,building,3.0,High,3.2511937,6.4740821
1259653118,Unnamed,building,3.0,High,3.2411332,6.496921
1258292420,Unnamed,building,2.0,Moderate,3.2963582,6.4826682
1258716515,Unnamed,building,4.0,Very High,3.2834952,6.4559529
1258327359,Unnamed,building,3.0,High,3.2593231,6.4593259
1258857353,Unnamed,building,0.0,NoData,3.2621503,6.4132616
1260647437,Unnamed,building,4.0,Very High,3.2463011,6.517878
1275944255,Unnamed,building,3.0,High,3.2994793,6.507411
1257529678,Unnamed,building,3.0,High,3.2516185,6.4497079
1262188801,Unnamed,building,4.0,Very High,3.2914074,6.5075775
1267630611,Unnamed,building,2.0,Moderate,3.2299805,6.4567165
1267674980,Unnamed,building,2.0,Moderate,3.2293586,6.4500142
1257842256,Unnamed,building,1.0,Low,3.2718898,6.4635956
1257970994,Unnamed,building,2.0,Moderate,3.2882976,6.4758353
1275520154,Unnamed,building,4.0,Very High,3.2985252,6.5208958
1257980632,Unnamed,building,2.0,Moderate,3.2573687,6.4634932
1260594265,Unnamed,building,2.0,Moderate,3.2499236,6.5122437
1262130091,Unnamed,building,2.0,Moderate,3.2775016,6.5140318
1271990322,Unnamed,building,0.0,NoData,3.276992,6.5204963
1257402151,Unnamed,building,2.0,Moderate,3.3009346,6.4466117
1258607324,Unnamed,building,2.0,Moderate,3.2448997,6.4546452
1262772960,Unnamed,building,4.0,Very High,3.2681215,6.5149879
1258456398,Unnamed,building,3.0,High,3.2601085,6.4388857
1267784635,Unnamed,building,3.0,High,3.2247287,6.4428171
1258439662,Unnamed,building,2.0,Moderate,3.2677825,6.465146
1263647904,Unnamed,building,3.0,High,3.2783998,6.5108796
1258677593,Unnamed,building,2.0,Moderate,3.2757946,6.4056624
670589956,Unnamed,building,0.0,NoData,3.2557279,6.4241835
1259658822,Unnamed,building,3.0,High,3.2494303,6.5164143
1257621267,Unnamed,building,3.0,High,3.2819321,6.4438724
1258190249,Unnamed,building,2.0,Moderate,3.2490745,6.4717758
1257783809,Unnamed,building,2.0,Moderate,3.2738067,6.4505991
1267533364,Unnamed,building,4.0,Very High,3.2254224,6.4610913
1266766596,Unnamed,building,3.0,High,3.255984,6.4342061
1267521548,Unnamed,building,4.0,Very High,3.2194983,6.4552585
1257902661,Unnamed,building,4.0,Very High,3.2709702,6.444807
1258596106,Unnamed,building,2.0,Moderate,3.277509,6.4685857
1259531687,Unnamed,building,1.0,Low,3.2264329,6.5175954
1262553917,Unnamed,building,3.0,High,3.2320746,6.5064411
1263710171,Unnamed,building,3.0,High,3.2658224,6.4977209
1262119477,Unnamed,building,4.0,Very High,3.2333065,6.5049377
1275726538,Unnamed,building,1.0,Low,3.2954245,6.5179227
1257908242,Unnamed,building,4.0,Very High,3.2673875,6.4529728
1262580845,Unnamed,building,4.0,Very High,3.2435101,6.5013212
1267524820,Unnamed,building,3.0,High,3.220271,6.4526885
1260662855,Unnamed,building,4.0,Very High,3.2475927,6.5176585
1257469527,Unnamed,building,4.0,Very High,3.2686211,6.4430591
1262632371,Unnamed,building,3.0,High,3.2706799,6.5170664
1258710706,Unnamed,building,3.0,High,3.2746328,6.4605525
1258669940,Unnamed,building,3.0,High,3.3029089,6.4462389
1267875461,Unnamed,building,3.0,High,3.2875526,6.4660229
1267022151,Unnamed,building,4.0,Very High,3.2743786,6.4748606
1267570665,Unnamed,building,3.0,High,3.2169599,6.4586015
1258236876,Unnamed,building,2.0,Moderate,3.2757345,6.4723369
1257790435,Unnamed,building,4.0,Very High,3.2617387,6.4418122
1257512254,Unnamed,building,1.0,Low,3.2520707,6.4718381
1257413826,Unnamed,building,2.0,Moderate,3.2796902,6.438203
1263516855,Unnamed,building,3.0,High,3.2451945,6.5127333
1257451574,Unnamed,building,3.0,High,3.251894,6.4444121
1259700423,Unnamed,building,3.0,High,3.245678,6.5094348
1258678152,Unnamed,building,4.0,Very High,3.2869586,6.4407339
1257829295,Unnamed,building,3.0,High,3.3021576,6.4740702
1267619427,Unnamed,building,1.0,Low,3.2110415,6.4519337
1258714766,Unnamed,building,0.0,NoData,3.3307145,6.4200693
1276246012,Unnamed,building,4.0,Very High,3.2919104,6.4963414
1258666276,Unnamed,building,4.0,Very High,3.2710229,6.4557165
1262148633,Unnamed,building,2.0,Moderate,3.2727277,6.5076675
1263237920,Unnamed,building,1.0,Low,3.2404112,6.5176678
1258607300,Unnamed,building,4.0,Very High,3.2442012,6.4555808
1267684018,Unnamed,building,1.0,Low,3.2283472,6.4449486
1257952503,Unnamed,building,4.0,Very High,3.2987304,6.4716114
1263256904,Unnamed,building,3.0,High,3.2347904,6.5148238
1263726993,Unnamed,building,2.0,Moderate,3.264649,6.4932428
1258631897,Unnamed,building,4.0,Very High,3.2429439,6.4702462
1258266304,Unnamed,building,4.0,Very High,3.298572,6.4541394
1258596317,Unnamed,building,4.0,Very High,3.2333746,6.4453268
1257947879,Unnamed,building,4.0,Very High,3.2963388,6.4813953
1258569717,Unnamed,building,4.0,Very High,3.2334311,6.4405721
1257994932,Unnamed,building,2.0,Moderate,3.2346117,6.4709746
1257654209,Unnamed,building,4.0,Very High,3.2791715,6.4778253
1260681240,Unnamed,building,4.0,Very High,3.250132,6.5178863
1267504863,Unnamed,building,0.0,NoData,3.2096996,6.4562142
1257852630,Unnamed,building,3.0,High,3.3108188,6.4422618
1262940861,Unnamed,building,4.0,Very High,3.2660257,6.5080938
1273901827,Unnamed,building,3.0,High,3.2120024,6.4540654
1261981243,Unnamed,building,3.0,High,3.2611293,6.5033889
1263647890,Unnamed,building,3.0,High,3.2775256,6.5108109
1258899666,Unnamed,building,0.0,NoData,3.3500967,6.4222014
1258409069,Unnamed,building,3.0,High,3.2843636,6.4676047
1275769949,Unnamed,building,4.0,Very High,3.2961725,6.5148061
1258432235,Unnamed,building,4.0,Very High,3.2616949,6.4323341
1257833157,Unnamed,building,2.0,Moderate,3.2736235,6.4454478
1262122431,Unnamed,building,2.0,Moderate,3.2624905,6.5091133
1262069706,Unnamed,building,0.0,NoData,3.2177704,6.4994007
1083910296,Unnamed,building,2.0,Moderate,3.2178777,6.4418022
1263154766,Unnamed,building,4.0,Very High,3.2609486,6.5202681
1276465199,Unnamed,building,0.0,NoData,3.3111635,6.494679
1258639353,Unnamed,building,3.0,High,3.2810115,6.469654
1257631347,Unnamed,building,3.0,High,3.3041307,6.4465837
1083910224,Unnamed,building,2.0,Moderate,3.2181339,6.4421381
1258172843,Unnamed,building,4.0,Very High,3.307097,6.4493278
1257611614,Unnamed,building,3.0,High,3.2455261,6.4498804
1275699735,Unnamed,building,4.0,Very High,3.2971832,6.519684
1257908397,Unnamed,building,4.0,Very High,3.268149,6.4529381
1257488463,Unnamed,building,3.0,High,3.2776374,6.4414776
1257801748,Unnamed,building,4.0,Very High,3.2648408,6.4486687
1258625569,Unnamed,building,4.0,Very High,3.2656827,6.4545471
1275426083,Unnamed,building,0.0,NoData,3.2952918,6.5237776
1036496836,Unnamed,building,0.0,NoData,3.3237964,6.4441133
1259319299,Unnamed,building,3.0,High,3.2794132,6.4990874
1109152100,Unnamed,building,3.0,High,3.3590805,6.4171837
1258700105,Unnamed,building,4.0,Very High,3.2941082,6.4819032
1258719362,Unnamed,building,4.0,Very High,3.2991648,6.4500451
1257605307,Unnamed,building,4.0,Very High,3.2343252,6.4556284
1267689080,Unnamed,building,3.0,High,3.2297763,6.4480365
1275733521,Unnamed,building,3.0,High,3.2917208,6.5162888
1258394413,Unnamed,building,2.0,Moderate,3.2747307,6.4229246
1263644049,Unnamed,building,3.0,High,3.2365188,6.5215673
1262132891,Unnamed,building,3.0,High,3.2632103,6.5071129
1257457914,Unnamed,building,1.0,Low,3.2769296,6.4709571
1257761768,Unnamed,building,3.0,High,3.2489817,6.4487488
1259700389,Unnamed,building,2.0,Moderate,3.2448403,6.5096923
1263453135,Unnamed,building,3.0,High,3.2811546,6.5015217
1267537372,Unnamed,building,3.0,High,3.227431,6.4771095
1257500930,Unnamed,building,4.0,Very High,3.2550161,6.4345274
1258574745,Unnamed,building,4.0,Very High,3.2369144,6.4411074
1263745977,Unnamed,building,3.0,High,3.2401655,6.4994385
1263184778,Unnamed,building,0.0,NoData,3.226896,6.5236057
1258446987,Unnamed,building,4.0,Very High,3.2915691,6.4566307
1275769888,Unnamed,building,4.0,Very High,3.2973325,6.5163664
1261909935,Unnamed,building,0.0,NoData,3.2447665,6.5232784
1257822084,Unnamed,building,3.0,High,3.3112214,6.4395335
1266769825,Unnamed,building,3.0,High,3.235511,6.4580826
1257625296,Unnamed,building,2.0,Moderate,3.2792235,6.4557171
1257801703,Unnamed,building,4.0,Very High,3.2648725,6.4482908
1258183553,Unnamed,building,4.0,Very High,3.2470314,6.4734483
1268215192,Unnamed,building,2.0,Moderate,3.2689409,6.5135702
1258197632,Unnamed,building,4.0,Very High,3.2589584,6.4543816
1257786434,Unnamed,building,2.0,Moderate,3.2941075,6.4579799
1258447766,Unnamed,building,4.0,Very High,3.3075987,6.4408664
744690425,Unnamed,building,4.0,Very High,3.2576491,6.5152628
1259769507,Unnamed,building,4.0,Very High,3.2302339,6.5221018
1262064789,Unnamed,building,4.0,Very High,3.2644632,6.5130205
1262141907,Unnamed,building,2.0,Moderate,3.2706161,6.5086917
1258596180,Unnamed,building,2.0,Moderate,3.2774545,6.4682865
1263275128,Unnamed,building,4.0,Very High,3.2317465,6.5144516
1267750672,Unnamed,building,0.0,NoData,3.1975618,6.4055825
1257837244,Unnamed,building,2.0,Moderate,3.308301,6.4405048
1276232462,Unnamed,building,4.0,Very High,3.2970404,6.4966803
1263609459,Unnamed,building,0.0,NoData,3.2356574,6.5228335
1285719519,Unnamed,building,2.0,Moderate,3.3589123,6.4169055
1258596036,Unnamed,building,2.0,Moderate,3.2788435,6.4708256
1258984906,Unnamed,building,4.0,Very High,3.2684499,6.4469615
1267784625,Unnamed,building,4.0,Very High,3.2266262,6.4429909
1260647521,Unnamed,building,4.0,Very High,3.2450619,6.517457
1261841466,Unnamed,building,4.0,Very High,3.2243888,6.5119431
1263687286,Unnamed,building,4.0,Very High,3.2370814,6.5146132
1257402157,Unnamed,building,3.0,High,3.301077,6.4482545
1258714796,Unnamed,building,0.0,NoData,3.3311721,6.4192851
1258603966,Unnamed,building,3.0,High,3.2507158,6.4576728
1259679235,Unnamed,building,4.0,Very High,3.2456902,6.52048
1276425412,Unnamed,building,3.0,High,3.3054835,6.4977974
1258418544,Unnamed,building,3.0,High,3.2938647,6.4727842
1260554599,Unnamed,building,3.0,High,3.2838291,6.508452
1263147166,Unnamed,building,3.0,High,3.2401058,6.5211764
1257783620,Unnamed,building,3.0,High,3.2604343,6.4411481
1275724539,Unnamed,building,2.0,Moderate,3.2881683,6.5151654
1260627116,Unnamed,building,2.0,Moderate,3.2411311,6.5108783
786555193,Unnamed,building,0.0,NoData,3.3261318,6.4390712
1259497433,Unnamed,building,2.0,Moderate,3.2626745,6.5075815
1276457990,Unnamed,building,2.0,Moderate,3.3062856,6.4933501
1259329810,Unnamed,building,4.0,Very High,3.2736861,6.4996852
1258684371,Unnamed,building,4.0,Very High,3.2588894,6.455546
1083914195,Unnamed,building,3.0,High,3.2265319,6.4438452
1257545378,Unnamed,building,4.0,Very High,3.2556855,6.4718952
1258574823,Unnamed,building,3.0,High,3.2359437,6.4426178
1263159397,Unnamed,building,0.0,NoData,3.2279448,6.5235185
1257583864,Unnamed,building,1.0,Low,3.2554,6.4403176
1263710254,Unnamed,building,3.0,High,3.2671653,6.4960044
1258144871,Unnamed,building,3.0,High,3.2483248,6.4654009
1257833232,Unnamed,building,3.0,High,3.2722862,6.4449099
1276236821,Unnamed,building,3.0,High,3.2904972,6.5000337
1263533423,Unnamed,building,2.0,Moderate,3.2586369,6.4912015
1262965024,Unnamed,building,4.0,Very High,3.270137,6.5060611
1275736925,Unnamed,building,3.0,High,3.2911631,6.5132328
1262428413,Unnamed,building,3.0,High,3.2560012,6.5111603
1258697256,Unnamed,building,4.0,Very High,3.2720572,6.4550978
1275531099,Unnamed,building,3.0,High,3.3066836,6.5199943
1263018583,Unnamed,building,2.0,Moderate,3.2584967,6.4957702
1258046417,Unnamed,building,3.0,High,3.2938084,6.4524415
1262428374,Unnamed,building,3.0,High,3.2564312,6.5098799
1257487522,Unnamed,building,4.0,Very High,3.250882,6.4736264
1258018310,Unnamed,building,4.0,Very High,3.2985076,6.4716541
1267775879,Unnamed,building,2.0,Moderate,3.2231201,6.4430178
1262130063,Unnamed,building,3.0,High,3.2790048,6.5124041
1272523361,Unnamed,building,4.0,Very High,3.2321608,6.4581431
1258433459,Unnamed,building,3.0,High,3.2504205,6.4388257
1260528981,Unnamed,building,3.0,High,3.2644418,6.4985162
1263718913,Unnamed,building,3.0,High,3.2528093,6.4902278
1263110489,Unnamed,building,2.0,Moderate,3.273611,6.5106096
1259778692,Unnamed,building,3.0,High,3.2351969,6.5204951
1260626968,Unnamed,building,2.0,Moderate,3.241093,6.5099342
1258030389,Unnamed,building,3.0,High,3.2809944,6.4671851
1260678505,Unnamed,building,0.0,NoData,3.27669,6.518042
1272536862,Unnamed,building,4.0,Very High,3.2243407,6.4408131
1275692766,Unnamed,building,3.0,High,3.2993745,6.5182117
1263532800,Unnamed,building,2.0,Moderate,3.2788623,6.5013621
1267678016,Unnamed,building,1.0,Low,3.2279521,6.4493136
1258752183,Unnamed,building,0.0,NoData,3.2584382,6.4244986
1257397748,Unnamed,building,2.0,Moderate,3.253773,6.451234
1258447828,Unnamed,building,4.0,Very High,3.3082784,6.4412832
1258593727,Unnamed,building,2.0,Moderate,3.2320086,6.4592681
1258446890,Unnamed,building,2.0,Moderate,3.2925534,6.4565538
1257801061,Unnamed,building,2.0,Moderate,3.2503026,6.4543582
1259658643,Unnamed,building,2.0,Moderate,3.2504306,6.5159786
1260662722,Unnamed,building,2.0,Moderate,3.2488418,6.5176538
1258481816,Unnamed,building,3.0,High,3.2621635,6.4560995
1263701207,Unnamed,building,4.0,Very High,3.2569468,6.4965439
1267325997,Unnamed,building,4.0,Very High,3.2188909,6.4929295
1257947884,Unnamed,building,4.0,Very High,3.2963316,6.4813062
1258652810,Unnamed,building,3.0,High,3.2860656,6.4757039
1257816179,Unnamed,building,2.0,Moderate,3.2634172,6.4464677
1262553978,Unnamed,building,2.0,Moderate,3.2317582,6.5070541
1258448215,Unnamed,building,3.0,High,3.2726222,6.4800203
1257954158,Unnamed,building,4.0,Very High,3.2534241,6.4430931
1258247904,Unnamed,building,3.0,High,3.2637221,6.4447638
1267782172,Unnamed,building,3.0,High,3.2233733,6.4446026
1258533979,Unnamed,building,3.0,High,3.2380377,6.4638675
1258663482,Unnamed,building,2.0,Moderate,3.3235849,6.4402704
1263154740,Unnamed,building,0.0,NoData,3.262028,6.5218388
1262910906,Unnamed,building,1.0,Low,3.2682497,6.5039241
1260662631,Unnamed,building,2.0,Moderate,3.2488674,6.5173089
1267521531,Unnamed,building,4.0,Very High,3.2203031,6.4550559
1260480611,Unnamed,building,1.0,Low,3.2664122,6.5016865
1266814640,Unnamed,building,2.0,Moderate,3.2786142,6.4390456
1275940181,Unnamed,building,3.0,High,3.3004157,6.5093551
1262187525,Unnamed,building,2.0,Moderate,3.2480867,6.5118756
1257548083,Unnamed,building,2.0,Moderate,3.3049777,6.4771577
1258702692,Unnamed,building,0.0,NoData,3.3344283,6.4210296
1258339771,Unnamed,building,1.0,Low,3.2607396,6.4696479
1267666014,Unnamed,building,2.0,Moderate,3.2247196,6.4943562
1257834525,Unnamed,building,3.0,High,3.3070236,6.4404241
1258702885,Unnamed,building,0.0,NoData,3.3321243,6.4197286
1262188703,Unnamed,building,4.0,Very High,3.2283472,6.5038198
1258439038,Unnamed,building,4.0,Very High,3.2837666,6.4482388
1258565938,Unnamed,building,4.0,Very High,3.2358809,6.4457767
1258532590,Unnamed,building,0.0,NoData,3.2680318,6.4067605
1262553919,Unnamed,building,3.0,High,3.2324662,6.5073141
1268974082,Unnamed,building,3.0,High,3.2770412,6.5076681
1258664441,Unnamed,building,3.0,High,3.233535,6.4575685
1275736962,Unnamed,building,2.0,Moderate,3.2909741,6.5121127
1257504854,Unnamed,building,0.0,NoData,3.3064913,6.4757378
1258717176,Unnamed,building,3.0,High,3.2768697,6.457324
1258684402,Unnamed,building,2.0,Moderate,3.257796,6.4554834
1276425404,Unnamed,building,3.0,High,3.3064503,6.4974786
1267310106,Unnamed,building,4.0,Very High,3.2194979,6.4954451
1259498855,Unnamed,building,0.0,NoData,3.256405,6.5229907
1263176430,Unnamed,building,3.0,High,3.2495437,6.507166
1257517913,Unnamed,building,3.0,High,3.2552961,6.4295287
1258540124,Unnamed,building,4.0,Very High,3.2394511,6.4483766
1258805001,Unnamed,building,0.0,NoData,3.2211652,6.4393546
1267761918,Unnamed,building,2.0,Moderate,3.2191025,6.445592
1258547568,Unnamed,building,2.0,Moderate,3.2865579,6.4547164
1262547913,Unnamed,building,3.0,High,3.2274125,6.5097572
1267684036,Unnamed,building,2.0,Moderate,3.2295096,6.444726
1261910041,Unnamed,building,0.0,NoData,3.2441017,6.5244695
1258603376,Unnamed,building,3.0,High,3.2927836,6.4518131
1257493307,Unnamed,building,4.0,Very High,3.2593397,6.4427417
1261807819,Unnamed,building,4.0,Very High,3.2225159,6.5083889
1259812447,Unnamed,building,4.0,Very High,3.2404797,6.4976218
1285337601,Unnamed,building,2.0,Moderate,3.361378,6.4157878
1267529678,Unnamed,building,3.0,High,3.2268898,6.4635014
1258645879,Unnamed,building,4.0,Very High,3.2513969,6.4559262
1258295656,Unnamed,building,2.0,Moderate,3.2819147,6.4750868
1118286984,Unnamed,building,0.0,NoData,3.3624822,6.4170542
1262604535,Unnamed,building,2.0,Moderate,3.2665678,6.4950515
1263515341,Unnamed,building,1.0,Low,3.2774281,6.5055921
1276351640,Unnamed,building,4.0,Very High,3.2996918,6.4912477
1267009448,Unnamed,building,2.0,Moderate,3.2499839,6.4609107
1267545714,Unnamed,building,4.0,Very High,3.2336852,6.4637873
1259072991,Unnamed,building,3.0,High,3.2452041,6.5137401
1270125012,Unnamed,building,4.0,Very High,3.2653537,6.5086943
1257785582,Unnamed,building,3.0,High,3.2585929,6.447291
1257397993,Unnamed,building,2.0,Moderate,3.2702016,6.4473671
1267149343,Unnamed,building,4.0,Very High,3.3053771,6.4579614
1259652640,Unnamed,building,1.0,Low,3.2583311,6.5117082
1259507271,Unnamed,building,0.0,NoData,3.2413289,6.524372
1261898451,Unnamed,building,2.0,Moderate,3.2259146,6.5050166
1276218706,Unnamed,building,2.0,Moderate,3.2978143,6.498584
1257814617,Unnamed,building,3.0,High,3.2666978,6.4469428
1258432251,Unnamed,building,4.0,Very High,3.260526,6.4320357
1267572943,Unnamed,building,3.0,High,3.2298323,6.4524785
1262119398,Unnamed,building,4.0,Very High,3.2349156,6.5039818
1269878288,Unnamed,building,4.0,Very High,3.2439932,6.5171351
1258436690,Unnamed,building,3.0,High,3.2327489,6.4499702
735125834,Unnamed,building,4.0,Very High,3.314004,6.4437833
1257424799,Unnamed,building,2.0,Moderate,3.2696619,6.4495059
1257543121,Unnamed,building,4.0,Very High,3.2513872,6.4473695
1268617292,Unnamed,building,2.0,Moderate,3.2506942,6.4985469
1258857879,Unnamed,building,2.0,Moderate,3.2600073,6.4148326
1257876487,Unnamed,building,4.0,Very High,3.2550824,6.4308818
1257954216,Unnamed,building,3.0,High,3.2536238,6.4413233
1267568743,Unnamed,building,2.0,Moderate,3.2169817,6.4583311
1257402979,Unnamed,building,4.0,Very High,3.3066921,6.4583604
1274927569,Unnamed,building,0.0,NoData,3.3094282,6.5038402
1260554685,Unnamed,building,3.0,High,3.2830743,6.5074965
1263759903,Unnamed,building,3.0,High,3.2388553,6.4991846
1258660993,Unnamed,building,2.0,Moderate,3.3222476,6.439399
1257570224,Unnamed,building,4.0,Very High,3.3048866,6.4635751
1257493324,Unnamed,building,4.0,Very High,3.2588907,6.4432868
671813845,Unnamed,building,0.0,NoData,3.2146703,6.470543
1258690113,Unnamed,building,2.0,Moderate,3.2726143,6.4570958
1258436607,Unnamed,building,3.0,High,3.2317055,6.4513716
1263403016,Unnamed,building,3.0,High,3.2827263,6.4900136
1258423615,Unnamed,building,4.0,Very High,3.2620709,6.4316368
1258667346,Unnamed,building,3.0,High,3.3010956,6.4554367
1257892205,Unnamed,building,3.0,High,3.2828989,6.4626998
1261795077,Unnamed,building,4.0,Very High,3.2603129,6.5053436
1258125023,Unnamed,building,4.0,Very High,3.2995681,6.48419
1275699723,Unnamed,building,4.0,Very High,3.2973882,6.5179452
670537777,Unnamed,building,0.0,NoData,3.2460731,6.4217269
1258571632,Unnamed,building,0.0,NoData,3.1997861,6.4197046
1257599329,Unnamed,building,4.0,Very High,3.2411812,6.451004
1257809432,Unnamed,building,3.0,High,3.2846362,6.4518653
1263665401,Unnamed,building,2.0,Moderate,3.28855,6.4980552
1266611403,Unnamed,building,0.0,NoData,3.3346199,6.420049
1258620925,Unnamed,building,3.0,High,3.2847489,6.4712284
1263737887,Unnamed,building,0.0,NoData,3.2198018,6.5185893
1269074421,Unnamed,building,4.0,Very High,3.3010006,6.4573337
1262130006,Unnamed,building,3.0,High,3.2782266,6.5140912
1267696496,Unnamed,building,3.0,High,3.2192596,6.4431138
1263176352,Unnamed,building,2.0,Moderate,3.2512736,6.5068294
1258669620,Unnamed,building,4.0,Very High,3.2964743,6.458205
1272201470,Unnamed,building,3.0,High,3.2508237,6.5032296
1257512271,Unnamed,building,2.0,Moderate,3.2522979,6.4728208
995900244,Unnamed,building,2.0,Moderate,3.3272638,6.4196759
1267780753,Unnamed,building,3.0,High,3.3039373,6.4564863
1258229605,Unnamed,building,0.0,NoData,3.3080356,6.4648162
1258596103,Unnamed,building,2.0,Moderate,3.2773182,6.4685903
1257607632,Unnamed,building,4.0,Very High,3.2541887,6.4437521
1263147199,Unnamed,building,4.0,Very High,3.2400111,6.520652
1258296747,Unnamed,building,3.0,High,3.2770431,6.4440842
1259319326,Unnamed,building,3.0,High,3.2778767,6.4996606
1262965109,Unnamed,building,3.0,High,3.2704655,6.5048747
1276430418,Unnamed,building,2.0,Moderate,3.3044474,6.4956018
1257983330,Unnamed,building,3.0,High,3.2723392,6.472968
1258571337,Unnamed,building,3.0,High,3.2756032,6.4651056
1263687376,Unnamed,building,2.0,Moderate,3.2369943,6.5160973
1275892936,Unnamed,building,4.0,Very High,3.3026076,6.5109112
1258621079,Unnamed,building,3.0,High,3.2834598,6.4728818
1263457267,Unnamed,building,0.0,NoData,3.2740019,6.5225898
1267436947,Unnamed,building,3.0,High,3.2104835,6.4523311
1257430440,Unnamed,building,4.0,Very High,3.2516876,6.4442246
1258725335,Unnamed,building,4.0,Very High,3.3135666,6.4468333
1258439720,Unnamed,building,3.0,High,3.2867106,6.4438318
671813847,Unnamed,building,0.0,NoData,3.21441,6.4701145
1257713218,Unnamed,building,2.0,Moderate,3.2739907,6.4677959
1258219085,Unnamed,building,3.0,High,3.2723429,6.4472051
1261388944,Unnamed,building,3.0,High,3.2466313,6.5033311
1257911198,Unnamed,building,2.0,Moderate,3.2753205,6.4438524
1267321842,Unnamed,building,2.0,Moderate,3.2188157,6.4967983
1259812445,Unnamed,building,4.0,Very High,3.2406306,6.497723
1257922321,Unnamed,building,3.0,High,3.2919253,6.4809183
1275543622,Unnamed,building,0.0,NoData,3.2877213,6.5224488
1258649526,Unnamed,building,2.0,Moderate,3.2387987,6.4691229
1267689182,Unnamed,building,3.0,High,3.228147,6.4485272
1263457206,Unnamed,building,3.0,High,3.2760018,6.5204058
1275718452,Unnamed,building,0.0,NoData,3.3080906,6.5148615
1257814668,Unnamed,building,4.0,Very High,3.2674356,6.448457
1260594301,Unnamed,building,3.0,High,3.2500561,6.5128774
1269074437,Unnamed,building,3.0,High,3.3002246,6.4576939
1257478102,Unnamed,building,3.0,High,3.2705515,6.4410996
1263457228,Unnamed,building,3.0,High,3.2756272,6.5204139
1276472195,Unnamed,building,1.0,Low,3.3082892,6.4928569
1263267405,Unnamed,building,3.0,High,3.2344608,6.5137475
1276361668,Unnamed,building,4.0,Very High,3.3070077,6.4902855
995241010,Unnamed,building,3.0,High,3.3269336,6.4171812
1258625030,Unnamed,building,3.0,High,3.2538075,6.4652981
1275726602,Unnamed,building,2.0,Moderate,3.294651,6.5193693
1276425425,Unnamed,building,3.0,High,3.3049624,6.4976225
1267310103,Unnamed,building,4.0,Very High,3.2194008,6.4952341
1258604060,Unnamed,building,4.0,Very High,3.2492447,6.4581426
1267566838,Unnamed,building,1.0,Low,3.2745844,6.4679993
1267238521,Unnamed,building,0.0,NoData,3.2104145,6.4510002
1276465229,Unnamed,building,0.0,NoData,3.3107952,6.4952822
1263176395,Unnamed,building,3.0,High,3.2498791,6.5073691
1258661019,Unnamed,building,2.0,Moderate,3.322941,6.4387984
1261794997,Unnamed,building,3.0,High,3.2611504,6.5039565
1259812460,Unnamed,building,4.0,Very High,3.2393284,6.49818
1257980814,Unnamed,building,3.0,High,3.2551903,6.4641941
1269878302,Unnamed,building,4.0,Very High,3.2460721,6.5163642
1276514523,Unnamed,building,3.0,High,3.2930181,6.485038
1257966611,Unnamed,building,4.0,Very High,3.2522962,6.4375392
1267630522,Unnamed,building,4.0,Very High,3.2313544,6.4568272
1257775165,Unnamed,building,3.0,High,3.2943307,6.4554892
1259778613,Unnamed,building,0.0,NoData,3.234904,6.5225855
1258702779,Unnamed,building,0.0,NoData,3.3342681,6.4202601
1258443036,Unnamed,building,4.0,Very High,3.2990076,6.4692897
1259507337,Unnamed,building,0.0,NoData,3.2425745,6.5250646
1267537995,Unnamed,building,4.0,Very High,3.2258416,6.478605
1262288281,Unnamed,building,0.0,NoData,3.2785874,6.5199191
1258693548,Unnamed,building,4.0,Very High,3.2855894,6.4542567
1267625404,Unnamed,building,2.0,Moderate,3.2250604,6.4517616
1262510812,Unnamed,building,1.0,Low,3.2394329,6.5114316
1257941943,Unnamed,building,4.0,Very High,3.2965492,6.458269
1257902623,Unnamed,building,2.0,Moderate,3.26992,6.4438837
1257723029,Unnamed,building,2.0,Moderate,3.2560892,6.4453957
1258570297,Unnamed,building,4.0,Very High,3.2391777,6.4647463
1258451692,Unnamed,building,4.0,Very High,3.2870333,6.4568348
1258218558,Unnamed,building,4.0,Very High,3.2502902,6.4781375
1258379889,Unnamed,building,2.0,Moderate,3.2677864,6.4233573
1258639500,Unnamed,building,3.0,High,3.2812236,6.469732
1258767705,Unnamed,building,4.0,Very High,3.3222664,6.4349985
1285920514,Unnamed,building,3.0,High,3.3607851,6.4163934
1258596213,Unnamed,building,1.0,Low,3.278239,6.4695341
1257891320,Unnamed,building,0.0,NoData,3.3256676,6.4375432
1257970321,Unnamed,building,4.0,Very High,3.2375601,6.4541311
1257436720,Unnamed,building,3.0,High,3.2635623,6.4366179
1259072917,Unnamed,building,4.0,Very High,3.2444637,6.5136053
1275699796,Unnamed,building,2.0,Moderate,3.2960142,6.5183276
1275426077,Unnamed,building,0.0,NoData,3.2946589,6.523556
1257430519,Unnamed,building,4.0,Very High,3.2507925,6.4459438
1285719525,Unnamed,building,2.0,Moderate,3.3586152,6.4167743
1275755683,Unnamed,building,3.0,High,3.3019562,6.5163572
1257996003,Unnamed,building,2.0,Moderate,3.2663231,6.466911
1258447079,Unnamed,building,4.0,Very High,3.290637,6.4552897
1275534019,Unnamed,building,3.0,High,3.2919589,6.5210396
1257661882,Unnamed,building,0.0,NoData,3.3072371,6.4807689
1260554588,Unnamed,building,3.0,High,3.283614,6.5079874
1257811738,Unnamed,building,3.0,High,3.2765707,6.4665382
1258625572,Unnamed,building,3.0,High,3.2662683,6.4545023
1276000445,Unnamed,building,2.0,Moderate,3.2972051,6.5141171
1258661723,Unnamed,building,4.0,Very High,3.2842021,6.4586468
1276176991,Unnamed,building,3.0,High,3.3031013,6.5053036
1262614435,Unnamed,building,2.0,Moderate,3.2612198,6.4969142
1275699747,Unnamed,building,3.0,High,3.296101,6.5196198
1262071032,Unnamed,building,2.0,Moderate,3.2530171,6.5095143
1259073011,Unnamed,building,4.0,Very High,3.2441118,6.5135847
1263684203,Unnamed,building,1.0,Low,3.2816415,6.5146805
1258219166,Unnamed,building,3.0,High,3.2731159,6.448464
1259679257,Unnamed,building,4.0,Very High,3.2461595,6.5206484
1257366032,Unnamed,building,3.0,High,3.29116,6.4508955
1275526946,Unnamed,building,3.0,High,3.3034731,6.521734
1263467100,Unnamed,building,4.0,Very High,3.2748662,6.4969613
1258039500,Unnamed,building,2.0,Moderate,3.2948943,6.454468
1257954175,Unnamed,building,4.0,Very High,3.2534043,6.4421824
1261909933,Unnamed,building,0.0,NoData,3.244701,6.5233798
1263523205,Unnamed,building,3.0,High,3.2427046,6.4982792
1257436714,Unnamed,building,3.0,High,3.2634733,6.4362655
1263710177,Unnamed,building,4.0,Very High,3.2664155,6.4978096
1083910715,Unnamed,building,3.0,High,3.2172531,6.4432822
1258413449,Unnamed,building,4.0,Very High,3.2598913,6.4221833
1275581490,Unnamed,building,2.0,Moderate,3.3071243,6.5187977
1257625500,Unnamed,building,3.0,High,3.2674613,6.4495715
1276426245,Unnamed,building,3.0,High,3.3074155,6.5000657
1257529078,Unnamed,building,2.0,Moderate,3.2918299,6.4775834
1276514528,Unnamed,building,3.0,High,3.2926631,6.4847512
1266158714,Unnamed,building,3.0,High,3.2499449,6.4200057
1258714835,Unnamed,building,3.0,High,3.329439,6.4192878
1258720020,Unnamed,building,0.0,NoData,3.2825176,6.4242888
1270352799,Unnamed,building,4.0,Very High,3.25569,6.5148732
1262968887,Unnamed,building,4.0,Very High,3.2545578,6.516641
1258699768,Unnamed,building,2.0,Moderate,3.3004412,6.4444134
1259507328,Unnamed,building,0.0,NoData,3.2425553,6.5241062
1263741545,Unnamed,building,3.0,High,3.2811145,6.4965635
1275735518,Unnamed,building,2.0,Moderate,3.2945717,6.5146711
1258219895,Unnamed,building,2.0,Moderate,3.2751931,6.4745766
1257974647,Unnamed,building,3.0,High,3.276605,6.4217927
1267700360,Unnamed,building,4.0,Very High,3.2244047,6.4587171
1257364332,Unnamed,building,4.0,Very High,3.2937611,6.4515101
1276218957,Unnamed,building,4.0,Very High,3.2937804,6.4875789
1267775826,Unnamed,building,4.0,Very High,3.2227553,6.4421326
1276139302,Unnamed,building,4.0,Very High,3.2973272,6.5071181
1258219869,Unnamed,building,4.0,Very High,3.2753488,6.4738658
1275402232,Unnamed,building,0.0,NoData,3.3006872,6.52434
1257798302,Unnamed,building,4.0,Very High,3.2820768,6.4793045
1257980794,Unnamed,building,3.0,High,3.2554006,6.464231
1258461571,Unnamed,building,4.0,Very High,3.238651,6.4546929
1267619054,Unnamed,building,3.0,High,3.22944,6.4695623
1267340838,Unnamed,building,1.0,Low,3.2229713,6.4945469
1262119494,Unnamed,building,4.0,Very High,3.2338303,6.5058275
1258640869,Unnamed,building,2.0,Moderate,3.3195557,6.4421741
1263284958,Unnamed,building,3.0,High,3.2806597,6.510173
1258653623,Unnamed,building,2.0,Moderate,3.2536017,6.460498
1260554514,Unnamed,building,3.0,High,3.2825541,6.5080307
1261666230,Unnamed,building,4.0,Very High,3.263165,6.5200363
1258436933,Unnamed,building,1.0,Low,3.2632553,6.4619055
1267444053,Unnamed,building,3.0,High,3.2175016,6.4462711
1258366278,Unnamed,building,2.0,Moderate,3.2612229,6.463365
1258596286,Unnamed,building,3.0,High,3.2773664,6.4704749
1272525706,Unnamed,building,2.0,Moderate,3.2229846,6.4447276
1258661812,Unnamed,building,4.0,Very High,3.283447,6.4582227
1262910962,Unnamed,building,1.0,Low,3.266389,6.50436
1263687471,Unnamed,building,4.0,Very High,3.2361137,6.5166587
1263249990,Unnamed,building,2.0,Moderate,3.2355661,6.5129
1272437317,Unnamed,building,3.0,High,3.2192185,6.4434938
1262166146,Unnamed,building,1.0,Low,3.2781237,6.5146818
1258615264,Unnamed,building,2.0,Moderate,3.2502024,6.4628098
1258150409,Unnamed,building,0.0,NoData,3.2630138,6.4302001
1263293838,Unnamed,building,3.0,High,3.2562133,6.515711
1267667328,Unnamed,building,2.0,Moderate,3.2282127,6.4826675
1258403382,Unnamed,building,4.0,Very High,3.2978162,6.455563
1267509073,Unnamed,building,2.0,Moderate,3.2140772,6.4561885
1276256094,Unnamed,building,1.0,Low,3.3007778,6.4939551
1262165282,Unnamed,building,3.0,High,3.2378344,6.501423
1257798270,Unnamed,building,3.0,High,3.2813733,6.480455
1267780754,Unnamed,building,3.0,High,3.3038764,6.4566094
1257957040,Unnamed,building,3.0,High,3.301183,6.4752394
1262148660,Unnamed,building,3.0,High,3.2725368,6.508589
1258574793,Unnamed,building,4.0,Very High,3.2370313,6.4420371
1263176399,Unnamed,building,3.0,High,3.2502639,6.5074904
1263726908,Unnamed,building,1.0,Low,3.2654119,6.494573
1263724386,Unnamed,building,2.0,Moderate,3.2848333,6.5091577
1263578583,Unnamed,building,0.0,NoData,3.2689701,6.5232266
1268384263,Unnamed,building,1.0,Low,3.2219921,6.5148636
1258621357,Unnamed,building,4.0,Very High,3.2713425,6.4682633
1261852742,Unnamed,building,3.0,High,3.2263113,6.51664
1257765135,Unnamed,building,3.0,High,3.3095051,6.4483312
1258450763,Unnamed,building,0.0,NoData,3.3142395,6.4309797
1257783596,Unnamed,building,4.0,Very High,3.2617174,6.4412265
1260627041,Unnamed,building,3.0,High,3.2423093,6.5113249
1263114225,Unnamed,building,4.0,Very High,3.276504,6.5113763
1258675814,Unnamed,building,3.0,High,3.2715811,6.4573429
1257812427,Unnamed,building,2.0,Moderate,3.2846134,6.4812639
1257884178,Unnamed,building,2.0,Moderate,3.2787685,6.4339487
1257810092,Unnamed,building,2.0,Moderate,3.3103573,6.4403836
1260594451,Unnamed,building,3.0,High,3.2509605,6.5140148
1262852133,Unnamed,building,1.0,Low,3.2673774,6.4989563
1258443050,Unnamed,building,4.0,Very High,3.2998046,6.4696475
1263682574,Unnamed,building,3.0,High,3.2769492,6.4979152
1257852607,Unnamed,building,3.0,High,3.3103704,6.4415554
995194789,Unnamed,building,3.0,High,3.3241638,6.417994
1258625090,Unnamed,building,1.0,Low,3.2537482,6.462877
1258030357,Unnamed,building,3.0,High,3.2811516,6.4656282
1258229623,Unnamed,building,0.0,NoData,3.308516,6.4641326
1257794013,Unnamed,building,2.0,Moderate,3.2701596,6.4540796
1266733060,Unnamed,building,3.0,High,3.2355806,6.4623934
1267784675,Unnamed,building,3.0,High,3.22651,6.4434031
1263710224,Unnamed,building,3.0,High,3.2679668,6.496893
1257761897,Unnamed,building,3.0,High,3.2472801,6.4486349
1275546462,Unnamed,building,4.0,Very High,3.3074988,6.5203433
1261898482,Unnamed,building,4.0,Very High,3.2245195,6.5063266
1263653226,Unnamed,building,4.0,Very High,3.2475096,6.452792
1257810023,Unnamed,building,3.0,High,3.3105816,6.4394379
1263609527,Unnamed,building,0.0,NoData,3.2369141,6.5252279
1258304667,Unnamed,building,4.0,Very High,3.2996513,6.4590351
1275520222,Unnamed,building,4.0,Very High,3.2983284,6.5222602
1258547906,Unnamed,building,4.0,Very High,3.2327625,6.4489483
1258601790,Unnamed,building,3.0,High,3.3007631,6.460895
1263176478,Unnamed,building,3.0,High,3.250681,6.5082358
1258621053,Unnamed,building,3.0,High,3.2845411,6.4720529
1267733007,Unnamed,building,3.0,High,3.2238697,6.4473421
1258533982,Unnamed,building,3.0,High,3.236001,6.4632071
1257788984,Unnamed,building,4.0,Very High,3.2892239,6.4824845
1267343103,Unnamed,building,3.0,High,3.213603,6.4481252
1276244563,Unnamed,building,4.0,Very High,3.2933913,6.4972009
1257519424,Unnamed,building,3.0,High,3.2560346,6.4511991
1266828047,Unnamed,building,2.0,Moderate,3.2675078,6.444037
1263114315,Unnamed,building,2.0,Moderate,3.2747854,6.5101669
1267033246,Unnamed,building,4.0,Very High,3.3011625,6.4767357
1267775913,Unnamed,building,4.0,Very High,3.2229393,6.4434004
1268411869,Unnamed,building,4.0,Very High,3.2846453,6.5080223
1260633768,Unnamed,building,2.0,Moderate,3.2448834,6.5164944
1257556368,Unnamed,building,2.0,Moderate,3.2553215,6.4682451
1267436933,Unnamed,building,0.0,NoData,3.2100532,6.4520187
1261666310,Unnamed,building,0.0,NoData,3.2654252,6.5216653
1257775074,Unnamed,building,4.0,Very High,3.3074769,6.4483343
1258180593,Unnamed,building,2.0,Moderate,3.2624022,6.4526296
1275398882,Unnamed,building,0.0,NoData,3.3015851,6.5242153
1260626857,Unnamed,building,3.0,High,3.2420699,6.5113426
1258249936,Unnamed,building,3.0,High,3.2923522,6.4720045
1258669965,Unnamed,building,4.0,Very High,3.3041211,6.4452711
995255532,Unnamed,building,3.0,High,3.3224883,6.4186886
1267684086,Unnamed,building,1.0,Low,3.2290087,6.4446706
1258647766,Unnamed,building,0.0,NoData,3.2667572,6.4245643
1263179488,Unnamed,building,0.0,NoData,3.2310215,6.5229315
1262069279,Unnamed,building,2.0,Moderate,3.226558,6.5223299
1257625307,Unnamed,building,2.0,Moderate,3.2782088,6.4555844
1257530717,Unnamed,building,2.0,Moderate,3.2702151,6.473857
1262546759,Unnamed,building,4.0,Very High,3.2278794,6.5071222
1266656765,Unnamed,building,3.0,High,3.2338759,6.4567057
1257845583,Unnamed,building,1.0,Low,3.2428915,6.4658554
1258193955,Unnamed,building,2.0,Moderate,3.2450152,6.4738565
1267537818,Unnamed,building,4.0,Very High,3.2285175,6.4570599
1262087184,Unnamed,building,3.0,High,3.2487044,6.5097417
1275546447,Unnamed,building,1.0,Low,3.3072458,6.5222038
1258756547,Unnamed,building,3.0,High,3.2774911,6.4167849
1258659035,Unnamed,building,2.0,Moderate,3.289327,6.4633491
1267487856,Unnamed,building,2.0,Moderate,3.2948946,6.4573471
1257954123,Unnamed,building,3.0,High,3.2541898,6.4423639
1258223592,Unnamed,building,3.0,High,3.2576429,6.4687651
1262775078,Unnamed,building,4.0,Very High,3.2647061,6.5148973
1257814768,Unnamed,building,3.0,High,3.2659596,6.4486135
1257597446,Unnamed,building,4.0,Very High,3.3046203,6.458856
1275423079,Unnamed,building,0.0,NoData,3.2963794,6.5234815
1258455130,Unnamed,building,4.0,Very High,3.3090059,6.445362
1258901701,Unnamed,building,4.0,Very High,3.2223238,6.4403941
1258023942,Unnamed,building,4.0,Very High,3.2917634,6.4644292
1258809973,Unnamed,building,0.0,NoData,3.2476532,6.4190207
1258183530,Unnamed,building,3.0,High,3.2481595,6.4732432
1263682643,Unnamed,building,2.0,Moderate,3.2787603,6.496487
1257421531,Unnamed,building,3.0,High,3.2755064,6.4389828
1262943073,Unnamed,building,1.0,Low,3.2293384,6.5206571
1267526312,Unnamed,building,4.0,Very High,3.2208448,6.4536799
1258313934,Unnamed,building,1.0,Low,3.2497038,6.4225024
1263727452,Unnamed,building,4.0,Very High,3.2853521,6.5063422
1258565928,Unnamed,building,4.0,Very High,3.2356012,6.4455257
1260528851,Unnamed,building,4.0,Very High,3.2644113,6.5008423
1275270791,Unnamed,building,4.0,Very High,3.3019171,6.4900828
1258219105,Unnamed,building,3.0,High,3.2729415,6.447432
1259371022,Unnamed,building,0.0,NoData,3.2599409,6.5217024
1263643931,Unnamed,building,2.0,Moderate,3.2380898,6.5209251
1257764386,Unnamed,building,4.0,Very High,3.2673642,6.4502906
1258247817,Unnamed,building,3.0,High,3.2631255,6.4446469
1259318823,Unnamed,building,0.0,NoData,3.2740059,6.5235648
1258193960,Unnamed,building,4.0,Very High,3.2458482,6.4741013
1118286982,Unnamed,building,0.0,NoData,3.3620988,6.4173479
1267746407,Unnamed,building,0.0,NoData,3.1867479,6.4055963
1257407282,Unnamed,building,2.0,Moderate,3.2900362,6.4518073
1272502154,Unnamed,building,4.0,Very High,3.2216242,6.4407843
1259732078,Unnamed,building,0.0,NoData,3.2212753,6.5235536
1258247735,Unnamed,building,2.0,Moderate,3.2642846,6.4440419
1257402148,Unnamed,building,2.0,Moderate,3.3013458,6.4468503
1276351665,Unnamed,building,4.0,Very High,3.2987941,6.4920971
1118296526,Unnamed,building,0.0,NoData,3.3617729,6.4172167
1262773065,Unnamed,building,3.0,High,3.2672804,6.5162325
1258391669,Unnamed,building,2.0,Moderate,3.27393,6.4223433
1275735560,Unnamed,building,3.0,High,3.2938294,6.5153253
1258794327,Unnamed,building,0.0,NoData,3.2379691,6.4181163
1257804134,Unnamed,building,4.0,Very High,3.3031501,6.4589638
1267678030,Unnamed,building,4.0,Very High,3.2293936,6.4492261
1257513590,Unnamed,building,2.0,Moderate,3.2908598,6.4536959
1263730415,Unnamed,building,3.0,High,3.2798174,6.4849339
1257757143,Unnamed,building,3.0,High,3.2897292,6.4578234
1262540104,Unnamed,building,1.0,Low,3.2297035,6.5073205
1267618829,Unnamed,building,3.0,High,3.2258571,6.4703284
1261797342,Unnamed,building,4.0,Very High,3.2264474,6.5070604
1275728123,Unnamed,building,4.0,Very High,3.3053695,6.51716
1276182030,Unnamed,building,1.0,Low,3.3067078,6.5066033
1263532969,Unnamed,building,3.0,High,3.2771395,6.5033824
1258593885,Unnamed,building,4.0,Very High,3.2301277,6.4582595
1267761935,Unnamed,building,3.0,High,3.2209581,6.4453505
1262852231,Unnamed,building,3.0,High,3.267171,6.4999451
1262294711,Unnamed,building,3.0,High,3.2599965,6.5054179
1275526900,Unnamed,building,3.0,High,3.3020878,6.5218074
1258999690,Unnamed,building,4.0,Very High,3.3050342,6.4563736
1262087200,Unnamed,building,3.0,High,3.2489427,6.509357
1267514560,Unnamed,building,4.0,Very High,3.2158385,6.4502908
1275270699,Unnamed,building,2.0,Moderate,3.3040635,6.4911433
1257474801,Unnamed,building,4.0,Very High,3.2770532,6.4397779
1258590152,Unnamed,building,4.0,Very High,3.2375431,6.4557658
1267776463,Unnamed,building,4.0,Very High,3.2884595,6.4567882
1095583175,Unnamed,building,2.0,Moderate,3.2753799,6.4333973
1275781225,Unnamed,building,2.0,Moderate,3.3057489,6.5104855
1268617410,Unnamed,building,3.0,High,3.2508254,6.5004139
1257785647,Unnamed,building,3.0,High,3.2582253,6.4468797
1276250082,Unnamed,building,4.0,Very High,3.2925227,6.4930073
1260681136,Unnamed,building,2.0,Moderate,3.2494307,6.5196552
1262632370,Unnamed,building,3.0,High,3.2707523,6.5167186
1258684373,Unnamed,building,4.0,Very High,3.2588019,6.4556484
1257572542,Unnamed,building,3.0,High,3.2835265,6.4838184
1257896177,Unnamed,building,3.0,High,3.3072399,6.4823619
1257593227,Unnamed,building,2.0,Moderate,3.3066836,6.4655665
1257545629,Unnamed,building,2.0,Moderate,3.2468725,6.4493669
1257451567,Unnamed,building,2.0,Moderate,3.2519626,6.445931
1257908241,Unnamed,building,4.0,Very High,3.2671691,6.4522442
1089849783,Unnamed,building,3.0,High,3.2251754,6.4537339
1260771288,Unnamed,building,3.0,High,3.2685245,6.5176322
1257783964,Unnamed,building,4.0,Very High,3.2567496,6.4471181
1276177070,Unnamed,building,3.0,High,3.302837,6.5060945
1261399011,Unnamed,building,2.0,Moderate,3.2556798,6.5022335
1257823934,Unnamed,building,0.0,NoData,3.3086832,6.4616584
1258818646,Unnamed,building,2.0,Moderate,3.3175276,6.4181251
1275940167,Unnamed,building,3.0,High,3.2995148,6.509732
1275579109,Unnamed,building,4.0,Very High,3.3006204,6.5124247
1262225497,Unnamed,building,1.0,Low,3.2394,6.5125107
1275766730,Unnamed,building,4.0,Very High,3.3022577,6.5130262
1258219138,Unnamed,building,3.0,High,3.2726895,6.4479758
1262898279,Unnamed,building,4.0,Very High,3.2434019,6.5190509
1261388879,Unnamed,building,3.0,High,3.2490746,6.5018646
1257632528,Unnamed,building,4.0,Very High,3.302922,6.4472009
1259812487,Unnamed,building,2.0,Moderate,3.2407077,6.4967001
1257430428,Unnamed,building,3.0,High,3.2508883,6.444449
1276236871,Unnamed,building,4.0,Very High,3.2919246,6.4982031
1257478896,Unnamed,building,3.0,High,3.2491708,6.4766519
1257424376,Unnamed,building,2.0,Moderate,3.262768,6.4513202
1259727434,Unnamed,building,0.0,NoData,3.2213087,6.5236782
1275733525,Unnamed,building,2.0,Moderate,3.2918581,6.5159441
1258685994,Unnamed,building,4.0,Very High,3.2987598,6.4566321
1263741583,Unnamed,building,3.0,High,3.2802757,6.4958303
1263284880,Unnamed,building,3.0,High,3.2809823,6.5099481
1258727655,Unnamed,building,4.0,Very High,3.2366765,6.4371786
1257801113,Unnamed,building,4.0,Very High,3.2496652,6.452364
1257577873,Unnamed,building,4.0,Very High,3.2820647,6.4378822
1258244777,Unnamed,building,4.0,Very High,3.2876037,6.457587
1262614393,Unnamed,building,3.0,High,3.2621011,6.4981448
733631525,Unnamed,building,3.0,High,3.2589157,6.5181196
1258508671,Unnamed,building,0.0,NoData,3.2585511,6.4063491
1257493394,Unnamed,building,4.0,Very High,3.2588856,6.4418435
1267617348,Unnamed,building,2.0,Moderate,3.229508,6.4806264
1262529720,Unnamed,building,4.0,Very High,3.2610699,6.5151808
1259497425,Unnamed,building,3.0,High,3.262612,6.5081312
1266815171,Unnamed,building,3.0,High,3.3257516,6.4187485
1257514024,Unnamed,building,4.0,Very High,3.257378,6.4431931
1267521530,Unnamed,building,4.0,Very High,3.2199875,6.454778
1268650926,Unnamed,building,4.0,Very High,3.2636133,6.5125552
1275785471,Unnamed,building,4.0,Very High,3.3052554,6.5128112
1257424873,Unnamed,building,4.0,Very High,3.2687649,6.4503502
1258046459,Unnamed,building,3.0,High,3.2941435,6.4526599
1258581356,Unnamed,building,4.0,Very High,3.2524485,6.4592869
1258046347,Unnamed,building,3.0,High,3.2952527,6.4533936
1275270714,Unnamed,building,3.0,High,3.3030792,6.4922151
1263643889,Unnamed,building,4.0,Very High,3.236205,6.5218665
1257794388,Unnamed,building,4.0,Very High,3.29581,6.4579508
1257783887,Unnamed,building,4.0,Very High,3.2714298,6.4507526
1267490900,Unnamed,building,3.0,High,3.2956571,6.4621325
1267325975,Unnamed,building,0.0,NoData,3.2167616,6.4934919
1258607362,Unnamed,building,4.0,Very High,3.2439208,6.4547214
1273892073,Unnamed,building,3.0,High,3.267116,6.5124436
1266712818,Unnamed,building,4.0,Very High,3.2448586,6.4701899
1258408576,Unnamed,building,0.0,NoData,3.2595589,6.4304754
1260681257,Unnamed,building,4.0,Very High,3.2512538,6.5178751
1268118446,Unnamed,building,2.0,Moderate,3.2975599,6.4684611
1263724501,Unnamed,building,4.0,Very High,3.2826978,6.5099507
1258619338,Unnamed,building,0.0,NoData,3.2247472,6.4368045
1257787251,Unnamed,building,4.0,Very High,3.3105155,6.4491857
1276250110,Unnamed,building,4.0,Very High,3.2918256,6.4935865
1258693171,Unnamed,building,0.0,NoData,3.3179273,6.4491031
1276250136,Unnamed,building,4.0,Very High,3.2919922,6.4942155
1276491969,Unnamed,building,3.0,High,3.3024287,6.4893752
1258426540,Unnamed,building,2.0,Moderate,3.2627295,6.4594175
1257523164,Unnamed,building,2.0,Moderate,3.2791634,6.4794418
1267684044,Unnamed,building,1.0,Low,3.2292447,6.4442599
1258758932,Unnamed,building,4.0,Very High,3.3168447,6.4397278
1257607629,Unnamed,building,4.0,Very High,3.2541771,6.4447056
1285751670,Unnamed,building,2.0,Moderate,3.3588141,6.4149538
1095583170,Unnamed,building,0.0,NoData,3.2805503,6.4306271
1276433211,Unnamed,building,4.0,Very High,3.2967027,6.4858482
1275728004,Unnamed,building,4.0,Very High,3.3047471,6.5159979
1258604115,Unnamed,building,4.0,Very High,3.2511749,6.4595552
1258613971,Unnamed,building,4.0,Very High,3.3023236,6.4860313
1257419427,Unnamed,building,2.0,Moderate,3.2617524,6.4404725
1257718590,Unnamed,building,4.0,Very High,3.2553848,6.4374965
1257812433,Unnamed,building,3.0,High,3.2848296,6.4801936
1263159426,Unnamed,building,0.0,NoData,3.2277783,6.5244705
1263724438,Unnamed,building,1.0,Low,3.2849101,6.511446
1257790306,Unnamed,building,4.0,Very High,3.2952318,6.4584643
1258227091,Unnamed,building,3.0,High,3.2765135,6.474057
1258420905,Unnamed,building,2.0,Moderate,3.258056,6.4233717
1258460037,Unnamed,building,2.0,Moderate,3.2909933,6.4665233
1257397712,Unnamed,building,4.0,Very High,3.2533025,6.4506454
1266158663,Unnamed,building,0.0,NoData,3.2535082,6.4249633
1276457964,Unnamed,building,2.0,Moderate,3.3055127,6.4944774
653108088,Unnamed,building,2.0,Moderate,3.2665477,6.4231018
1257759096,Unnamed,building,4.0,Very High,3.260803,6.4454993
1258693551,Unnamed,building,4.0,Very High,3.2853931,6.4542478
1261852767,Unnamed,building,1.0,Low,3.2270972,6.5163595
1276168580,Unnamed,building,0.0,NoData,3.3087266,6.507053
995061762,Unnamed,building,0.0,NoData,3.3172059,6.4160038
1083909950,Unnamed,building,3.0,High,3.2182758,6.4424322
1258433458,Unnamed,building,2.0,Moderate,3.2504188,6.4384571
1257550866,Unnamed,building,3.0,High,3.2961035,6.466553
1262875000,Unnamed,building,3.0,High,3.2721019,6.51883
1257855254,Unnamed,building,3.0,High,3.2770729,6.4366726
1275270775,Unnamed,building,2.0,Moderate,3.3034066,6.4902788
1258247877,Unnamed,building,3.0,High,3.2643837,6.4451994
1261916915,Unnamed,building,4.0,Very High,3.2507621,6.5220633
1266562557,Unnamed,building,0.0,NoData,3.2656516,6.4235708
1257822054,Unnamed,building,4.0,Very High,3.3119036,6.4384404
1276362750,Unnamed,building,4.0,Very High,3.2919911,6.4881538
1258199974,Unnamed,building,3.0,High,3.2496932,6.4731119
1258678693,Unnamed,building,4.0,Very High,3.2768891,6.4518256
1257988178,Unnamed,building,0.0,NoData,3.2084815,6.4066178
1257774699,Unnamed,building,4.0,Very High,3.2614528,6.4450625
1257402001,Unnamed,building,3.0,High,3.2632485,6.4401011
1267775743,Unnamed,building,4.0,Very High,3.2220442,6.4409106
1275781251,Unnamed,building,4.0,Very High,3.304697,6.5112374
1259637660,Unnamed,building,4.0,Very High,3.2574756,6.515469
1258165089,Unnamed,building,4.0,Very High,3.3137543,6.4448773
1258444732,Unnamed,building,3.0,High,3.2323764,6.452166
1263400589,Unnamed,building,3.0,High,3.2825185,6.5018276
1262056512,Unnamed,building,3.0,High,3.2654141,6.5092573
1257902648,Unnamed,building,4.0,Very High,3.2696217,6.4437937
1257366065,Unnamed,building,2.0,Moderate,3.2929164,6.4502247
1257422941,Unnamed,building,4.0,Very High,3.30544,6.4558057
1257436731,Unnamed,building,2.0,Moderate,3.2636411,6.4371892
1258702761,Unnamed,building,0.0,NoData,3.3326231,6.4200554
1262599780,Unnamed,building,2.0,Moderate,3.2452998,6.5031583
1267527543,Unnamed,building,4.0,Very High,3.224347,6.4497563
1258660959,Unnamed,building,3.0,High,3.3217027,6.440545
1258569390,Unnamed,building,4.0,Very High,3.2777613,6.4643691
1258743967,Unnamed,building,4.0,Very High,3.283946,6.4062568
1276208962,Unnamed,building,3.0,High,3.2926233,6.5032512
1267509109,Unnamed,building,4.0,Very High,3.2149649,6.4553579
1258481865,Unnamed,building,4.0,Very High,3.2612238,6.4551581
1275719075,Unnamed,building,2.0,Moderate,3.2929771,6.5178691
1276248163,Unnamed,building,3.0,High,3.3075395,6.4971123
1267549469,Unnamed,building,2.0,Moderate,3.2283284,6.4647612
1258269748,Unnamed,building,3.0,High,3.2764723,6.4381698
1258261734,Unnamed,building,3.0,High,3.2589935,6.4628076
1262165294,Unnamed,building,2.0,Moderate,3.237369,6.5012302
1257583850,Unnamed,building,2.0,Moderate,3.2559118,6.4401679
1276139323,Unnamed,building,4.0,Very High,3.297463,6.5078735
1262210028,Unnamed,building,3.0,High,3.2267223,6.5025992
1257499531,Unnamed,building,2.0,Moderate,3.2708566,6.4378202
1258203652,Unnamed,building,3.0,High,3.2520374,6.4223804
1258368378,Unnamed,building,3.0,High,3.2728661,6.4615814
1261799119,Unnamed,building,4.0,Very High,3.2237077,6.5087205
1257994264,Unnamed,building,4.0,Very High,3.3092564,6.4572033
1260681152,Unnamed,building,4.0,Very High,3.2493477,6.5182018
1258229293,Unnamed,building,1.0,Low,3.2472274,6.4771774
1257810057,Unnamed,building,3.0,High,3.3098486,6.4398842
1257368594,Unnamed,building,2.0,Moderate,3.2918559,6.4517698
1257432492,Unnamed,building,2.0,Moderate,3.2742981,6.4419001
1258448196,Unnamed,building,2.0,Moderate,3.2733341,6.4802173
1258628526,Unnamed,building,2.0,Moderate,3.2744609,6.4733628
1258695124,Unnamed,building,3.0,High,3.2818435,6.4549563
1267326070,Unnamed,building,4.0,Very High,3.2177097,6.4950964
1259300782,Unnamed,building,2.0,Moderate,3.2512862,6.5211294
1275283044,Unnamed,building,0.0,NoData,3.3085502,6.5269518
1258599718,Unnamed,building,2.0,Moderate,3.2548889,6.4577801
1257642347,Unnamed,building,2.0,Moderate,3.2829015,6.4780481
1263545030,Unnamed,building,1.0,Low,3.2568588,6.4896611
1261916957,Unnamed,building,4.0,Very High,3.2495492,6.5220069
1258569709,Unnamed,building,4.0,Very High,3.2347974,6.44075
1275944314,Unnamed,building,3.0,High,3.3011127,6.5078381
1258604843,Unnamed,building,4.0,Very High,3.2995178,6.484682
1267540855,Unnamed,building,3.0,High,3.2209212,6.4914137
1257543095,Unnamed,building,2.0,Moderate,3.2515482,6.4466829
1257474807,Unnamed,building,4.0,Very High,3.277396,6.4389757
1274927623,Unnamed,building,2.0,Moderate,3.3068408,6.5057936
1257761860,Unnamed,building,4.0,Very High,3.2478945,6.4488419
1257497742,Unnamed,building,3.0,High,3.2796586,6.4388302
1257826812,Unnamed,building,4.0,Very High,3.3125309,6.4396741
1137584435,Unnamed,building,3.0,High,3.3001,6.501804
1257455680,Unnamed,building,3.0,High,3.2614079,6.4366936
1272181804,Unnamed,building,2.0,Moderate,3.2796631,6.5131498
1258063510,Unnamed,building,3.0,High,3.2808012,6.4726279
1257613833,Unnamed,building,4.0,Very High,3.2860661,6.4785907
1262231301,Unnamed,building,3.0,High,3.238937,6.5126105
1263697828,Unnamed,building,2.0,Moderate,3.265614,6.4969862
1257397767,Unnamed,building,4.0,Very High,3.2535922,6.4514195
1261830985,Unnamed,building,0.0,NoData,3.2217544,6.512713
1267625408,Unnamed,building,4.0,Very High,3.2259563,6.4537612
1258589729,Unnamed,building,4.0,Very High,3.2719066,6.4519365
1258714857,Unnamed,building,2.0,Moderate,3.3288891,6.4197161
1083917452,Unnamed,building,3.0,High,3.2288318,6.442496
1258631809,Unnamed,building,4.0,Very High,3.3045909,6.4848692
1268132152,Unnamed,building,2.0,Moderate,3.2974444,6.4618481
1263110519,Unnamed,building,3.0,High,3.2720786,6.5113926
1263710978,Unnamed,building,3.0,High,3.2839833,6.5122731
1257972869,Unnamed,building,3.0,High,3.2751858,6.4700015
1258197099,Unnamed,building,4.0,Very High,3.2958669,6.4626887
1263709289,Unnamed,building,2.0,Moderate,3.2756168,6.4927536
1258339769,Unnamed,building,1.0,Low,3.2607587,6.4695391
1257842101,Unnamed,building,2.0,Moderate,3.2727875,6.4633189
1262840543,Unnamed,building,3.0,High,3.2351911,6.514802
1263735339,Unnamed,building,1.0,Low,3.2626466,6.5006696
1257587041,Unnamed,building,3.0,High,3.3003561,6.4638877
1262209961,Unnamed,building,4.0,Very High,3.2252392,6.5032631
1257613940,Unnamed,building,2.0,Moderate,3.2872997,6.4789746
1258376707,Unnamed,building,2.0,Moderate,3.2739018,6.4614312
1267530019,Unnamed,building,3.0,High,3.2227176,6.4543962
1268715854,Unnamed,building,4.0,Very High,3.2992579,6.4682775
1257419303,Unnamed,building,3.0,High,3.2628099,6.4401455
1267567222,Unnamed,building,1.0,Low,3.2267621,6.482038
1257996786,Unnamed,building,2.0,Moderate,3.254974,6.4618719
1262787224,Unnamed,building,2.0,Moderate,3.2622436,6.5198674
1263711026,Unnamed,building,4.0,Very High,3.2843418,6.5122913
1261413155,Unnamed,building,4.0,Very High,3.2252021,6.5098769
1266490929,Unnamed,building,0.0,NoData,3.2568395,6.4285396
1267705893,Unnamed,building,2.0,Moderate,3.2177043,6.4417763
1258632070,Unnamed,building,4.0,Very High,3.2772121,6.4557361
1263707600,Unnamed,building,4.0,Very High,3.2516934,6.4948343
1259658828,Unnamed,building,1.0,Low,3.2510977,6.5151118
1267776508,Unnamed,building,4.0,Very High,3.288654,6.4567946
1257787201,Unnamed,building,3.0,High,3.3104442,6.4486209
1258067435,Unnamed,building,3.0,High,3.2796019,6.4716856
1262209957,Unnamed,building,4.0,Very High,3.2260573,6.503628
1257855776,Unnamed,building,4.0,Very High,3.254488,6.4348366
1257761854,Unnamed,building,1.0,Low,3.2478099,6.4485108
1258261760,Unnamed,building,3.0,High,3.2578642,6.4628852
1257599999,Unnamed,building,3.0,High,3.2736806,6.4379392
1262957249,Unnamed,building,4.0,Very High,3.2625792,6.512355
1267340754,Unnamed,building,4.0,Very High,3.2221943,6.4929109
1260681448,Unnamed,building,2.0,Moderate,3.2507928,6.5180808
1263457209,Unnamed,building,2.0,Moderate,3.2747576,6.5200126
1257884255,Unnamed,building,2.0,Moderate,3.277124,6.4335311
1275800302,Unnamed,building,0.0,NoData,3.3077937,6.5120952
1267722909,Unnamed,building,2.0,Moderate,3.2217762,6.4487122
1267509119,Unnamed,building,3.0,High,3.21547,6.4548509
1262940841,Unnamed,building,4.0,Very High,3.2657964,6.5066018
733631515,Unnamed,building,4.0,Very High,3.2589997,6.517671
1258447886,Unnamed,building,2.0,Moderate,3.3088532,6.4425148
1262294616,Unnamed,building,2.0,Moderate,3.2576594,6.5049407
1258580657,Unnamed,building,3.0,High,3.2858082,6.4645426
1258639534,Unnamed,building,3.0,High,3.2808471,6.4704858
1275733436,Unnamed,building,4.0,Very High,3.2931146,6.516835
1262103542,Unnamed,building,2.0,Moderate,3.2316208,6.5064118
1257585912,Unnamed,building,4.0,Very High,3.3056164,6.4687359
1272366335,Unnamed,building,4.0,Very High,3.2675585,6.510819
1262444276,Unnamed,building,4.0,Very High,3.2428318,6.5210255
1262553967,Unnamed,building,2.0,Moderate,3.2312436,6.5085628
1257817353,Unnamed,building,4.0,Very High,3.3012656,6.4661002
1258314043,Unnamed,building,0.0,NoData,3.2510016,6.4244293
1262428312,Unnamed,building,3.0,High,3.2562184,6.5116158
1257513298,Unnamed,building,3.0,High,3.2866245,6.4658074
1258266323,Unnamed,building,3.0,High,3.2973694,6.4536788
1262056533,Unnamed,building,3.0,High,3.2647804,6.5112071
1275755665,Unnamed,building,4.0,Very High,3.3030944,6.5166996
1258901690,Unnamed,building,0.0,NoData,3.2225791,6.4391099
1258677613,Unnamed,building,0.0,NoData,3.2741742,6.4056448
1258436593,Unnamed,building,4.0,Very High,3.2308805,6.4507659
1258604080,Unnamed,building,4.0,Very High,3.2494426,6.4591961
1263735593,Unnamed,building,1.0,Low,3.261833,6.5003374
1257736273,Unnamed,building,3.0,High,3.2762198,6.467486
1258411563,Unnamed,building,4.0,Very High,3.2648519,6.4332985
1276320364,Unnamed,building,0.0,NoData,3.3094548,6.5008799
1257826801,Unnamed,building,2.0,Moderate,3.3138547,6.4398745
1275534040,Unnamed,building,2.0,Moderate,3.2919622,6.5223976
1262839248,Unnamed,building,4.0,Very High,3.2329798,6.5160346
1262129819,Unnamed,building,2.0,Moderate,3.2349973,6.5023776
1257816080,Unnamed,building,4.0,Very High,3.2652991,6.446393
1262165250,Unnamed,building,4.0,Very High,3.235621,6.5031133
1262122475,Unnamed,building,2.0,Moderate,3.2618741,6.5109704
1276193074,Unnamed,building,2.0,Moderate,3.3014396,6.5023251
1263653248,Unnamed,building,4.0,Very High,3.2481576,6.4523947
1258610360,Unnamed,building,4.0,Very High,3.2870644,6.469297
1262580828,Unnamed,building,2.0,Moderate,3.2425716,6.502271
1258296731,Unnamed,building,4.0,Very High,3.2794066,6.4451659
1262968952,Unnamed,building,3.0,High,3.2537801,6.5162465
1258700083,Unnamed,building,4.0,Very High,3.2936497,6.4823262
1257539078,Unnamed,building,3.0,High,3.3041737,6.4773137
1257625596,Unnamed,building,4.0,Very High,3.2781084,6.447689
1267530188,Unnamed,building,0.0,NoData,3.2107732,6.458357
1259300658,Unnamed,building,4.0,Very High,3.2507979,6.5221904
1258702823,Unnamed,building,0.0,NoData,3.3331507,6.4197341
1263553203,Unnamed,building,2.0,Moderate,3.2569542,6.5064473
1262775091,Unnamed,building,3.0,High,3.2644065,6.51499
1258596117,Unnamed,building,2.0,Moderate,3.2775016,6.4683674
1257364242,Unnamed,building,3.0,High,3.2954454,6.4498791
1258239685,Unnamed,building,2.0,Moderate,3.2752482,6.4726425
1267340807,Unnamed,building,2.0,Moderate,3.2244889,6.4950558
1276439713,Unnamed,building,4.0,Very High,3.2954742,6.4845752
1109151601,Unnamed,building,2.0,Moderate,3.3579495,6.4156521
1263735473,Unnamed,building,2.0,Moderate,3.2626042,6.4982718
1260681396,Unnamed,building,3.0,High,3.2496751,6.517934
1083914415,Unnamed,building,3.0,High,3.2259744,6.4439481
1261892611,Unnamed,building,4.0,Very High,3.2483256,6.5204376
1257474851,Unnamed,building,4.0,Very High,3.2772979,6.4395375
1275736171,Unnamed,building,3.0,High,3.3058427,6.5147526
1276236830,Unnamed,building,3.0,High,3.2920862,6.5001942
1263741554,Unnamed,building,3.0,High,3.2810812,6.4969282
1257783593,Unnamed,building,4.0,Very High,3.2611554,6.443271
1257810173,Unnamed,building,4.0,Very High,3.2419794,6.4539654
1257911870,Unnamed,building,3.0,High,3.2566236,6.4670297
1258146552,Unnamed,building,4.0,Very High,3.2659487,6.4311905
1263179580,Unnamed,building,0.0,NoData,3.2320262,6.5228721
1262965121,Unnamed,building,3.0,High,3.26931,6.504629
1263741576,Unnamed,building,3.0,High,3.2799694,6.4956114
1263151049,Unnamed,building,3.0,High,3.2756045,6.5013098
1258669950,Unnamed,building,2.0,Moderate,3.302708,6.4456019
1261852720,Unnamed,building,3.0,High,3.2257656,6.5162859
1261851262,Unnamed,building,3.0,High,3.2808151,6.5001678
1258327377,Unnamed,building,4.0,Very High,3.2578192,6.4591239
1259319359,Unnamed,building,3.0,High,3.276752,6.5001617
1268207483,Unnamed,building,2.0,Moderate,3.2560821,6.5186508
1267698541,Unnamed,building,4.0,Very High,3.2256387,6.4485425
1259804340,Unnamed,building,3.0,High,3.2703912,6.5028175
1260662881,Unnamed,building,4.0,Very High,3.247097,6.5190218
1267700388,Unnamed,building,2.0,Moderate,3.2218296,6.45919
1267617353,Unnamed,building,2.0,Moderate,3.2295584,6.4810278
1263284821,Unnamed,building,2.0,Moderate,3.2809824,6.5116048
1263018518,Unnamed,building,3.0,High,3.2595696,6.4964041
1257988277,Unnamed,building,1.0,Low,3.2733855,6.4708987
1263293738,Unnamed,building,3.0,High,3.2557191,6.5160495
1261838884,Unnamed,building,4.0,Very High,3.2832655,6.4978887
1259329824,Unnamed,building,2.0,Moderate,3.2735126,6.4988727
1258261914,Unnamed,building,2.0,Moderate,3.2586777,6.4651708
1275728121,Unnamed,building,3.0,High,3.3054737,6.5170426
1267731553,Unnamed,building,3.0,High,3.2264595,6.4557748
1263698298,Unnamed,building,3.0,High,3.2811508,6.5149446
1118286944,Unnamed,building,0.0,NoData,3.362564,6.4172018
1258180671,Unnamed,building,3.0,High,3.2609688,6.4543572
1263704582,Unnamed,building,3.0,High,3.2699421,6.4969726
1258187811,Unnamed,building,4.0,Very High,3.2464679,6.4755105
1257474932,Unnamed,building,4.0,Very High,3.2790311,6.4404411
1262064823,Unnamed,building,2.0,Moderate,3.2632054,6.5129488
1260588127,Unnamed,building,4.0,Very High,3.2397043,6.5163171
1262957368,Unnamed,building,3.0,High,3.2609184,6.5130552
1262787267,Unnamed,building,2.0,Moderate,3.262686,6.5176562
1262839323,Unnamed,building,3.0,High,3.235008,6.5169592
1258444422,Unnamed,building,0.0,NoData,3.3152345,6.4311599
1258261845,Unnamed,building,3.0,High,3.2598771,6.4636665
617767597,Unnamed,building,3.0,High,3.2654303,6.4222572
1258805279,Unnamed,building,2.0,Moderate,3.3140482,6.4168083
1257896179,Unnamed,building,0.0,NoData,3.3080444,6.4819217
1258642627,Unnamed,building,0.0,NoData,3.3088146,6.484833
1258223614,Unnamed,building,3.0,High,3.258242,6.4692093
1275785455,Unnamed,building,3.0,High,3.3062588,6.5128462
1258716059,Unnamed,building,3.0,High,3.2694907,6.4650797
1267625058,Unnamed,building,4.0,Very High,3.2252654,6.4585417
1258799679,Unnamed,building,0.0,NoData,3.2487083,6.4160272
1258409017,Unnamed,building,3.0,High,3.2847263,6.4672889
1259658824,Unnamed,building,3.0,High,3.250964,6.5169057
1258394258,Unnamed,building,2.0,Moderate,3.2782501,6.4643106
1258282604,Unnamed,building,1.0,Low,3.2800353,6.4321408
1268617303,Unnamed,building,2.0,Moderate,3.2502595,6.4984593
1257798194,Unnamed,building,2.0,Moderate,3.2814745,6.4795844
1257447088,Unnamed,building,4.0,Very High,3.2742412,6.4413366
1275886205,Unnamed,building,0.0,NoData,3.3079005,6.5104314
1263201062,Unnamed,building,1.0,Low,3.2484732,6.5088315
1258609733,Unnamed,building,4.0,Very High,3.250965,6.4648123
1272449478,Unnamed,building,3.0,High,3.2247801,6.454707
1259658614,Unnamed,building,3.0,High,3.2513694,6.5167741
1257530669,Unnamed,building,3.0,High,3.2697184,6.4744618
1257902694,Unnamed,building,4.0,Very High,3.2692479,6.4454886
1258666314,Unnamed,building,4.0,Very High,3.2696238,6.4545185
1257911899,Unnamed,building,3.0,High,3.2558022,6.467402
1258296837,Unnamed,building,3.0,High,3.2811588,6.4762728
1262852134,Unnamed,building,1.0,Low,3.2674076,6.499075
1267325958,Unnamed,building,0.0,NoData,3.2175584,6.4931214
1262129958,Unnamed,building,3.0,High,3.2775144,6.513245
1276244555,Unnamed,building,4.0,Very High,3.2939521,6.4971919
1137584425,Unnamed,building,3.0,High,3.299225,6.5023442
1257630440,Unnamed,building,3.0,High,3.2576548,6.4371067
1263772322,Unnamed,building,4.0,Very High,3.284815,6.4994934
1263154832,Unnamed,building,0.0,NoData,3.2614362,6.5226974
1258523482,Unnamed,building,0.0,NoData,3.2636559,6.4054695
1276498275,Unnamed,building,3.0,High,3.3054129,6.4893253
1257572142,Unnamed,building,3.0,High,3.2981265,6.4660125
1267438576,Unnamed,building,4.0,Very High,3.300661,6.4712664
1258719996,Unnamed,building,3.0,High,3.2837368,6.4228095
1276465222,Unnamed,building,0.0,NoData,3.3103982,6.4950422
1262560120,Unnamed,building,1.0,Low,3.2365066,6.5074316
1267718715,Unnamed,building,3.0,High,3.2263183,6.4493574
1258645513,Unnamed,building,0.0,NoData,3.3086907,6.4876463
1258700047,Unnamed,building,4.0,Very High,3.2932996,6.4837683
1263453093,Unnamed,building,4.0,Very High,3.2798783,6.5011657
1260554673,Unnamed,building,4.0,Very High,3.2841471,6.506923
1257528046,Unnamed,building,4.0,Very High,3.2692463,6.4333575
1275785500,Unnamed,building,3.0,High,3.3059692,6.5134053
1257866790,Unnamed,building,3.0,High,3.2717485,6.4425502
1257783621,Unnamed,building,4.0,Very High,3.2608293,6.4415907
1258228435,Unnamed,building,4.0,Very High,3.2744278,6.4759778
1263471947,Unnamed,building,2.0,Moderate,3.2639406,6.506241
1257401811,Unnamed,building,3.0,High,3.2647403,6.4387951
1258055572,Unnamed,building,2.0,Moderate,3.2806846,6.4578165
1260554601,Unnamed,building,3.0,High,3.2835922,6.5088026
1285751717,Unnamed,building,2.0,Moderate,3.3565778,6.4154656
1263407882,Unnamed,building,4.0,Very High,3.2810742,6.5040191
1269867433,Unnamed,building,3.0,High,3.2610683,6.5140158
1262787300,Unnamed,building,4.0,Very High,3.2621458,6.5182146
1262215690,Unnamed,building,4.0,Very High,3.240826,6.5125788
1257513060,Unnamed,building,3.0,High,3.2649491,6.441461
1258180619,Unnamed,building,4.0,Very High,3.2626717,6.4536878
1276192543,Unnamed,building,1.0,Low,3.2940115,6.5058352
1083910073,Unnamed,building,2.0,Moderate,3.2172529,6.4444556
1258199965,Unnamed,building,4.0,Very High,3.2505533,6.4730415
1267501778,Unnamed,building,0.0,NoData,3.2082208,6.4547582
1258756864,Unnamed,building,4.0,Very High,3.3173181,6.4437591
1257804178,Unnamed,building,4.0,Very High,3.3032741,6.4584773
1257817320,Unnamed,building,3.0,High,3.3018428,6.4669337
1257386386,Unnamed,building,2.0,Moderate,3.271133,6.4388918
1257631372,Unnamed,building,1.0,Low,3.3040322,6.4464159
1257513882,Unnamed,building,3.0,High,3.2553532,6.4430657
1258618710,Unnamed,building,3.0,High,3.2803805,6.4619451
1263723188,Unnamed,building,4.0,Very High,3.2864539,6.4904674
1262070287,Unnamed,building,0.0,NoData,3.2184299,6.4986103
1258446990,Unnamed,building,4.0,Very High,3.2914763,6.4564824
1258631823,Unnamed,building,3.0,High,3.3045757,6.4859487
617766776,Unnamed,building,2.0,Moderate,3.283788,6.421425
1259050153,Unnamed,building,0.0,NoData,3.23973,6.5234822
1257764885,Unnamed,building,4.0,Very High,3.2677394,6.4455993
1271509080,Unnamed,building,4.0,Very High,3.2762205,6.5131778
1266410066,Unnamed,building,4.0,Very High,3.2761134,6.4771117
1262132938,Unnamed,building,4.0,Very High,3.2654675,6.5076095
1260528834,Unnamed,building,3.0,High,3.2654621,6.4999071
1257915952,Unnamed,building,1.0,Low,3.2641281,6.4649957
1275769870,Unnamed,building,4.0,Very High,3.2971553,6.516486
1257606630,Unnamed,building,4.0,Very High,3.3044788,6.4570546
1258249991,Unnamed,building,2.0,Moderate,3.2927384,6.4733423
1258418236,Unnamed,building,2.0,Moderate,3.2583768,6.4230003
1258702696,Unnamed,building,0.0,NoData,3.3341188,6.4208389
1258669925,Unnamed,building,1.0,Low,3.3033769,6.4460555
1257801090,Unnamed,building,3.0,High,3.2513584,6.4527496
1267780736,Unnamed,building,3.0,High,3.3034196,6.4545474
1089849781,Unnamed,building,3.0,High,3.2253025,6.4538829
1258543592,Unnamed,building,3.0,High,3.2364537,6.448128
1275423050,Unnamed,building,0.0,NoData,3.2962371,6.5230664
1257750966,Unnamed,building,2.0,Moderate,3.2601154,6.4450221
1257816109,Unnamed,building,3.0,High,3.2649709,6.4474978
1258710925,Unnamed,building,2.0,Moderate,3.3040226,6.4424704
1275664259,Unnamed,building,3.0,High,3.3048946,6.5184269
1262852118,Unnamed,building,2.0,Moderate,3.2671706,6.5002772
1258621330,Unnamed,building,2.0,Moderate,3.2727916,6.4700279
1259363923,Unnamed,building,0.0,NoData,3.2594421,6.5228265
1267509101,Unnamed,building,2.0,Moderate,3.2149406,6.4562077
1258014885,Unnamed,building,3.0,High,3.2705252,6.4705911
1262122501,Unnamed,building,3.0,High,3.2604594,6.5112289
1258593954,Unnamed,building,4.0,Very High,3.232232,6.4574914
1263517006,Unnamed,building,4.0,Very High,3.2476866,6.5001591
1258602811,Unnamed,building,4.0,Very High,3.2938924,6.4824579
1258456323,Unnamed,building,4.0,Very High,3.2579073,6.4382327
1258030444,Unnamed,building,4.0,Very High,3.2808997,6.4677574
1267619453,Unnamed,building,3.0,High,3.2111859,6.4526054
1267533359,Unnamed,building,4.0,Very High,3.2264232,6.4610603
1267698560,Unnamed,building,3.0,High,3.2248094,6.448598
1257487555,Unnamed,building,2.0,Moderate,3.2518507,6.4745339
1260480507,Unnamed,building,3.0,High,3.2678543,6.5010957
1285337549,Unnamed,building,2.0,Moderate,3.3607147,6.4153376
1276491887,Unnamed,building,2.0,Moderate,3.3014868,6.489882
1258140994,Unnamed,building,3.0,High,3.3065308,6.483491
1276486295,Unnamed,building,4.0,Very High,3.3053297,6.4901847
1261810608,Unnamed,building,3.0,High,3.2553144,6.5185977
1259524870,Unnamed,building,3.0,High,3.2532222,6.5000966
1258261696,Unnamed,building,3.0,High,3.26018,6.4628333
1258571454,Unnamed,building,0.0,NoData,3.2385654,6.4274129
1257370474,Unnamed,building,3.0,High,3.2669256,6.4384714
1257370525,Unnamed,building,2.0,Moderate,3.2668995,6.4394962
1257621274,Unnamed,building,3.0,High,3.280743,6.445811
1275892852,Unnamed,building,4.0,Very High,3.3025768,6.510649
1258268589,Unnamed,building,3.0,High,3.2963788,6.4533997
1258203719,Unnamed,building,3.0,High,3.2522766,6.4219046
1259174351,Unnamed,building,0.0,NoData,3.2571502,6.5218327
1262428438,Unnamed,building,3.0,High,3.2564554,6.5100585
1262840546,Unnamed,building,1.0,Low,3.2345349,6.5172494
1258569364,Unnamed,building,2.0,Moderate,3.2793094,6.4638408
1258327298,Unnamed,building,4.0,Very High,3.2580298,6.4583181
1257713759,Unnamed,building,4.0,Very High,3.2545946,6.4299808
1262179541,Unnamed,building,3.0,High,3.2373266,6.5005772
1263741500,Unnamed,building,4.0,Very High,3.281617,6.4955129
1137584396,Unnamed,building,4.0,Very High,3.2990281,6.5031252
1267318430,Unnamed,building,3.0,High,3.2198144,6.4979822
1261909914,Unnamed,building,0.0,NoData,3.2454371,6.5235748
1258571348,Unnamed,building,3.0,High,3.2757058,6.4649561
1266693941,Unnamed,building,3.0,High,3.2497108,6.4739527
1258669515,Unnamed,building,3.0,High,3.2979227,6.4593359
1257999190,Unnamed,building,3.0,High,3.2677116,6.4682979
1257908380,Unnamed,building,4.0,Very High,3.267037,6.4529121
1257447085,Unnamed,building,4.0,Very High,3.2743195,6.440757
1258625105,Unnamed,building,3.0,High,3.2540843,6.4635154
1267721995,Unnamed,building,0.0,NoData,3.2170006,6.4406706
1259658804,Unnamed,building,1.0,Low,3.250035,6.5146904
1268603039,Unnamed,building,3.0,High,3.2807123,6.4962666
1275892863,Unnamed,building,3.0,High,3.3022365,6.5101796
1263114250,Unnamed,building,3.0,High,3.2747419,6.5109088
1258689547,Unnamed,building,2.0,Moderate,3.2728065,6.4573823
1267684323,Unnamed,building,4.0,Very High,3.2300575,6.4494241
1258600466,Unnamed,building,3.0,High,3.3006361,6.4604456
1262130023,Unnamed,building,2.0,Moderate,3.2768623,6.5137434
1258373398,Unnamed,building,3.0,High,3.2619961,6.4611941
1137587903,Unnamed,building,4.0,Very High,3.3061857,6.5022982
1269092933,Unnamed,building,3.0,High,3.2339339,6.516609
1260662858,Unnamed,building,4.0,Very High,3.2481044,6.5180108
995194819,Unnamed,building,3.0,High,3.3251865,6.4174624
1267784599,Unnamed,building,4.0,Very High,3.2260573,6.4425747
1262523445,Unnamed,building,2.0,Moderate,3.2696599,6.5214815
1276491954,Unnamed,building,3.0,High,3.3039059,6.4888694
1276426175,Unnamed,building,2.0,Moderate,3.3088596,6.4994585
1257939388,Unnamed,building,1.0,Low,3.2939565,6.480114
1276248127,Unnamed,building,3.0,High,3.3071429,6.4963487
1267572992,Unnamed,building,3.0,High,3.2296688,6.4530392
1258523445,Unnamed,building,2.0,Moderate,3.2634567,6.4064434
1258055576,Unnamed,building,4.0,Very High,3.2801488,6.4577308
1258684536,Unnamed,building,2.0,Moderate,3.2787545,6.4543956
1265804109,Unnamed,building,0.0,NoData,3.2039462,6.4053744
1266728822,Unnamed,building,4.0,Very High,3.2436388,6.4655593
1276232525,Unnamed,building,3.0,High,3.296943,6.4956406
1263732247,Unnamed,building,2.0,Moderate,3.2763855,6.4986312
1262987259,Unnamed,building,2.0,Moderate,3.2732021,6.512472
1257605783,Unnamed,building,3.0,High,3.2526736,6.443854
1258954152,Unnamed,building,0.0,NoData,3.3167095,6.409935
1261860361,Unnamed,building,3.0,High,3.2266972,6.5144364
1258247921,Unnamed,building,4.0,Very High,3.2633879,6.4454711
1258439006,Unnamed,building,3.0,High,3.283911,6.447597
1083914202,Unnamed,building,2.0,Moderate,3.2254756,6.4450609
1257801712,Unnamed,building,2.0,Moderate,3.2641156,6.4481872
1258618684,Unnamed,building,4.0,Very High,3.2817558,6.462136
1257364241,Unnamed,building,3.0,High,3.2950678,6.4504485
1267784645,Unnamed,building,4.0,Very High,3.225128,6.4433178
1263459262,Unnamed,building,3.0,High,3.2720406,6.5158781
1258244778,Unnamed,building,4.0,Very High,3.2876123,6.4573935
1258636472,Unnamed,building,2.0,Moderate,3.2791159,6.4674527
1257972948,Unnamed,building,3.0,High,3.2746554,6.4705679
1259497421,Unnamed,building,3.0,High,3.2616664,6.5063255
1260760510,Unnamed,building,2.0,Moderate,3.2306785,6.5169405
1258716027,Unnamed,building,4.0,Very High,3.2697721,6.4644136
1257960796,Unnamed,building,3.0,High,3.2326333,6.4566729
1263727440,Unnamed,building,3.0,High,3.2851526,6.5038487
1257430458,Unnamed,building,3.0,High,3.2506863,6.4440898
1268972694,Unnamed,building,2.0,Moderate,3.2886472,6.5084649
1257625620,Unnamed,building,4.0,Very High,3.2766681,6.4477296
1261949883,Unnamed,building,0.0,NoData,3.2230395,6.5231343
1257970202,Unnamed,building,4.0,Very High,3.2364295,6.4534584
1259072893,Unnamed,building,1.0,Low,3.2456956,6.5121861
1258551341,Unnamed,building,4.0,Very High,3.2341546,6.4478788
1258269699,Unnamed,building,3.0,High,3.2743631,6.4367236
1270916877,Unnamed,building,2.0,Moderate,3.259168,6.5103958
1267009443,Unnamed,building,2.0,Moderate,3.2498109,6.4610223
1258579509,Unnamed,building,3.0,High,3.2811542,6.4641679
1267784881,Unnamed,building,4.0,Very High,3.2891109,6.4574341
1262544151,Unnamed,building,3.0,High,3.2719382,6.5211953
1260604099,Unnamed,building,2.0,Moderate,3.2643153,6.5193586
1258403414,Unnamed,building,4.0,Very High,3.2980997,6.4555578
1258620928,Unnamed,building,2.0,Moderate,3.282318,6.470876
1267533385,Unnamed,building,4.0,Very High,3.2259974,6.4608385
1258762840,Unnamed,building,4.0,Very High,3.3121506,6.4379991
1261892683,Unnamed,building,3.0,High,3.2479714,6.5223364
1258244775,Unnamed,building,4.0,Very High,3.2874932,6.457985
1263179421,Unnamed,building,0.0,NoData,3.2309981,6.5239222
1260647499,Unnamed,building,4.0,Very High,3.2446357,6.5184434
1258603414,Unnamed,building,2.0,Moderate,3.2925325,6.453414
1267511717,Unnamed,building,4.0,Very High,3.2172689,6.4551608
1257980587,Unnamed,building,3.0,High,3.2566804,6.4640208
1257642329,Unnamed,building,1.0,Low,3.2844325,6.4775474
1258669507,Unnamed,building,3.0,High,3.2979832,6.4591207
1095583119,Unnamed,building,2.0,Moderate,3.2806206,6.4334511
1257556414,Unnamed,building,2.0,Moderate,3.255282,6.4687793
1258255116,Unnamed,building,0.0,NoData,3.3179643,6.4468328
1257370562,Unnamed,building,2.0,Moderate,3.2684263,6.4397161
1257504828,Unnamed,building,4.0,Very High,3.3044828,6.4757765
1257790432,Unnamed,building,4.0,Very High,3.2623482,6.4415532
1258449771,Unnamed,building,3.0,High,3.3007439,6.467889
1258451739,Unnamed,building,4.0,Very High,3.2872455,6.455104
1262178237,Unnamed,building,4.0,Very High,3.2828121,6.5057513
1272958394,Unnamed,building,4.0,Very High,3.2197458,6.4922452
1258419298,Unnamed,building,3.0,High,3.2606608,6.4347134
1263644142,Unnamed,building,3.0,High,3.2365679,6.5206124
1261398961,Unnamed,building,3.0,High,3.2573602,6.5035978
1263431452,Unnamed,building,4.0,Very High,3.2402635,6.5023878
1258753524,Unnamed,building,2.0,Moderate,3.3269649,6.4195233
1262787342,Unnamed,building,3.0,High,3.2608873,6.5179902
1263175109,Unnamed,building,3.0,High,3.2626359,6.4950877
1263516852,Unnamed,building,3.0,High,3.2453413,6.5126139
1258313574,Unnamed,building,2.0,Moderate,3.2643894,6.4227043
1257519503,Unnamed,building,3.0,High,3.2559008,6.4512134
1258684398,Unnamed,building,4.0,Very High,3.2583985,6.4554415
1262949787,Unnamed,building,4.0,Very High,3.2544509,6.5127262
1267698248,Unnamed,building,4.0,Very High,3.2279984,6.4672654
1262288303,Unnamed,building,0.0,NoData,3.2789346,6.5185686
1258193981,Unnamed,building,4.0,Very High,3.2463716,6.4736904
1257648219,Unnamed,building,3.0,High,3.279618,6.4771165
1267689077,Unnamed,building,2.0,Moderate,3.2280019,6.4472069
1257892167,Unnamed,building,2.0,Moderate,3.2832174,6.4648367
995241055,Unnamed,building,2.0,Moderate,3.3156956,6.4176808
1263746606,Unnamed,building,2.0,Moderate,3.2554862,6.4797242
1276491921,Unnamed,building,4.0,Very High,3.3029839,6.4878897
1276472207,Unnamed,building,2.0,Moderate,3.307066,6.492864
1266410104,Unnamed,building,4.0,Very High,3.2760869,6.4787058
739536595,Unnamed,building,0.0,NoData,3.3055961,6.526274
1275402233,Unnamed,building,0.0,NoData,3.300772,6.5242545
1257892196,Unnamed,building,3.0,High,3.28266,6.4628697
1267731486,Unnamed,building,4.0,Very High,3.2267011,6.4568052
1258652745,Unnamed,building,1.0,Low,3.2850117,6.4742048
1267703549,Unnamed,building,0.0,NoData,3.2164923,6.4434436
1257600984,Unnamed,building,4.0,Very High,3.2864829,6.4833057
1257852539,Unnamed,building,2.0,Moderate,3.3114699,6.4422553
1259679393,Unnamed,building,4.0,Very High,3.2464329,6.5223274
1258219202,Unnamed,building,3.0,High,3.2716457,6.4465277
1257789220,Unnamed,building,3.0,High,3.3026346,6.4565262
1275785554,Unnamed,building,2.0,Moderate,3.3049046,6.5134569
1258689706,Unnamed,building,4.0,Very High,3.2357118,6.4594253
1257892300,Unnamed,building,3.0,High,3.2825912,6.46514
1258569450,Unnamed,building,3.0,High,3.2769673,6.4648977
1258393658,Unnamed,building,3.0,High,3.2837118,6.470954
1267732881,Unnamed,building,2.0,Moderate,3.2225238,6.4466098
1262940915,Unnamed,building,2.0,Moderate,3.2682503,6.5090008
1260681292,Unnamed,building,3.0,High,3.2499063,6.5178325
1258593755,Unnamed,building,2.0,Moderate,3.2320301,6.4587655
1257499092,Unnamed,building,2.0,Moderate,3.2588888,6.4492049
1261388874,Unnamed,building,2.0,Moderate,3.2486242,6.5016622
1263697867,Unnamed,building,3.0,High,3.263236,6.4972233
1258954166,Unnamed,building,0.0,NoData,3.3168216,6.408861
1257493371,Unnamed,building,4.0,Very High,3.2581973,6.4409054
1263184808,Unnamed,building,0.0,NoData,3.2257554,6.5230857
1262141893,Unnamed,building,2.0,Moderate,3.2710975,6.5084623
1258439039,Unnamed,building,3.0,High,3.2832371,6.4483966
1257761869,Unnamed,building,3.0,High,3.2473156,6.447043
1258702484,Unnamed,building,3.0,High,3.2708971,6.4686295
1257941977,Unnamed,building,2.0,Moderate,3.2982338,6.4585364
1276425427,Unnamed,building,3.0,High,3.3045404,6.4979971
1262444119,Unnamed,building,0.0,NoData,3.2430904,6.5224936
1267540857,Unnamed,building,3.0,High,3.2206041,6.4914607
1275205862,Unnamed,building,1.0,Low,3.3049213,6.5050567
1260480538,Unnamed,building,2.0,Moderate,3.2677753,6.5030287
1258389222,Unnamed,building,3.0,High,3.2739052,6.4610501
1276504549,Unnamed,building,4.0,Very High,3.3032936,6.4865654
1267533480,Unnamed,building,4.0,Very High,3.2252523,6.4616331
1258394276,Unnamed,building,4.0,Very High,3.2793036,6.4629398
1257996788,Unnamed,building,2.0,Moderate,3.2549636,6.4619842
1258689728,Unnamed,building,4.0,Very High,3.2371365,6.4573234
1269867424,Unnamed,building,2.0,Moderate,3.2604168,6.5142122
1276472194,Unnamed,building,2.0,Moderate,3.3087574,6.4936419
1262969132,Unnamed,building,1.0,Low,3.2587673,6.5020722
1258853060,Unnamed,building,2.0,Moderate,3.2547705,6.4133204
1257513543,Unnamed,building,2.0,Moderate,3.2916753,6.4534496
1258426169,Unnamed,building,0.0,NoData,3.3031652,6.4396719
1261810623,Unnamed,building,2.0,Moderate,3.2557133,6.5177918
1259669466,Unnamed,building,0.0,NoData,3.2506886,6.5234853
1258768511,Unnamed,building,0.0,NoData,3.3265237,6.4376259
1258684386,Unnamed,building,4.0,Very High,3.2585968,6.4552876
1258697770,Unnamed,building,4.0,Very High,3.286274,6.4588176
1258662869,Unnamed,building,0.0,NoData,3.3251018,6.442388
1276439722,Unnamed,building,4.0,Very High,3.2951375,6.4848567
1275724595,Unnamed,building,1.0,Low,3.2886514,6.5159893
1276202309,Unnamed,building,2.0,Moderate,3.2951412,6.5034953
1257784862,Unnamed,building,4.0,Very High,3.2887177,6.4855598
1276168578,Unnamed,building,0.0,NoData,3.3088996,6.5069929
1262636566,Unnamed,building,2.0,Moderate,3.2564818,6.4983942
1257996629,Unnamed,building,3.0,High,3.2560107,6.4600111
1263644204,Unnamed,building,0.0,NoData,3.2357002,6.5225385
1258967318,Unnamed,building,0.0,NoData,3.2163462,6.4053052
1258026230,Unnamed,building,4.0,Very High,3.291979,6.4631951
1258672156,Unnamed,building,1.0,Low,3.2929797,6.4578259
1260626876,Unnamed,building,3.0,High,3.2427728,6.5093301
1257364224,Unnamed,building,3.0,High,3.2950817,6.4495476
1083914288,Unnamed,building,2.0,Moderate,3.225555,6.4450475
1258598271,Unnamed,building,3.0,High,3.3008491,6.4617767
1258590166,Unnamed,building,4.0,Very High,3.2371361,6.4558327
1257550847,Unnamed,building,3.0,High,3.2967189,6.4672907
1261841452,Unnamed,building,4.0,Very High,3.2228386,6.5121437
1257661840,Unnamed,building,0.0,NoData,3.3076966,6.4807911
1258403224,Unnamed,building,4.0,Very High,3.2968498,6.4562065
1257412202,Unnamed,building,4.0,Very High,3.2837686,6.4493193
1277796721,Unnamed,building,3.0,High,3.2895059,6.5140508
1258631746,Unnamed,building,1.0,Low,3.3064327,6.4849404
1257629181,Unnamed,building,4.0,Very High,3.3034944,6.4819886
1257631325,Unnamed,building,4.0,Very High,3.3036053,6.4477468
1258533937,Unnamed,building,2.0,Moderate,3.2380994,6.4649932
1263515270,Unnamed,building,2.0,Moderate,3.2776165,6.5036608
1258461817,Unnamed,building,0.0,NoData,3.321593,6.4462096
713775756,Unnamed,building,4.0,Very High,3.2766564,6.4518037
1258695247,Unnamed,building,4.0,Very High,3.2796398,6.4548413
1095583103,Unnamed,building,2.0,Moderate,3.2796399,6.4331945
1257499155,Unnamed,building,4.0,Very High,3.2581688,6.4512092
1259672204,Unnamed,building,0.0,NoData,3.249687,6.5236222
1260681473,Unnamed,building,2.0,Moderate,3.2506348,6.518862
1258199950,Unnamed,building,1.0,Low,3.2497204,6.4722608
1267669755,Unnamed,building,1.0,Low,3.2261524,6.4668836
1267538147,Unnamed,building,4.0,Very High,3.228036,6.4606631
1263739296,Unnamed,building,1.0,Low,3.2636088,6.4918044
1258693591,Unnamed,building,2.0,Moderate,3.2857953,6.4524923
1258122950,Unnamed,building,4.0,Very High,3.2686233,6.4655995
1267656200,Unnamed,building,2.0,Moderate,3.2198674,6.4986264
1263744770,Unnamed,building,2.0,Moderate,3.2552406,6.4825365
1257524321,Unnamed,building,4.0,Very High,3.2931025,6.4778064
1263402997,Unnamed,building,4.0,Very High,3.2840686,6.4903432
1276259150,Unnamed,building,4.0,Very High,3.3014918,6.4968755
1285719471,Unnamed,building,2.0,Moderate,3.3576697,6.4164127
1267618239,Unnamed,building,3.0,High,3.226539,6.4731417
1258237652,Unnamed,building,3.0,High,3.2489548,6.4654624
1262941101,Unnamed,building,1.0,Low,3.2673487,6.5067302
670606803,Unnamed,building,2.0,Moderate,3.2816572,6.422683
1258064653,Unnamed,building,4.0,Very High,3.2798853,6.471359
1261810638,Unnamed,building,2.0,Moderate,3.2563265,6.5182442
1257537488,Unnamed,building,3.0,High,3.2497148,6.4466506
1257556498,Unnamed,building,3.0,High,3.2568244,6.4700214
1257994143,Unnamed,building,2.0,Moderate,3.2646285,6.4664317
1260612016,Unnamed,building,2.0,Moderate,3.2424206,6.5150011
1276193044,Unnamed,building,4.0,Very High,3.298996,6.5032601
1275708846,Unnamed,building,4.0,Very High,3.2871423,6.5193438
1258596214,Unnamed,building,4.0,Very High,3.2768812,6.4692716
1258030324,Unnamed,building,3.0,High,3.2816099,6.4673658
1262201790,Unnamed,building,3.0,High,3.228795,6.5031516
1262910967,Unnamed,building,1.0,Low,3.2663746,6.5047943
1276430499,Unnamed,building,2.0,Moderate,3.3047116,6.495798
1137587947,Unnamed,building,3.0,High,3.3062729,6.4999902
1257556409,Unnamed,building,2.0,Moderate,3.2551129,6.4689515
1263176276,Unnamed,building,3.0,High,3.2502579,6.5089576
1267701635,Unnamed,building,2.0,Moderate,3.2234074,6.4662105
1260678452,Unnamed,building,3.0,High,3.2773952,6.5174781
1275892847,Unnamed,building,4.0,Very High,3.3024655,6.5100614
1267572912,Unnamed,building,3.0,High,3.228696,6.4518322
1258569436,Unnamed,building,3.0,High,3.2780315,6.4652653
1257625264,Unnamed,building,3.0,High,3.2792712,6.4561317
1259727333,Unnamed,building,0.0,NoData,3.2202129,6.5229414
1267619288,Unnamed,building,3.0,High,3.2126481,6.4534989
1258456342,Unnamed,building,2.0,Moderate,3.2591268,6.4401947
1258951414,Unnamed,building,2.0,Moderate,3.2331617,6.4182443
1285337524,Unnamed,building,2.0,Moderate,3.3594872,6.4154209
1260612186,Unnamed,building,4.0,Very High,3.2420308,6.5172527
1258948238,Unnamed,building,0.0,NoData,3.2260078,6.4058764
1259658819,Unnamed,building,4.0,Very High,3.2504778,6.5163369
1258233230,Unnamed,building,3.0,High,3.2684338,6.4631288
1263147173,Unnamed,building,2.0,Moderate,3.2401842,6.5209329
1258576487,Unnamed,building,1.0,Low,3.2815594,6.4206331
1258026249,Unnamed,building,3.0,High,3.2926269,6.463751
1262183186,Unnamed,building,0.0,NoData,3.2339103,6.5234628
1257784045,Unnamed,building,2.0,Moderate,3.2556093,6.4466564
1260539885,Unnamed,building,3.0,High,3.258818,6.4987759
1275785588,Unnamed,building,3.0,High,3.3060908,6.5141468
1257972860,Unnamed,building,3.0,High,3.2757956,6.4701229
1267561945,Unnamed,building,0.0,NoData,3.2163235,6.4916404
1276430096,Unnamed,building,2.0,Moderate,3.2972424,6.4881203
1263680147,Unnamed,building,2.0,Moderate,3.2507919,6.5057706
1263710994,Unnamed,building,4.0,Very High,3.2841821,6.5133979
1275398794,Unnamed,building,3.0,High,3.3041539,6.5236647
1258208602,Unnamed,building,2.0,Moderate,3.244331,6.4732215
1276236859,Unnamed,building,4.0,Very High,3.2914553,6.4986551
1257625243,Unnamed,building,4.0,Very High,3.2793643,6.4549565
1263743958,Unnamed,building,1.0,Low,3.2514261,6.4908045
1275505976,Unnamed,building,0.0,NoData,3.2899776,6.5230552
733631511,Unnamed,building,3.0,High,3.2587263,6.5180142
1258590380,Unnamed,building,0.0,NoData,3.2831579,6.4051429
1257959746,Unnamed,building,4.0,Very High,3.3010187,6.4819175
1267529465,Unnamed,building,2.0,Moderate,3.2233098,6.465342
1257513889,Unnamed,building,3.0,High,3.2557736,6.4419761
1257512994,Unnamed,building,3.0,High,3.2638356,6.4409312
1277830934,Unnamed,building,1.0,Low,3.2926772,6.5053296
1259658813,Unnamed,building,3.0,High,3.2496121,6.517246
1262148655,Unnamed,building,3.0,High,3.271912,6.508927
1258439012,Unnamed,building,4.0,Very High,3.2843924,6.4480375
1276411909,Unnamed,building,4.0,Very High,3.3015225,6.4970359
1257794197,Unnamed,building,2.0,Moderate,3.2728363,6.4680168
1267630521,Unnamed,building,4.0,Very High,3.2299383,6.4549464
1258219909,Unnamed,building,3.0,High,3.2754068,6.4754148
1258280968,Unnamed,building,4.0,Very High,3.2346851,6.4470994
1257541140,Unnamed,building,4.0,Very High,3.2563192,6.4754795
1266798497,Unnamed,building,2.0,Moderate,3.2689036,6.4435317
1262201745,Unnamed,building,3.0,High,3.2273589,6.501829
1275800331,Unnamed,building,4.0,Very High,3.30752,6.5126761
1261981282,Unnamed,building,3.0,High,3.261564,6.5019081
1276208997,Unnamed,building,2.0,Moderate,3.2926395,6.5010067
1262529816,Unnamed,building,4.0,Very High,3.26218,6.5171652
1275755658,Unnamed,building,3.0,High,3.3036902,6.5171119
1275205836,Unnamed,building,2.0,Moderate,3.3064097,6.5042376
1263729229,Unnamed,building,3.0,High,3.2827154,6.4892694
1257785302,Unnamed,building,2.0,Moderate,3.2921369,6.4745863
1258581367,Unnamed,building,4.0,Very High,3.2530746,6.4594753
1276491918,Unnamed,building,4.0,Very High,3.3031052,6.4880418
1258691691,Unnamed,building,2.0,Moderate,3.2709047,6.462043
1267731541,Unnamed,building,4.0,Very High,3.2253425,6.4555609
1257922345,Unnamed,building,4.0,Very High,3.2925204,6.4815654
1267568750,Unnamed,building,2.0,Moderate,3.2167388,6.4577727
1276182447,Unnamed,building,4.0,Very High,3.3004849,6.5036702
1260766211,Unnamed,building,3.0,High,3.2711576,6.51178
1257519475,Unnamed,building,4.0,Very High,3.2560193,6.4517352
1257970343,Unnamed,building,4.0,Very High,3.2355875,6.4539649
1259653193,Unnamed,building,2.0,Moderate,3.2434306,6.4972545
1257798659,Unnamed,building,3.0,High,3.287217,6.4708914
1262510734,Unnamed,building,3.0,High,3.2391462,6.5110186
1257402991,Unnamed,building,4.0,Very High,3.3042489,6.4579149
670537773,Unnamed,building,0.0,NoData,3.2457819,6.4213514
1263704587,Unnamed,building,3.0,High,3.269867,6.496897
1258621045,Unnamed,building,3.0,High,3.2843026,6.4715938
1258026980,Unnamed,building,2.0,Moderate,3.2427456,6.4560594
1267570661,Unnamed,building,3.0,High,3.2173603,6.4586237
1261795063,Unnamed,building,4.0,Very High,3.2604331,6.5049375
1262183227,Unnamed,building,0.0,NoData,3.2350758,6.5230168
1257939425,Unnamed,building,4.0,Very High,3.2946173,6.480817
1257499574,Unnamed,building,4.0,Very High,3.2694424,6.4361148
1275218997,Unnamed,building,4.0,Very High,3.306319,6.5047405
1258648606,Unnamed,building,0.0,NoData,3.3097708,6.4881504
1261851303,Unnamed,building,3.0,High,3.280467,6.4981681
1262505056,Unnamed,building,0.0,NoData,3.2699586,6.5230523
1257723133,Unnamed,building,3.0,High,3.2550121,6.4459935
1276425393,Unnamed,building,2.0,Moderate,3.3062327,6.4968743
1258667384,Unnamed,building,2.0,Moderate,3.3012546,6.4545125
1258601112,Unnamed,building,4.0,Very High,3.2393525,6.4584325
1267625041,Unnamed,building,2.0,Moderate,3.2262173,6.4579444
1263647881,Unnamed,building,3.0,High,3.2772287,6.5112612
1262949685,Unnamed,building,4.0,Very High,3.2502047,6.5117261
1263457227,Unnamed,building,3.0,High,3.2756487,6.5202843
1261910003,Unnamed,building,0.0,NoData,3.2441254,6.5231153
1262968827,Unnamed,building,3.0,High,3.2534009,6.5147666
1258653607,Unnamed,building,3.0,High,3.2542836,6.4607404
1257524671,Unnamed,building,2.0,Moderate,3.2538156,6.4660624
1257812372,Unnamed,building,2.0,Moderate,3.2825893,6.479228
1276426211,Unnamed,building,3.0,High,3.3072112,6.4983915
1257761865,Unnamed,building,4.0,Very High,3.2475987,6.4490438
1275785590,Unnamed,building,3.0,High,3.3063785,6.514368
1137584474,Unnamed,building,2.0,Moderate,3.3015916,6.5005776
1266562552,Unnamed,building,0.0,NoData,3.2629969,6.4241349
1258452729,Unnamed,building,4.0,Very High,3.306974,6.4412347
1267511720,Unnamed,building,4.0,Very High,3.2176184,6.4550335
1257943713,Unnamed,building,4.0,Very High,3.2961367,6.4591992
1262898298,Unnamed,building,3.0,High,3.2427032,6.518386
1259727382,Unnamed,building,0.0,NoData,3.2214,6.5235245
1267513282,Unnamed,building,4.0,Very High,3.2174797,6.4531281
1267538329,Unnamed,building,3.0,High,3.2143678,6.4584255
1083917645,Unnamed,building,4.0,Very High,3.2345543,6.4443848
1267696522,Unnamed,building,3.0,High,3.2215514,6.4428565
1258689726,Unnamed,building,4.0,Very High,3.2370457,6.4577579
1270379953,Unnamed,building,0.0,NoData,3.2628414,6.521841
1257472057,Unnamed,building,2.0,Moderate,3.2663509,6.4422441
1257499057,Unnamed,building,4.0,Very High,3.2601549,6.4508173
1258339776,Unnamed,building,3.0,High,3.2602594,6.4691352
1257783810,Unnamed,building,2.0,Moderate,3.2739613,6.450381
1258590410,Unnamed,building,0.0,NoData,3.2839053,6.4051034
1258256467,Unnamed,building,4.0,Very High,3.2771181,6.4623123
1258203703,Unnamed,building,4.0,Very High,3.2542366,6.4219423
1267662545,Unnamed,building,3.0,High,3.2235212,6.4720758
1262166315,Unnamed,building,3.0,High,3.2788666,6.5169805
1276253504,Unnamed,building,4.0,Very High,3.2944653,6.49494
1266834697,Unnamed,building,4.0,Very High,3.2570216,6.4427464
1267533472,Unnamed,building,4.0,Very High,3.225448,6.4614573
1258203752,Unnamed,building,0.0,NoData,3.2529034,6.4241071
1258567976,Unnamed,building,2.0,Moderate,3.296146,6.4648422
1263267468,Unnamed,building,3.0,High,3.2341422,6.5141968
1269878320,Unnamed,building,2.0,Moderate,3.241903,6.5144948
1261666286,Unnamed,building,4.0,Very High,3.2648509,6.520223
1275526905,Unnamed,building,2.0,Moderate,3.3025829,6.5222172
1257886395,Unnamed,building,3.0,High,3.2764738,6.4343001
1257981049,Unnamed,building,4.0,Very High,3.3026381,6.4802577
1261794931,Unnamed,building,4.0,Very High,3.2618963,6.5054767
1258686083,Unnamed,building,4.0,Very High,3.3001246,6.456859
1257513915,Unnamed,building,4.0,Very High,3.2556161,6.4435403
1258016446,Unnamed,building,2.0,Moderate,3.2413928,6.4722373
1257430434,Unnamed,building,4.0,Very High,3.2511934,6.4443776
1257829562,Unnamed,building,4.0,Very High,3.3032773,6.471337
1257500976,Unnamed,building,3.0,High,3.255152,6.4331987
1261992905,Unnamed,building,3.0,High,3.269083,6.5091137
1276411908,Unnamed,building,4.0,Very High,3.3016843,6.497243
1263533405,Unnamed,building,2.0,Moderate,3.2588681,6.4920233
1258824987,Unnamed,building,0.0,NoData,3.257249,6.4065944
1263654261,Unnamed,building,3.0,High,3.2810147,6.5144726
1257764890,Unnamed,building,4.0,Very High,3.2679009,6.446196
1262903447,Unnamed,building,4.0,Very High,3.2468173,6.5157241
1263118084,Unnamed,building,0.0,NoData,3.2762986,6.5197705
1258436507,Unnamed,building,4.0,Very High,3.2735595,6.4353454
1257493398,Unnamed,building,4.0,Very High,3.2587753,6.4413597
1262510805,Unnamed,building,2.0,Moderate,3.2403023,6.5106641
1258604113,Unnamed,building,4.0,Very High,3.2514328,6.4595859
1258579486,Unnamed,building,3.0,High,3.2819126,6.4638487
1257911136,Unnamed,building,3.0,High,3.274503,6.4459207
1260554529,Unnamed,building,3.0,High,3.2827602,6.5078603
1261892597,Unnamed,building,4.0,Very High,3.2491201,6.5201918
1261818631,Unnamed,building,2.0,Moderate,3.2523624,6.5197564
1257876443,Unnamed,building,3.0,High,3.2555322,6.4319555
1260760432,Unnamed,building,2.0,Moderate,3.230755,6.5163873
1263710995,Unnamed,building,2.0,Moderate,3.2843886,6.5132031
1257774636,Unnamed,building,4.0,Very High,3.2625594,6.4445322
1258373594,Unnamed,building,2.0,Moderate,3.2624084,6.4625897
1258312763,Unnamed,building,1.0,Low,3.2596502,6.4606806
1257790406,Unnamed,building,2.0,Moderate,3.2628726,6.4421788
1260627033,Unnamed,building,3.0,High,3.2424416,6.5112318
1258444749,Unnamed,building,4.0,Very High,3.2320937,6.4529722
1260766198,Unnamed,building,3.0,High,3.2697854,6.5127351
1257529717,Unnamed,building,4.0,Very High,3.2513673,6.4514197
1275402183,Unnamed,building,0.0,NoData,3.2989401,6.5231216
1258593896,Unnamed,building,2.0,Moderate,3.2303457,6.4575397
1258549276,Unnamed,building,0.0,NoData,3.2003026,6.4182926
1258972691,Unnamed,building,0.0,NoData,3.2904367,6.4044249
1263698345,Unnamed,building,3.0,High,3.2813861,6.5155839
1257488510,Unnamed,building,3.0,High,3.2773632,6.4429171
1257753480,Unnamed,building,4.0,Very High,3.288165,6.4575564
995057436,Unnamed,building,4.0,Very High,3.3210109,6.4146768
1259525006,Unnamed,building,4.0,Very High,3.2532574,6.4988231
1083913865,Unnamed,building,3.0,High,3.2241847,6.44399
1257959727,Unnamed,building,0.0,NoData,3.2992191,6.4809312
1257826778,Unnamed,building,4.0,Very High,3.314478,6.4384888
1261810620,Unnamed,building,2.0,Moderate,3.2556964,6.5182215
1258376713,Unnamed,building,2.0,Moderate,3.2736523,6.4617494
1258720066,Unnamed,building,4.0,Very High,3.2846683,6.4222567
1257980991,Unnamed,building,4.0,Very High,3.3017734,6.4806759
1275781317,Unnamed,building,3.0,High,3.3063953,6.5117987
1257556549,Unnamed,building,3.0,High,3.2550345,6.4704636
1263772409,Unnamed,building,4.0,Very High,3.2826319,6.499887
1257784014,Unnamed,building,3.0,High,3.2565582,6.4463815
1262911017,Unnamed,building,1.0,Low,3.2670503,6.5049871
1257625449,Unnamed,building,4.0,Very High,3.2676179,6.4504406
1257599406,Unnamed,building,4.0,Very High,3.2387926,6.4541234
1262940802,Unnamed,building,4.0,Very High,3.2662857,6.5087931
1268994897,Unnamed,building,3.0,High,3.25614,6.5047566
1262529711,Unnamed,building,4.0,Very High,3.2608647,6.5148647
1263114220,Unnamed,building,4.0,Very High,3.2760371,6.5116425
1258016454,Unnamed,building,2.0,Moderate,3.2421188,6.4724262
1262084931,Unnamed,building,4.0,Very High,3.2536136,6.5103983
1276356704,Unnamed,building,3.0,High,3.2930536,6.4920782
1257405464,Unnamed,building,3.0,High,3.2737545,6.4383324
1259653148,Unnamed,building,2.0,Moderate,3.2420691,6.49676
1258141026,Unnamed,building,3.0,High,3.3067468,6.4835223
1258305393,Unnamed,building,4.0,Very High,3.2725077,6.4781498
1263200928,Unnamed,building,1.0,Low,3.2469469,6.5079247
1257767109,Unnamed,building,2.0,Moderate,3.2935241,6.4565043
1258704359,Unnamed,building,3.0,High,3.2991457,6.4577364
1257949014,Unnamed,building,4.0,Very High,3.300673,6.4726851
1258413425,Unnamed,building,4.0,Very High,3.2588812,6.4221504
1276218775,Unnamed,building,3.0,High,3.2963487,6.5005908
1257632525,Unnamed,building,4.0,Very High,3.3021437,6.4475439
1273901814,Unnamed,building,3.0,High,3.2115497,6.453277
1263699472,Unnamed,building,2.0,Moderate,3.2576455,6.4948216
1267780740,Unnamed,building,2.0,Moderate,3.3027942,6.4545204
1258312754,Unnamed,building,2.0,Moderate,3.2599611,6.460782
1275736170,Unnamed,building,3.0,High,3.3057377,6.5147293
1263249938,Unnamed,building,3.0,High,3.2376817,6.5135473
1258574724,Unnamed,building,3.0,High,3.2377661,6.4411091
1275488418,Unnamed,building,0.0,NoData,3.2926643,6.5233583
1259507827,Unnamed,building,4.0,Very High,3.2534116,6.4879191
1275402205,Unnamed,building,0.0,NoData,3.2999812,6.522564
1262932161,Unnamed,building,3.0,High,3.2542967,6.5137251
1257996650,Unnamed,building,4.0,Very High,3.2571968,6.4605727
1263669624,Unnamed,building,4.0,Very High,3.2699141,6.5147229
1257817004,Unnamed,building,4.0,Very High,3.243761,6.4533828
1257432465,Unnamed,building,4.0,Very High,3.2752598,6.4412942
1261797356,Unnamed,building,3.0,High,3.2254884,6.5064381
1257801075,Unnamed,building,3.0,High,3.251406,6.4532983
1263400539,Unnamed,building,3.0,High,3.2845853,6.5030295
1257529095,Unnamed,building,3.0,High,3.2912871,6.4785888
1259050157,Unnamed,building,0.0,NoData,3.240025,6.5235464
1257974277,Unnamed,building,2.0,Moderate,3.318534,6.4214267
1257537475,Unnamed,building,2.0,Moderate,3.2505064,6.4465643
1276244488,Unnamed,building,4.0,Very High,3.295625,6.4971921
1263727960,Unnamed,building,3.0,High,3.2429495,6.495369
1257994163,Unnamed,building,2.0,Moderate,3.2633645,6.466951
1276248158,Unnamed,building,2.0,Moderate,3.3071741,6.4973008
1262071058,Unnamed,building,2.0,Moderate,3.2527687,6.5092381
1276498322,Unnamed,building,3.0,High,3.3042532,6.4882101
1276182392,Unnamed,building,4.0,Very High,3.3009697,6.5041787
1258447697,Unnamed,building,1.0,Low,3.3095272,6.4409078
1261858334,Unnamed,building,0.0,NoData,3.2466095,6.5233799
1257397978,Unnamed,building,2.0,Moderate,3.269719,6.448918
1257816088,Unnamed,building,4.0,Very High,3.2656689,6.44702
1275733433,Unnamed,building,2.0,Moderate,3.2929962,6.5171528
1257761792,Unnamed,building,4.0,Very High,3.2491184,6.4474195
1259329749,Unnamed,building,3.0,High,3.2738686,6.5005783
1263434538,Unnamed,building,3.0,High,3.238535,6.5019117
1257833243,Unnamed,building,3.0,High,3.2724234,6.4455899
1262949652,Unnamed,building,4.0,Very High,3.2506315,6.5112265
1271735164,Unnamed,building,4.0,Very High,3.2850217,6.4970562
1266468657,Unnamed,building,0.0,NoData,3.3264153,6.4377982
1267619519,Unnamed,building,4.0,Very High,3.2108536,6.4544895
1258219271,Unnamed,building,2.0,Moderate,3.2722726,6.4465271
1257803166,Unnamed,building,4.0,Very High,3.2457575,6.4524167
1275733576,Unnamed,building,2.0,Moderate,3.2922319,6.5155249
1260633923,Unnamed,building,3.0,High,3.2447598,6.5146121
1262529712,Unnamed,building,1.0,Low,3.2608094,6.5146371
1257774754,Unnamed,building,2.0,Moderate,3.2617509,6.4460441
1267836955,Unnamed,building,3.0,High,3.3031303,6.4699586
1267278829,Unnamed,building,2.0,Moderate,3.2909966,6.4812842
1258872334,Unnamed,building,0.0,NoData,3.2501513,6.4135032
1258840187,Unnamed,building,2.0,Moderate,3.2568585,6.4128622
1263711083,Unnamed,building,3.0,High,3.2826525,6.5137479
1258027142,Unnamed,building,4.0,Very High,3.3123089,6.4491917
1258700161,Unnamed,building,4.0,Very High,3.2954856,6.4829349
1275506002,Unnamed,building,0.0,NoData,3.2885636,6.5232849
1083913949,Unnamed,building,2.0,Moderate,3.2258326,6.4454905
1259300656,Unnamed,building,1.0,Low,3.2511117,6.520192
1261898459,Unnamed,building,4.0,Very High,3.2255744,6.5054001
1259497497,Unnamed,building,3.0,High,3.2613575,6.506713
1263532910,Unnamed,building,3.0,High,3.2781493,6.5023665
1261666368,Unnamed,building,0.0,NoData,3.2642001,6.5225717
1257455660,Unnamed,building,3.0,High,3.2625801,6.4357233
1263151013,Unnamed,building,2.0,Moderate,3.2742407,6.5029035
1258296848,Unnamed,building,3.0,High,3.2818189,6.4757856
1262708343,Unnamed,building,3.0,High,3.255612,6.4949047
1083914193,Unnamed,building,2.0,Moderate,3.225852,6.4461321
1261949889,Unnamed,building,0.0,NoData,3.2231349,6.524205
1258625166,Unnamed,building,3.0,High,3.2523497,6.4654356
1257529635,Unnamed,building,3.0,High,3.2495794,6.4492073
1261797254,Unnamed,building,4.0,Very High,3.2249415,6.5076797
1262968877,Unnamed,building,3.0,High,3.2542574,6.5163637
1272437320,Unnamed,building,3.0,High,3.2197773,6.442402
1275194309,Unnamed,building,3.0,High,3.3049486,6.5045991
1257419306,Unnamed,building,3.0,High,3.2627253,6.4397426
1257625587,Unnamed,building,4.0,Very High,3.2784728,6.4473439
1257945637,Unnamed,building,1.0,Low,3.2949605,6.4623231
1258370073,Unnamed,building,4.0,Very High,3.2735961,6.4624474
1267318333,Unnamed,building,2.0,Moderate,3.2201448,6.4963481
1258208506,Unnamed,building,4.0,Very High,3.2439072,6.4713393
1095583063,Unnamed,building,2.0,Moderate,3.2794925,6.4339316
1263654208,Unnamed,building,3.0,High,3.2802901,6.5119131
1275785600,Unnamed,building,4.0,Very High,3.3045182,6.5136488
1257625622,Unnamed,building,4.0,Very High,3.2770975,6.4472616
1266656705,Unnamed,building,4.0,Very High,3.2328134,6.456829
1257908315,Unnamed,building,4.0,Very High,3.2657048,6.4530334
1276320379,Unnamed,building,0.0,NoData,3.3087199,6.5017291
1262553943,Unnamed,building,1.0,Low,3.2311216,6.5078978
1258714868,Unnamed,building,2.0,Moderate,3.3289025,6.4200388
1257402955,Unnamed,building,4.0,Very High,3.3066947,6.4589188
1257753414,Unnamed,building,4.0,Very High,3.2587652,6.4451247
1258027001,Unnamed,building,4.0,Very High,3.2418301,6.4561047
1258269590,Unnamed,building,3.0,High,3.2765927,6.4357547
1257826799,Unnamed,building,4.0,Very High,3.3140221,6.4398317
1259679224,Unnamed,building,0.0,NoData,3.2442461,6.5226101
1258436890,Unnamed,building,4.0,Very High,3.2631057,6.4604042
1257916801,Unnamed,building,3.0,High,3.2897432,6.4802441
1257785561,Unnamed,building,4.0,Very High,3.2582964,6.4465072
1275940145,Unnamed,building,4.0,Very High,3.2994641,6.5101238
1276794281,Unnamed,building,3.0,High,3.2984292,6.5165381
1260681427,Unnamed,building,4.0,Very High,3.2513298,6.5179166
1258853049,Unnamed,building,2.0,Moderate,3.2556314,6.413274
1257826238,Unnamed,building,3.0,High,3.3024186,6.4762327
1261892650,Unnamed,building,4.0,Very High,3.2475183,6.5209451
1257370486,Unnamed,building,2.0,Moderate,3.2668795,6.4387969
1258666306,Unnamed,building,2.0,Moderate,3.270673,6.4545058
1275733584,Unnamed,building,2.0,Moderate,3.2920517,6.5155086
1270125028,Unnamed,building,4.0,Very High,3.2637792,6.5081272
1257563225,Unnamed,building,2.0,Moderate,3.2973495,6.4676035
1258764982,Unnamed,building,3.0,High,3.3193489,6.4152682
1258403137,Unnamed,building,4.0,Very High,3.2977715,6.4553114
1263018544,Unnamed,building,4.0,Very High,3.2597025,6.4976949
1257370497,Unnamed,building,3.0,High,3.2659813,6.4386125
1262054541,Unnamed,building,3.0,High,3.2655306,6.503647
1257809378,Unnamed,building,3.0,High,3.2823906,6.4543599
1276248216,Unnamed,building,4.0,Very High,3.3083584,6.4966032
1257421584,Unnamed,building,3.0,High,3.2748753,6.4399661
1257405538,Unnamed,building,2.0,Moderate,3.271999,6.4399314
1258197010,Unnamed,building,4.0,Very High,3.2941444,6.4629022
1257364593,Unnamed,building,3.0,High,3.2937246,6.4498631
1267443947,Unnamed,building,3.0,High,3.2162939,6.4470754
1263284870,Unnamed,building,2.0,Moderate,3.2797151,6.5095816
995319899,Unnamed,building,2.0,Moderate,3.3297244,6.4176896
1258030385,Unnamed,building,3.0,High,3.2811934,6.4673416
625423795,Unnamed,building,0.0,NoData,3.3058813,6.4709734
1263114219,Unnamed,building,4.0,Very High,3.2760527,6.5114947
1276422918,Unnamed,building,4.0,Very High,3.3047693,6.4982287
1275733454,Unnamed,building,3.0,High,3.2919677,6.5167333
1258018280,Unnamed,building,2.0,Moderate,3.2968739,6.472224
1257850380,Unnamed,building,3.0,High,3.2551656,6.4485349
1263644051,Unnamed,building,3.0,High,3.2365465,6.5214861
1263151065,Unnamed,building,3.0,High,3.2764207,6.5010066
1258691674,Unnamed,building,4.0,Very High,3.2688219,6.4614822
1275718531,Unnamed,building,0.0,NoData,3.3076174,6.5159844
1262510603,Unnamed,building,3.0,High,3.2715781,6.5056681
1262367900,Unnamed,building,3.0,High,3.2464935,6.4969716
1257814544,Unnamed,building,4.0,Very High,3.2680929,6.4467752
1267664794,Unnamed,building,4.0,Very High,3.2277454,6.4732619
1257798307,Unnamed,building,2.0,Moderate,3.2801129,6.4796531
1267630545,Unnamed,building,2.0,Moderate,3.231051,6.4568963
1267714448,Unnamed,building,0.0,NoData,3.2124513,6.4656642
1137584448,Unnamed,building,3.0,High,3.2989995,6.5006894
1263110474,Unnamed,building,2.0,Moderate,3.2714286,6.5105382
1258547600,Unnamed,building,4.0,Very High,3.2860801,6.4557107
1260627055,Unnamed,building,2.0,Moderate,3.2432118,6.5109601
1267733076,Unnamed,building,2.0,Moderate,3.223632,6.4486684
1258661039,Unnamed,building,4.0,Very High,3.3208499,6.4384438
1259686747,Unnamed,building,4.0,Very High,3.2453369,6.5207651
1263147123,Unnamed,building,3.0,High,3.2398349,6.521374
1267678048,Unnamed,building,2.0,Moderate,3.2287286,6.450336
1267617338,Unnamed,building,1.0,Low,3.2297084,6.4797927
1258639451,Unnamed,building,3.0,High,3.2813504,6.4703711
1267689062,Unnamed,building,3.0,High,3.2275605,6.4467395
1261841535,Unnamed,building,2.0,Moderate,3.2225171,6.5135613
1258436657,Unnamed,building,3.0,High,3.2325447,6.4513539
1275664295,Unnamed,building,3.0,High,3.3066327,6.5177206
653102264,Unnamed,building,3.0,High,3.2259278,6.4645346
1263114291,Unnamed,building,3.0,High,3.2766319,6.5102797
1267656174,Unnamed,building,1.0,Low,3.2195834,6.4994101
1258691784,Unnamed,building,2.0,Moderate,3.2711192,6.4614995
1263735592,Unnamed,building,1.0,Low,3.262379,6.5001993
1257712343,Unnamed,building,4.0,Very High,3.28796,6.4569869
1257471913,Unnamed,building,4.0,Very High,3.2677201,6.4413593
1261810667,Unnamed,building,3.0,High,3.2563061,6.5189814
1258376734,Unnamed,building,3.0,High,3.2733448,6.4619576
1263684204,Unnamed,building,1.0,Low,3.2816104,6.5147751
1258640929,Unnamed,building,4.0,Very High,3.3185051,6.441912
1257963739,Unnamed,building,2.0,Moderate,3.2799214,6.4544997
1257816991,Unnamed,building,4.0,Very High,3.2453459,6.4535121
1268650949,Unnamed,building,4.0,Very High,3.2639743,6.5118377
1260633745,Unnamed,building,2.0,Moderate,3.2449214,6.5169969
1083914140,Unnamed,building,3.0,High,3.226153,6.4440134
1260771224,Unnamed,building,3.0,High,3.2691707,6.5173619
1271509063,Unnamed,building,3.0,High,3.2745682,6.5138466
1258655663,Unnamed,building,4.0,Very High,3.2454718,6.4648859
1258599664,Unnamed,building,4.0,Very High,3.2574094,6.4588631
1258593846,Unnamed,building,4.0,Very High,3.2310288,6.4589517
1260662830,Unnamed,building,4.0,Very High,3.2479511,6.5189219
1257829565,Unnamed,building,4.0,Very High,3.3041201,6.4711586
1258765790,Unnamed,building,0.0,NoData,3.3242761,6.4346185
1276361623,Unnamed,building,1.0,Low,3.3070277,6.4924332
1257499583,Unnamed,building,4.0,Very High,3.2693265,6.4368959
1259778723,Unnamed,building,3.0,High,3.2345517,6.5211235
1258529617,Unnamed,building,2.0,Moderate,3.2853097,6.4220168
1258725313,Unnamed,building,4.0,Very High,3.3140395,6.4478188
1257855132,Unnamed,building,2.0,Moderate,3.2791262,6.437227
1257405527,Unnamed,building,3.0,High,3.2734102,6.4397451
1257787216,Unnamed,building,4.0,Very High,3.3117301,6.4465406
1257601005,Unnamed,building,2.0,Moderate,3.2856759,6.4819729
1262938589,Unnamed,building,3.0,High,3.2481158,6.5141747
1267549478,Unnamed,building,3.0,High,3.2287295,6.4631094
1260480519,Unnamed,building,4.0,Very High,3.2681659,6.5022996
1258712456,Unnamed,building,3.0,High,3.2759616,6.4549254
1263698350,Unnamed,building,3.0,High,3.2813816,6.5151237
1257844866,Unnamed,building,2.0,Moderate,3.2862465,6.4817068
1258695285,Unnamed,building,3.0,High,3.2871181,6.4543329
713760194,Unnamed,building,3.0,High,3.2537344,6.4477152
1262444215,Unnamed,building,0.0,NoData,3.2424111,6.5226872
1267532952,Unnamed,building,4.0,Very High,3.2125763,6.4579414
1259658782,Unnamed,building,2.0,Moderate,3.249308,6.5159802
1258824278,Unnamed,building,2.0,Moderate,3.2511735,6.4191882
1257366053,Unnamed,building,2.0,Moderate,3.2905263,6.4515266
1276232507,Unnamed,building,2.0,Moderate,3.2967462,6.4961607
1267678075,Unnamed,building,4.0,Very High,3.2287429,6.4513271
1260554538,Unnamed,building,3.0,High,3.2825595,6.5072361
1263747940,Unnamed,building,1.0,Low,3.2515706,6.4884867
995256311,Unnamed,building,3.0,High,3.3282948,6.4181448
1258180714,Unnamed,building,4.0,Very High,3.2614521,6.4524664
1267448139,Unnamed,building,3.0,High,3.2149544,6.4535606
1266534428,Unnamed,building,0.0,NoData,3.2603536,6.4235444
995194821,Unnamed,building,3.0,High,3.3254719,6.4178606
1261388928,Unnamed,building,4.0,Very High,3.2482273,6.5012246
1258457567,Unnamed,building,2.0,Moderate,3.2817359,6.4226189
1258948233,Unnamed,building,0.0,NoData,3.2250395,6.4056108
1261838871,Unnamed,building,4.0,Very High,3.2833192,6.496994
1260626893,Unnamed,building,2.0,Moderate,3.2433746,6.5100835
1257980753,Unnamed,building,3.0,High,3.25504,6.4633475
1258652750,Unnamed,building,3.0,High,3.2869695,6.4743321
1257798183,Unnamed,building,3.0,High,3.2812051,6.4806816
1269090719,Unnamed,building,3.0,High,3.2543572,6.5136505
1257537530,Unnamed,building,3.0,High,3.2502725,6.4487285
1257954191,Unnamed,building,3.0,High,3.254237,6.4420994
1257817006,Unnamed,building,4.0,Very High,3.2451527,6.4533439
1267678018,Unnamed,building,4.0,Very High,3.2298351,6.4493978
1267534226,Unnamed,building,0.0,NoData,3.2111424,6.4585713
1258199953,Unnamed,building,1.0,Low,3.2494299,6.472423
1268382439,Unnamed,building,3.0,High,3.255313,6.486197
1261388819,Unnamed,building,4.0,Very High,3.2470599,6.5019289
995058029,Unnamed,building,0.0,NoData,3.3225226,6.4159127
1276168618,Unnamed,building,1.0,Low,3.3074715,6.507473
1268376111,Unnamed,building,2.0,Moderate,3.2510135,6.4862669
1259705810,Unnamed,building,2.0,Moderate,3.2456653,6.5115494
1268109728,Unnamed,building,0.0,NoData,3.2198127,6.5187234
1262221714,Unnamed,building,3.0,High,3.2236358,6.5047335
1275728101,Unnamed,building,2.0,Moderate,3.3061776,6.5158103
1275940108,Unnamed,building,2.0,Moderate,3.2996282,6.5115921
1262968904,Unnamed,building,3.0,High,3.2523072,6.5169116
1276208982,Unnamed,building,4.0,Very High,3.2906468,6.5013406
1257541309,Unnamed,building,4.0,Very High,3.2887432,6.4787816
1258030348,Unnamed,building,3.0,High,3.2809105,6.4674172
1258203640,Unnamed,building,0.0,NoData,3.252295,6.4241135
1261794935,Unnamed,building,3.0,High,3.263,6.5058334
1258271363,Unnamed,building,2.0,Moderate,3.2900689,6.4525299
1262103552,Unnamed,building,3.0,High,3.2325702,6.5057097
670606752,Unnamed,building,1.0,Low,3.2707741,6.4260975
1263674300,Unnamed,building,3.0,High,3.2863495,6.5004139
1259804230,Unnamed,building,2.0,Moderate,3.2707641,6.5015709
1257783869,Unnamed,building,4.0,Very High,3.2720798,6.4512581
1258426565,Unnamed,building,2.0,Moderate,3.2623839,6.4585358
1275718764,Unnamed,building,3.0,High,3.2883717,6.5179606
1259738658,Unnamed,building,0.0,NoData,3.2205505,6.5239142
1276421766,Unnamed,building,0.0,NoData,3.3100008,6.4998681
1262965115,Unnamed,building,3.0,High,3.2704074,6.5045932
1258661684,Unnamed,building,4.0,Very High,3.2835721,6.45858
1276451677,Unnamed,building,2.0,Moderate,3.3008865,6.4874082
1275766649,Unnamed,building,3.0,High,3.3022105,6.5123154
1258219265,Unnamed,building,2.0,Moderate,3.2720562,6.4467761
1275718554,Unnamed,building,0.0,NoData,3.306954,6.5164843
1257631366,Unnamed,building,1.0,Low,3.3029005,6.4485589
1262208443,Unnamed,building,3.0,High,3.2426488,6.5138434
1258849097,Unnamed,building,4.0,Very High,3.3203983,6.4177309
1276210459,Unnamed,building,2.0,Moderate,3.2962942,6.502697
1258599702,Unnamed,building,1.0,Low,3.2550224,6.4588507
1258702927,Unnamed,building,0.0,NoData,3.3318122,6.4200868
1257593220,Unnamed,building,2.0,Moderate,3.3058049,6.4660429
1257512989,Unnamed,building,4.0,Very High,3.2630969,6.4410328
1261909892,Unnamed,building,0.0,NoData,3.2450852,6.5243704
1263467041,Unnamed,building,2.0,Moderate,3.2752809,6.4959988
1267761820,Unnamed,building,3.0,High,3.2215669,6.4440849
1258686005,Unnamed,building,4.0,Very High,3.2992077,6.4560459
1267487857,Unnamed,building,2.0,Moderate,3.29459,6.4575246
1257366348,Unnamed,building,3.0,High,3.2904411,6.4512929
1257970271,Unnamed,building,2.0,Moderate,3.2368803,6.4528024
1258669726,Unnamed,building,4.0,Very High,3.2969235,6.4575942
1258449717,Unnamed,building,4.0,Very High,3.277746,6.4818229
1258599683,Unnamed,building,3.0,High,3.2556797,6.4598328
1260679710,Unnamed,building,2.0,Moderate,3.244886,6.5086044
1276491895,Unnamed,building,3.0,High,3.3040189,6.4879921
1267106746,Unnamed,building,3.0,High,3.2725655,6.4751369
1258661683,Unnamed,building,4.0,Very High,3.2834158,6.4586959
1257654282,Unnamed,building,4.0,Very High,3.2767418,6.4776587
1263179554,Unnamed,building,0.0,NoData,3.2302762,6.5248372
1258631787,Unnamed,building,3.0,High,3.3049396,6.4857402
1258187806,Unnamed,building,3.0,High,3.2490465,6.4743645
1258210633,Unnamed,building,2.0,Moderate,3.2449321,6.4731732
1275785615,Unnamed,building,3.0,High,3.3051579,6.5143004
1258574717,Unnamed,building,3.0,High,3.2378867,6.4408337
1257585958,Unnamed,building,3.0,High,3.3046641,6.4697615
1262787230,Unnamed,building,3.0,High,3.2625073,6.5191422
1258596421,Unnamed,building,4.0,Very High,3.2340739,6.4458305
1276000446,Unnamed,building,4.0,Very High,3.2967622,6.5144017
1267568765,Unnamed,building,2.0,Moderate,3.2182468,6.4582903
1261988417,Unnamed,building,3.0,High,3.2677015,6.5187235
1257514822,Unnamed,building,3.0,High,3.2740177,6.4801484
1262940975,Unnamed,building,4.0,Very High,3.2657531,6.5080818
670592153,Unnamed,building,2.0,Moderate,3.2580425,6.4230577
1258660975,Unnamed,building,3.0,High,3.3219455,6.4398669
1276244466,Unnamed,building,4.0,Very High,3.2955435,6.4954469
739536600,Unnamed,building,4.0,Very High,3.3064509,6.5259716
1268110550,Unnamed,building,4.0,Very High,3.2413171,6.5219024
1257999060,Unnamed,building,0.0,NoData,3.3056747,6.439337
1263293827,Unnamed,building,4.0,Very High,3.2558383,6.5147574
1258579460,Unnamed,building,2.0,Moderate,3.2803822,6.4632108
1257823932,Unnamed,building,0.0,NoData,3.308707,6.4612559
1257814751,Unnamed,building,3.0,High,3.265726,6.4483874
1262288335,Unnamed,building,3.0,High,3.279346,6.5175778
1258636461,Unnamed,building,3.0,High,3.2774817,6.4668724
1262787242,Unnamed,building,4.0,Very High,3.2624962,6.5181071
1260528887,Unnamed,building,3.0,High,3.263218,6.4991945
1261795087,Unnamed,building,4.0,Very High,3.2622026,6.5054475
1275052529,Unnamed,building,0.0,NoData,3.309273,6.5282602
995188074,Unnamed,building,2.0,Moderate,3.3238156,6.4175339
1258449947,Unnamed,building,2.0,Moderate,3.2807003,6.4853076
1263687301,Unnamed,building,4.0,Very High,3.2375798,6.5150113
1258063521,Unnamed,building,3.0,High,3.2807286,6.4735757
1272924571,Unnamed,building,4.0,Very High,3.2359257,6.4704752
1257816206,Unnamed,building,2.0,Moderate,3.2631525,6.4471362
1257444695,Unnamed,building,4.0,Very High,3.2932594,6.4514253
1267448231,Unnamed,building,4.0,Very High,3.2149241,6.45203
1275728007,Unnamed,building,4.0,Very High,3.3046283,6.5160752
1275527233,Unnamed,building,4.0,Very High,3.2936449,6.5200478
1260550438,Unnamed,building,2.0,Moderate,3.246313,6.5001451
1257996663,Unnamed,building,4.0,Very High,3.257047,6.4612004
1263380215,Unnamed,building,0.0,NoData,3.2182997,6.5209478
1263732140,Unnamed,building,4.0,Very High,3.2753403,6.4987753
1258508642,Unnamed,building,3.0,High,3.258198,6.4064701
1262523462,Unnamed,building,2.0,Moderate,3.268988,6.5208334
1263735489,Unnamed,building,3.0,High,3.2626885,6.4991846
1257513324,Unnamed,building,3.0,High,3.2868544,6.4676739
1258643870,Unnamed,building,4.0,Very High,3.2547916,6.4596449
1260529005,Unnamed,building,3.0,High,3.2641918,6.4991251
1262949653,Unnamed,building,4.0,Very High,3.2505097,6.5112094
1262898260,Unnamed,building,4.0,Very High,3.243076,6.5194516
1257794277,Unnamed,building,4.0,Very High,3.2730795,6.4664247
1260748795,Unnamed,building,1.0,Low,3.2519877,6.5201064
1263200939,Unnamed,building,3.0,High,3.2486941,6.5073744
1275940147,Unnamed,building,4.0,Very High,3.298757,6.5099123
1263729274,Unnamed,building,4.0,Very High,3.2834802,6.4888016
1257771650,Unnamed,building,4.0,Very High,3.3073984,6.447054
1257493422,Unnamed,building,4.0,Very High,3.2600828,6.4415963
1267768329,Unnamed,building,4.0,Very High,3.2774775,6.4638686
1258853053,Unnamed,building,2.0,Moderate,3.2552907,6.4131612
1257916778,Unnamed,building,3.0,High,3.2901277,6.4804174
1263695315,Unnamed,building,2.0,Moderate,3.221315,6.5220146
1258223603,Unnamed,building,2.0,Moderate,3.2579889,6.4698318
1262768996,Unnamed,building,4.0,Very High,3.2676376,6.5127915
1258642618,Unnamed,building,0.0,NoData,3.3093128,6.4863255
1257419452,Unnamed,building,3.0,High,3.2609213,6.4387658
1259507169,Unnamed,building,0.0,NoData,3.243177,6.5234193
1258571424,Unnamed,building,2.0,Moderate,3.2745151,6.4646416
1262165308,Unnamed,building,1.0,Low,3.2379904,6.5026805
1257789102,Unnamed,building,4.0,Very High,3.3014786,6.4550744
1258689734,Unnamed,building,2.0,Moderate,3.2380282,6.4574857
1261410787,Unnamed,building,4.0,Very High,3.2251085,6.5106325
1258708031,Unnamed,building,0.0,NoData,3.3153016,6.4505307
1276486305,Unnamed,building,1.0,Low,3.3055313,6.4921102
1258666370,Unnamed,building,2.0,Moderate,3.2705703,6.4566116
1257413892,Unnamed,building,4.0,Very High,3.2797703,6.4399503
1257884243,Unnamed,building,2.0,Moderate,3.277974,6.4334671
1272174067,Unnamed,building,4.0,Very High,3.250545,6.5113572
1263697691,Unnamed,building,3.0,High,3.2653722,6.4975322
1259679192,Unnamed,building,4.0,Very High,3.2450789,6.5221118
1257405545,Unnamed,building,2.0,Moderate,3.2720892,6.4404183
1262775135,Unnamed,building,3.0,High,3.2654485,6.5152186
1275718511,Unnamed,building,0.0,NoData,3.3076862,6.5157777
1259630295,Unnamed,building,3.0,High,3.2598165,6.5193948
1261952392,Unnamed,building,2.0,Moderate,3.2392331,6.4831485
1258403233,Unnamed,building,4.0,Very High,3.2984314,6.4570489
1263759906,Unnamed,building,3.0,High,3.2386235,6.499016
1258653538,Unnamed,building,3.0,High,3.2358747,6.4719292
1258589728,Unnamed,building,4.0,Very High,3.2717414,6.4519945
1083917453,Unnamed,building,3.0,High,3.2284618,6.4439861
1267619244,Unnamed,building,3.0,High,3.2132122,6.453337
825210664,Unnamed,building,2.0,Moderate,3.2572772,6.501483
1257419340,Unnamed,building,2.0,Moderate,3.2623273,6.4391322
1137587835,Unnamed,building,3.0,High,3.3043918,6.5071484
1261858318,Unnamed,building,0.0,NoData,3.2487427,6.5239162
1262181571,Unnamed,building,4.0,Very High,3.2783512,6.5174712
1262580669,Unnamed,building,3.0,High,3.2436363,6.5034382
735119402,Unnamed,building,3.0,High,3.3003531,6.4428323
1275283062,Unnamed,building,0.0,NoData,3.3093838,6.5261475
1257499051,Unnamed,building,4.0,Very High,3.2590195,6.4514055
1262898358,Unnamed,building,4.0,Very High,3.2419966,6.517555
1267664819,Unnamed,building,2.0,Moderate,3.2297437,6.4723755
1258702757,Unnamed,building,0.0,NoData,3.3326292,6.420387
1258368418,Unnamed,building,3.0,High,3.2718304,6.4620744
1258579541,Unnamed,building,3.0,High,3.2808453,6.4647136
1262367827,Unnamed,building,3.0,High,3.2450089,6.496974
1262605796,Unnamed,building,4.0,Very High,3.2695221,6.5152184
1262428446,Unnamed,building,2.0,Moderate,3.25669,6.5108296
1257418822,Unnamed,building,4.0,Very High,3.3055591,6.4592729
1258651092,Unnamed,building,0.0,NoData,3.2542558,6.4286717
1257712312,Unnamed,building,4.0,Very High,3.2881096,6.4551571
1262130084,Unnamed,building,2.0,Moderate,3.2790494,6.5130066
1260748778,Unnamed,building,3.0,High,3.2540717,6.5212867
1263547918,Unnamed,building,2.0,Moderate,3.256687,6.4865793
1257994959,Unnamed,building,3.0,High,3.2355412,6.4698742
1263396818,Unnamed,building,1.0,Low,3.2835345,6.5150762
670579667,Unnamed,building,0.0,NoData,3.2460007,6.4210677
1267761901,Unnamed,building,1.0,Low,3.2201609,6.4452321
1266306410,Unnamed,building,0.0,NoData,3.220633,6.4395663
1257493279,Unnamed,building,3.0,High,3.2601906,6.4411688
1258625936,Unnamed,building,3.0,High,3.2496014,6.4667462
1276139336,Unnamed,building,2.0,Moderate,3.2961806,6.5081828
1261818627,Unnamed,building,4.0,Very High,3.2531576,6.5195815
1275766803,Unnamed,building,4.0,Very High,3.3034628,6.5125653
1258376742,Unnamed,building,3.0,High,3.2731318,6.461776
1266419799,Unnamed,building,3.0,High,3.2622868,6.4659613
1263400622,Unnamed,building,3.0,High,3.2844309,6.5033008
1257798687,Unnamed,building,2.0,Moderate,3.2867752,6.47189
1257587036,Unnamed,building,3.0,High,3.2992386,6.4636084
1257455717,Unnamed,building,2.0,Moderate,3.261921,6.4374665
1258508688,Unnamed,building,3.0,High,3.260052,6.4063775
1258719393,Unnamed,building,4.0,Very High,3.300709,6.4500703
1267572932,Unnamed,building,3.0,High,3.2291495,6.4523807
1258660587,Unnamed,building,3.0,High,3.2364377,6.4674467
1258610376,Unnamed,building,3.0,High,3.2861205,6.4701003
1258982373,Unnamed,building,4.0,Very High,3.2764344,6.4491041
1271509059,Unnamed,building,2.0,Moderate,3.2753891,6.5136463
1258560380,Unnamed,building,4.0,Very High,3.2391083,6.4427315
1262132901,Unnamed,building,4.0,Very High,3.2637976,6.507773
1095583122,Unnamed,building,1.0,Low,3.2804326,6.4321449
1257959742,Unnamed,building,2.0,Moderate,3.3009879,6.4805388
1276491908,Unnamed,building,3.0,High,3.3038743,6.4883813
1258756867,Unnamed,building,4.0,Very High,3.3175016,6.4439424
1258298740,Unnamed,building,2.0,Moderate,3.2602916,6.4220795
1262187489,Unnamed,building,2.0,Moderate,3.248711,6.511404
1258233241,Unnamed,building,3.0,High,3.2698211,6.462739
1260594405,Unnamed,building,2.0,Moderate,3.2518637,6.5140004
1275260276,Unnamed,building,4.0,Very High,3.304984,6.5259473
1275546439,Unnamed,building,0.0,NoData,3.3079516,6.5224837
1258532583,Unnamed,building,0.0,NoData,3.2680665,6.406092
1258313592,Unnamed,building,1.0,Low,3.26339,6.4230163
1276430044,Unnamed,building,4.0,Very High,3.2962249,6.4873393
1266789201,Unnamed,building,4.0,Very High,3.2335328,6.4541943
1259507165,Unnamed,building,0.0,NoData,3.242726,6.5231017
1258806184,Unnamed,building,0.0,NoData,3.2487337,6.4252258
1262553927,Unnamed,building,1.0,Low,3.2325473,6.50828
1268568686,Unnamed,building,2.0,Moderate,3.2585037,6.4946228
1258203960,Unnamed,building,4.0,Very High,3.2555075,6.4522199
1258016027,Unnamed,building,4.0,Very High,3.3085198,6.4571403
1257788979,Unnamed,building,4.0,Very High,3.2898008,6.4829201
1261795040,Unnamed,building,4.0,Very High,3.2619919,6.5056908
1268596572,Unnamed,building,1.0,Low,3.2683769,6.4969176
1259700361,Unnamed,building,2.0,Moderate,3.2456794,6.510272
1257764969,Unnamed,building,2.0,Moderate,3.2674901,6.4441511
1257545622,Unnamed,building,4.0,Very High,3.2470638,6.4497347
995754937,Unnamed,building,3.0,High,3.3277924,6.4192511
1257543119,Unnamed,building,3.0,High,3.2518822,6.4473701
1257514833,Unnamed,building,4.0,Very High,3.2750706,6.4795333
1275535196,Unnamed,building,2.0,Moderate,3.2926819,6.5212379
1257764972,Unnamed,building,3.0,High,3.2681763,6.4444638
1259524951,Unnamed,building,4.0,Very High,3.2530064,6.4996633
1257631338,Unnamed,building,2.0,Moderate,3.3028091,6.4487656
1263179480,Unnamed,building,0.0,NoData,3.2317367,6.5234999
1263697746,Unnamed,building,2.0,Moderate,3.263346,6.4974
1257823190,Unnamed,building,2.0,Moderate,3.30204,6.4705662
1262130034,Unnamed,building,3.0,High,3.2780708,6.5131848
1268333366,Unnamed,building,4.0,Very High,3.2435205,6.5008762
1263698181,Unnamed,building,3.0,High,3.279473,6.5169458
1258697239,Unnamed,building,4.0,Very High,3.2734405,6.4559774
1257785560,Unnamed,building,4.0,Very High,3.2584548,6.4464929
1263114236,Unnamed,building,4.0,Very High,3.276171,6.5112547
1258432730,Unnamed,building,1.0,Low,3.2636553,6.4769976
1257611586,Unnamed,building,4.0,Very High,3.2455083,6.4518177
1263710178,Unnamed,building,4.0,Very High,3.2663621,6.4977875
1277796677,Unnamed,building,3.0,High,3.2893796,6.5132261
1262510573,Unnamed,building,3.0,High,3.2739132,6.505194
1261841540,Unnamed,building,2.0,Moderate,3.222484,6.5139095
1266661426,Unnamed,building,4.0,Very High,3.318213,6.4447312
1257783929,Unnamed,building,4.0,Very High,3.2573795,6.4477708
1263735347,Unnamed,building,1.0,Low,3.2617764,6.5005676
1267761884,Unnamed,building,3.0,High,3.2201951,6.4449175
1258016335,Unnamed,building,1.0,Low,3.246668,6.4709329
1257889746,Unnamed,building,4.0,Very High,3.2481927,6.4618186
1263687351,Unnamed,building,2.0,Moderate,3.2378228,6.5165862
1257823790,Unnamed,building,3.0,High,3.2767048,6.4663157
1258818630,Unnamed,building,1.0,Low,3.317277,6.4175671
671813850,Unnamed,building,0.0,NoData,3.214561,6.4701145
1257992524,Unnamed,building,0.0,NoData,3.2367479,6.4176779
1257599390,Unnamed,building,4.0,Very High,3.2394026,6.4540847
1262169732,Unnamed,building,2.0,Moderate,3.277018,6.5067476
1262132902,Unnamed,building,4.0,Very High,3.2638787,6.507761
1258693167,Unnamed,building,0.0,NoData,3.3182164,6.4491565
1275944299,Unnamed,building,4.0,Very High,3.3010035,6.5086589
1267534798,Unnamed,building,2.0,Moderate,3.226616,6.4616927
1260539878,Unnamed,building,3.0,High,3.2582549,6.4991359
1257974284,Unnamed,building,3.0,High,3.3180432,6.420169
1257966566,Unnamed,building,4.0,Very High,3.254336,6.4380614
1258625893,Unnamed,building,4.0,Very High,3.249889,6.4657077
1266608686,Unnamed,building,1.0,Low,3.2851546,6.4228769
1257783574,Unnamed,building,4.0,Very High,3.2614954,6.4412788
625423790,Unnamed,building,0.0,NoData,3.3051396,6.4719361
1261810602,Unnamed,building,3.0,High,3.2551252,6.5184516
1257836750,Unnamed,building,4.0,Very High,3.2996741,6.4754848
1257529072,Unnamed,building,3.0,High,3.291475,6.4773499
1263471908,Unnamed,building,1.0,Low,3.2646219,6.5051858
1272505613,Unnamed,building,3.0,High,3.2759548,6.5209977
1258449726,Unnamed,building,4.0,Very High,3.2768523,6.481885
1267761994,Unnamed,building,2.0,Moderate,3.2191596,6.4460036
1258575508,Unnamed,building,4.0,Very High,3.2314413,6.4439902
1263458308,Unnamed,building,2.0,Moderate,3.2787608,6.4943982
1262231271,Unnamed,building,3.0,High,3.238447,6.5132371
1257419456,Unnamed,building,3.0,High,3.2607753,6.4388244
1267492259,Unnamed,building,2.0,Moderate,3.2936545,6.4651133
1260588087,Unnamed,building,3.0,High,3.2401669,6.516605
1257970336,Unnamed,building,4.0,Very High,3.2364013,6.4539391
1258247941,Unnamed,building,4.0,Very High,3.2630336,6.4452176
1267679276,Unnamed,building,2.0,Moderate,3.2283336,6.4502259
1257405477,Unnamed,building,3.0,High,3.2730811,6.4389143
1257679523,Unnamed,building,4.0,Very High,3.2755459,6.478766
1276253479,Unnamed,building,4.0,Very High,3.2939469,6.4942425
1258550964,Unnamed,building,4.0,Very High,3.2535369,6.4177185
1275491914,Unnamed,building,3.0,High,3.3043937,6.5241464
1259424579,Unnamed,building,3.0,High,3.2739625,6.5020273
1275579147,Unnamed,building,4.0,Very High,3.2995745,6.512534
1267766154,Unnamed,building,2.0,Moderate,3.2788297,6.4676818
1257529716,Unnamed,building,4.0,Very High,3.251524,6.451441
1262910943,Unnamed,building,3.0,High,3.2661008,6.5037253
1263177858,Unnamed,building,3.0,High,3.2543834,6.494974
1257842116,Unnamed,building,3.0,High,3.2727857,6.4640085
1271990331,Unnamed,building,0.0,NoData,3.2772208,6.5206606
1263656534,Unnamed,building,2.0,Moderate,3.2690335,6.4819057
1267278805,Unnamed,building,3.0,High,3.284222,6.4798831
1266442852,Unnamed,building,4.0,Very High,3.3322449,6.4188006
1262852121,Unnamed,building,2.0,Moderate,3.2667557,6.5002659
1083914101,Unnamed,building,2.0,Moderate,3.2257675,6.4461563
1257785640,Unnamed,building,3.0,High,3.2583778,6.4472596
1258603432,Unnamed,building,3.0,High,3.2916988,6.4543304
1257785313,Unnamed,building,2.0,Moderate,3.2915066,6.4741408
1257814552,Unnamed,building,4.0,Very High,3.2677501,6.4464213
1259174377,Unnamed,building,0.0,NoData,3.2559005,6.5216737
1262444110,Unnamed,building,4.0,Very High,3.2434398,6.5221557
1262510620,Unnamed,building,2.0,Moderate,3.2730038,6.5039157
1260771263,Unnamed,building,4.0,Very High,3.2705429,6.5195995
1259732129,Unnamed,building,0.0,NoData,3.2210927,6.5234708
1260528892,Unnamed,building,3.0,High,3.2632718,6.4987603
1257423042,Unnamed,building,4.0,Very High,3.3047083,6.4550132
1276320257,Unnamed,building,0.0,NoData,3.3079466,6.5011771
1261388882,Unnamed,building,3.0,High,3.2488751,6.5020204
1257512176,Unnamed,building,3.0,High,3.2546137,6.4709235
617766825,Unnamed,building,3.0,High,3.2818778,6.4153706
1271509075,Unnamed,building,1.0,Low,3.2750148,6.5130628
1263275066,Unnamed,building,2.0,Moderate,3.2311416,6.5129097
1267700380,Unnamed,building,2.0,Moderate,3.2218273,6.4586671
1263699447,Unnamed,building,2.0,Moderate,3.2577048,6.4950757
739536580,Unnamed,building,0.0,NoData,3.3063917,6.5269421
1257980812,Unnamed,building,3.0,High,3.2551372,6.4640876
1258225302,Unnamed,building,4.0,Very High,3.263095,6.4534144
1266951530,Unnamed,building,2.0,Moderate,3.2779086,6.4330778
1258809941,Unnamed,building,0.0,NoData,3.2223907,6.4057179
1263249955,Unnamed,building,3.0,High,3.2377787,6.5143122
1262215716,Unnamed,building,2.0,Moderate,3.2402055,6.5118369
1262943211,Unnamed,building,3.0,High,3.2299553,6.5211897
1258018142,Unnamed,building,4.0,Very High,3.307224,6.4536846
1268650929,Unnamed,building,3.0,High,3.264265,6.5138532
1083917551,Unnamed,building,4.0,Very High,3.2313292,6.4433182
1262636618,Unnamed,building,2.0,Moderate,3.2551368,6.50049
1258261896,Unnamed,building,4.0,Very High,3.2596916,6.4648263
1263653278,Unnamed,building,4.0,Very High,3.248126,6.454042
1257810043,Unnamed,building,3.0,High,3.3096846,6.4398198
1263250110,Unnamed,building,1.0,Low,3.2371116,6.5121943
1267087311,Unnamed,building,2.0,Moderate,3.2434271,6.4714137
1257794005,Unnamed,building,4.0,Very High,3.2711513,6.4531608
1257402162,Unnamed,building,4.0,Very High,3.3000375,6.4478424
1257979982,Unnamed,building,3.0,High,3.2904211,6.4641171
1083910262,Unnamed,building,3.0,High,3.2203305,6.4432305
1267708983,Unnamed,building,2.0,Moderate,3.2259263,6.4443475
1263175067,Unnamed,building,2.0,Moderate,3.2626694,6.4944092
1258583668,Unnamed,building,3.0,High,3.2759522,6.4530346
1266785643,Unnamed,building,3.0,High,3.2354119,6.4460525
1263724414,Unnamed,building,2.0,Moderate,3.2837024,6.5098221
1262183188,Unnamed,building,0.0,NoData,3.2337152,6.5232309
1270916888,Unnamed,building,3.0,High,3.2598334,6.515849
1258581312,Unnamed,building,4.0,Very High,3.23735,6.4405651
1257449239,Unnamed,building,2.0,Moderate,3.264791,6.4359165
1258141020,Unnamed,building,3.0,High,3.3043333,6.4841229
1270917065,Unnamed,building,4.0,Very High,3.2584718,6.5100849
1264088374,Unnamed,building,4.0,Very High,3.2402609,6.454239
1260633664,Unnamed,building,4.0,Very High,3.2438901,6.5154275
1083914010,Unnamed,building,3.0,High,3.2244905,6.4440561
1270917087,Unnamed,building,3.0,High,3.2593269,6.5109589
1267747979,Unnamed,building,0.0,NoData,3.1893425,6.4048985
1276139283,Unnamed,building,4.0,Very High,3.2979226,6.506564
1258543654,Unnamed,building,4.0,Very High,3.2375817,6.4461304
670602065,Unnamed,building,0.0,NoData,3.2678255,6.4268591
1263741637,Unnamed,building,3.0,High,3.2797852,6.49731
1263687439,Unnamed,building,3.0,High,3.236302,6.5155894
1259653161,Unnamed,building,3.0,High,3.2426962,6.4978954
1257370591,Unnamed,building,3.0,High,3.2662357,6.4401743
1257413909,Unnamed,building,4.0,Very High,3.2794964,6.4402173
1267899068,Unnamed,building,4.0,Very High,3.2863799,6.4590479
1262071115,Unnamed,building,3.0,High,3.2541202,6.5095288
1262940835,Unnamed,building,3.0,High,3.2681996,6.5084435
1268112558,Unnamed,building,3.0,High,3.2770203,6.4763974
1258268588,Unnamed,building,3.0,High,3.2959622,6.4535109
1262531302,Unnamed,building,4.0,Very High,3.2242685,6.5036597
1276366779,Unnamed,building,4.0,Very High,3.2910256,6.4902303
1267625066,Unnamed,building,4.0,Very High,3.2258148,6.458711
1263407823,Unnamed,building,3.0,High,3.2811432,6.5057596
1257430028,Unnamed,building,3.0,High,3.2624748,6.4508481
1258016377,Unnamed,building,4.0,Very High,3.2448622,6.4702698
1261830984,Unnamed,building,0.0,NoData,3.2217666,6.5128113
1259653170,Unnamed,building,3.0,High,3.2425868,6.4976862
1267469989,Unnamed,building,3.0,High,3.2823531,6.4739058
1263179586,Unnamed,building,0.0,NoData,3.2315018,6.5243467
1257996687,Unnamed,building,4.0,Very High,3.2566051,6.4622482
1267572971,Unnamed,building,3.0,High,3.2285142,6.4533064
1258625582,Unnamed,building,3.0,High,3.2664535,6.4548188
1267443942,Unnamed,building,3.0,High,3.216823,6.4465336
1263250072,Unnamed,building,3.0,High,3.2354824,6.5144894
1258599649,Unnamed,building,1.0,Low,3.2553086,6.4586856
1267530008,Unnamed,building,2.0,Moderate,3.2229466,6.4535333
1258508721,Unnamed,building,0.0,NoData,3.2591003,6.4059332
1275567400,Unnamed,building,3.0,High,3.3075219,6.5228186
1263400627,Unnamed,building,4.0,Very High,3.284778,6.5022836
1262183140,Unnamed,building,0.0,NoData,3.2328209,6.5250785
1257370454,Unnamed,building,3.0,High,3.2680435,6.4384774
1257911855,Unnamed,building,3.0,High,3.2574062,6.4663598
1262949689,Unnamed,building,4.0,Very High,3.2505704,6.5116269
1273084496,Unnamed,building,3.0,High,3.2184552,6.4518632
1258596153,Unnamed,building,2.0,Moderate,3.2789323,6.469955
1257500975,Unnamed,building,4.0,Very High,3.2550375,6.4335089
1263682521,Unnamed,building,3.0,High,3.2788413,6.4979355
1257801145,Unnamed,building,4.0,Very High,3.2513371,6.4518106
1257954173,Unnamed,building,4.0,Very High,3.2531806,6.4421919
1257794214,Unnamed,building,4.0,Very High,3.2736318,6.4673631
1267617359,Unnamed,building,3.0,High,3.2294485,6.4814545
1263652336,Unnamed,building,2.0,Moderate,3.2728648,6.4808116
1262968983,Unnamed,building,3.0,High,3.2521293,6.5169154
1267506743,Unnamed,building,2.0,Moderate,3.2115747,6.4562936
1262208445,Unnamed,building,3.0,High,3.2424128,6.5136789
1257939368,Unnamed,building,3.0,High,3.2953206,6.4806857
1260678544,Unnamed,building,0.0,NoData,3.2776205,6.518384
1260771345,Unnamed,building,2.0,Moderate,3.2710462,6.5198115
1257908266,Unnamed,building,4.0,Very High,3.2673278,6.4533365
1258391671,Unnamed,building,2.0,Moderate,3.273118,6.4219013
1263466958,Unnamed,building,4.0,Very High,3.2752421,6.4972435
1267688330,Unnamed,building,0.0,NoData,3.3050168,6.4714714
1257765163,Unnamed,building,2.0,Moderate,3.3093695,6.44636
1257784155,Unnamed,building,3.0,High,3.2550543,6.4486299
1267573023,Unnamed,building,4.0,Very High,3.2280855,6.4536381
995061748,Unnamed,building,3.0,High,3.3169083,6.4163261
1262064788,Unnamed,building,3.0,High,3.2637696,6.5132448
1257629203,Unnamed,building,4.0,Very High,3.3032392,6.4827842
1257563342,Unnamed,building,2.0,Moderate,3.2804369,6.4839484
1275766672,Unnamed,building,4.0,Very High,3.3026196,6.5130306
1258571769,Unnamed,building,4.0,Very High,3.2553927,6.4551786
1262968760,Unnamed,building,3.0,High,3.2546375,6.5150746
1275781269,Unnamed,building,3.0,High,3.3066439,6.5103296
1258203809,Unnamed,building,0.0,NoData,3.2538621,6.4240207
1257980705,Unnamed,building,4.0,Very High,3.2557269,6.4628625
1258567965,Unnamed,building,2.0,Moderate,3.296451,6.4648873
1262467292,Unnamed,building,0.0,NoData,3.3339234,6.4193142
1257833242,Unnamed,building,3.0,High,3.2725829,6.4455695
670592134,Unnamed,building,3.0,High,3.2567484,6.4219318
670579682,Unnamed,building,2.0,Moderate,3.2489763,6.4186792
1267524793,Unnamed,building,4.0,Very High,3.2216129,6.4527469
1258670004,Unnamed,building,2.0,Moderate,3.3036544,6.4440115
1272960946,Unnamed,building,4.0,Very High,3.2289964,6.4607353
1260681414,Unnamed,building,4.0,Very High,3.2516486,6.5176956
1267761868,Unnamed,building,3.0,High,3.2200697,6.4444943
1267761911,Unnamed,building,2.0,Moderate,3.2191096,6.4451986
1258999682,Unnamed,building,2.0,Moderate,3.3044882,6.4561066
1258432905,Unnamed,building,4.0,Very High,3.2498721,6.4399133
1257513944,Unnamed,building,3.0,High,3.2548186,6.4423327
1261990175,Unnamed,building,3.0,High,3.2684569,6.512772
1276411912,Unnamed,building,3.0,High,3.3024071,6.4964688
1258999678,Unnamed,building,4.0,Very High,3.3065754,6.455941
1267634109,Unnamed,building,2.0,Moderate,3.2301648,6.4519726
1257809949,Unnamed,building,3.0,High,3.3096994,6.4384296
1276000407,Unnamed,building,2.0,Moderate,3.2976925,6.5138671
1258165078,Unnamed,building,4.0,Very High,3.314635,6.4455335
1263516871,Unnamed,building,1.0,Low,3.2450082,6.5122614
1263644124,Unnamed,building,3.0,High,3.2363209,6.5209526
1257513911,Unnamed,building,4.0,Very High,3.25478,6.4433478
1263283442,Unnamed,building,3.0,High,3.22973,6.5149809
1267746129,Unnamed,building,0.0,NoData,3.2160399,6.4443766
1257630574,Unnamed,building,4.0,Very High,3.2584885,6.4380146
1260760389,Unnamed,building,3.0,High,3.2314114,6.5164416
1259072937,Unnamed,building,4.0,Very High,3.2444849,6.5141682
1258436909,Unnamed,building,1.0,Low,3.2634731,6.4616659
733631509,Unnamed,building,3.0,High,3.2573382,6.5176177
1258394294,Unnamed,building,2.0,Moderate,3.2768304,6.4638012
1258615294,Unnamed,building,4.0,Very High,3.2506833,6.4630851
1276320363,Unnamed,building,0.0,NoData,3.3093233,6.501014
1258861567,Unnamed,building,0.0,NoData,3.2541161,6.4117325
1258026977,Unnamed,building,4.0,Very High,3.2424036,6.4553778
1268384812,Unnamed,building,0.0,NoData,3.2308272,6.5248866
1268421871,Unnamed,building,3.0,High,3.2580528,6.4881926
1267460182,Unnamed,building,3.0,High,3.2828115,6.4661269
1267441657,Unnamed,building,3.0,High,3.2887167,6.475145
1258203798,Unnamed,building,4.0,Very High,3.2544536,6.4230167
1257470041,Unnamed,building,2.0,Moderate,3.2779945,6.4731917
1262148581,Unnamed,building,3.0,High,3.273644,6.5075357
1275789686,Unnamed,building,0.0,NoData,3.3073203,6.5143082
1257999068,Unnamed,building,0.0,NoData,3.3058798,6.4395403
1266598953,Unnamed,building,2.0,Moderate,3.287832,6.4767986
1258225292,Unnamed,building,4.0,Very High,3.2655379,6.4543892
1263515369,Unnamed,building,2.0,Moderate,3.2785077,6.5059067
1257642368,Unnamed,building,1.0,Low,3.2847542,6.478301
1267540615,Unnamed,building,1.0,Low,3.2176524,6.4896999
1266812162,Unnamed,building,2.0,Moderate,3.2522519,6.445323
1257765120,Unnamed,building,3.0,High,3.3081144,6.448152
1261406206,Unnamed,building,2.0,Moderate,3.2215441,6.5114009
1263735601,Unnamed,building,4.0,Very High,3.2611675,6.498516
1268414772,Unnamed,building,1.0,Low,3.2571356,6.4894829
1275886052,Unnamed,building,0.0,NoData,3.3080795,6.5113472
1263718959,Unnamed,building,1.0,Low,3.2542975,6.4917456
1276411903,Unnamed,building,4.0,Very High,3.3039173,6.4973744
1276139394,Unnamed,building,2.0,Moderate,3.2963876,6.5086397
1257774631,Unnamed,building,4.0,Very High,3.2624251,6.44475
1261410837,Unnamed,building,4.0,Very High,3.225474,6.5096182
1258298728,Unnamed,building,1.0,Low,3.2629732,6.4219952
1266774369,Unnamed,building,3.0,High,3.2799955,6.4418916
1258261878,Unnamed,building,2.0,Moderate,3.2579141,6.4644042
1262169713,Unnamed,building,4.0,Very High,3.2775049,6.5069481
1257954241,Unnamed,building,3.0,High,3.2528871,6.4409958
670592172,Unnamed,building,0.0,NoData,3.2601524,6.423666
1260633917,Unnamed,building,4.0,Very High,3.2445617,6.5149485
1262122372,Unnamed,building,2.0,Moderate,3.2606941,6.5099148
1261410844,Unnamed,building,4.0,Very High,3.2253729,6.5093445
1259769408,Unnamed,building,4.0,Very High,3.2325082,6.5215862
1258669572,Unnamed,building,4.0,Very High,3.2976973,6.4579259
1263654216,Unnamed,building,3.0,High,3.2802033,6.5123712
1276411987,Unnamed,building,4.0,Very High,3.3037373,6.496955
1258652761,Unnamed,building,3.0,High,3.2867029,6.47483
1267679274,Unnamed,building,2.0,Moderate,3.2291254,6.4503733
1257417273,Unnamed,building,2.0,Moderate,3.275782,6.4486487
1262069231,Unnamed,building,2.0,Moderate,3.2262759,6.5217185
1267573021,Unnamed,building,4.0,Very High,3.2278904,6.4536623
1258453017,Unnamed,building,3.0,High,3.2486627,6.4378534
1259319256,Unnamed,building,4.0,Very High,3.2788719,6.498548
1262787322,Unnamed,building,4.0,Very High,3.2626754,6.5191124
1276192549,Unnamed,building,2.0,Moderate,3.2941828,6.5046206
1263448386,Unnamed,building,3.0,High,3.2385312,6.5002623
1267784633,Unnamed,building,3.0,High,3.2248836,6.4428033
1258447144,Unnamed,building,2.0,Moderate,3.2926323,6.4560765
1257841527,Unnamed,building,3.0,High,3.2597642,6.4348622
1258481836,Unnamed,building,4.0,Very High,3.2608644,6.4555351
1262546773,Unnamed,building,3.0,High,3.2271967,6.50899
1263284858,Unnamed,building,3.0,High,3.2820773,6.5103393
1259679366,Unnamed,building,4.0,Very High,3.2451602,6.5222111
1262071043,Unnamed,building,4.0,Very High,3.2536404,6.5099881
1276244481,Unnamed,building,4.0,Very High,3.2956217,6.4964709
1267700363,Unnamed,building,2.0,Moderate,3.2238513,6.4591101
1258152913,Unnamed,building,4.0,Very High,3.2840005,6.4432478
1257970236,Unnamed,building,3.0,High,3.2381827,6.4522457
1257512214,Unnamed,building,3.0,High,3.2534016,6.4717405
1268617295,Unnamed,building,2.0,Moderate,3.2508913,6.4985476
1257418821,Unnamed,building,4.0,Very High,3.3050544,6.4593949
1257528039,Unnamed,building,4.0,Very High,3.2693793,6.4328059
1257902721,Unnamed,building,3.0,High,3.269157,6.4450049
1275736948,Unnamed,building,3.0,High,3.2922005,6.5121614
1257625394,Unnamed,building,4.0,Very High,3.2666635,6.4515701
1258824376,Unnamed,building,1.0,Low,3.2497059,6.4208393
1257809424,Unnamed,building,3.0,High,3.2842456,6.4518548
1257418056,Unnamed,building,2.0,Moderate,3.2797573,6.4494585
1267443953,Unnamed,building,3.0,High,3.2168101,6.4483066
733631529,Unnamed,building,2.0,Moderate,3.2590725,6.5185174
1259646512,Unnamed,building,3.0,High,3.2596688,6.5137419
1258616013,Unnamed,building,0.0,NoData,3.2474531,6.4223019
1258697264,Unnamed,building,4.0,Very High,3.2721292,6.4554326
1257771663,Unnamed,building,2.0,Moderate,3.3093512,6.4482914
1259370989,Unnamed,building,4.0,Very High,3.2574749,6.5206285
1257817033,Unnamed,building,2.0,Moderate,3.2448455,6.4523098
1262614376,Unnamed,building,2.0,Moderate,3.261519,6.495379
1083913965,Unnamed,building,3.0,High,3.2247769,6.4457864
1275736209,Unnamed,building,4.0,Very High,3.3046655,6.5151394
1258204284,Unnamed,building,4.0,Very High,3.2560019,6.4525843
1268416589,Unnamed,building,4.0,Very High,3.2238186,6.506303
1258269637,Unnamed,building,1.0,Low,3.2755504,6.4363164
1262924933,Unnamed,building,0.0,NoData,3.2187302,6.5236724
1262852106,Unnamed,building,2.0,Moderate,3.2677523,6.5007468
1257530659,Unnamed,building,4.0,Very High,3.2701337,6.4747552
1258426202,Unnamed,building,4.0,Very High,3.3030048,6.4407841
1276208965,Unnamed,building,2.0,Moderate,3.291892,6.5028036
1276253508,Unnamed,building,4.0,Very High,3.2943882,6.4950718
1262181580,Unnamed,building,0.0,NoData,3.278859,6.5194344
1262188732,Unnamed,building,3.0,High,3.2280727,6.5051898
1258590160,Unnamed,building,4.0,Very High,3.2377087,6.4552133
1259727389,Unnamed,building,0.0,NoData,3.2193447,6.5228101
1258436948,Unnamed,building,2.0,Moderate,3.2961312,6.4696212
1268103736,Unnamed,building,0.0,NoData,3.2353178,6.5237938
1257605290,Unnamed,building,4.0,Very High,3.2329722,6.4550382
1258710903,Unnamed,building,3.0,High,3.3026412,6.4415277
1257528026,Unnamed,building,4.0,Very High,3.2704623,6.4348774
1257845530,Unnamed,building,3.0,High,3.245064,6.4669999
1272735598,Unnamed,building,2.0,Moderate,3.2219336,6.4494031
1263699482,Unnamed,building,2.0,Moderate,3.2583888,6.4946536
1257611663,Unnamed,building,4.0,Very High,3.2459312,6.4515111
1259778688,Unnamed,building,4.0,Very High,3.2355249,6.5208314
1258598711,Unnamed,building,4.0,Very High,3.2995994,6.4409832
1275579101,Unnamed,building,2.0,Moderate,3.3006849,6.5127423
1267521543,Unnamed,building,4.0,Very High,3.2195169,6.4548199
1258604002,Unnamed,building,1.0,Low,3.2517653,6.4586357
1276244531,Unnamed,building,4.0,Very High,3.293524,6.4957684
1276498271,Unnamed,building,2.0,Moderate,3.3045755,6.4898469
1258026225,Unnamed,building,4.0,Very High,3.2921946,6.4633871
1257472069,Unnamed,building,3.0,High,3.2658087,6.4424028
1258603409,Unnamed,building,2.0,Moderate,3.2913616,6.4529403
1262605874,Unnamed,building,4.0,Very High,3.2703621,6.5151656
1267443964,Unnamed,building,4.0,Very High,3.2174482,6.4487855
1259804284,Unnamed,building,4.0,Very High,3.2684932,6.502083
1257370473,Unnamed,building,3.0,High,3.2672827,6.4384902
1258669668,Unnamed,building,2.0,Moderate,3.2980927,6.4582283
1267573045,Unnamed,building,3.0,High,3.2288679,6.4536085
1262367910,Unnamed,building,2.0,Moderate,3.2463697,6.4965071
1262510687,Unnamed,building,2.0,Moderate,3.2383488,6.5117482
1258660940,Unnamed,building,4.0,Very High,3.3226969,6.4406144
1277832328,Unnamed,building,4.0,Very High,3.2930225,6.5085421
1266789241,Unnamed,building,3.0,High,3.2333531,6.4527392
1275664207,Unnamed,building,3.0,High,3.3055694,6.5194666
1257787246,Unnamed,building,1.0,Low,3.3101347,6.4488651
1262069211,Unnamed,building,2.0,Moderate,3.2266418,6.5209101
1276236900,Unnamed,building,4.0,Very High,3.2926495,6.4997112
1267731548,Unnamed,building,4.0,Very High,3.225031,6.4561678
1261988412,Unnamed,building,2.0,Moderate,3.2658417,6.5173263
1258451661,Unnamed,building,4.0,Very High,3.2859177,6.4565909
1257712321,Unnamed,building,4.0,Very High,3.2895774,6.4570727
1257600052,Unnamed,building,4.0,Very High,3.2723028,6.437942
1275052526,Unnamed,building,0.0,NoData,3.3091181,6.5282148
670592150,Unnamed,building,4.0,Very High,3.2587372,6.4225036
1257970232,Unnamed,building,3.0,High,3.2380654,6.4525536
1263669633,Unnamed,building,3.0,High,3.2698139,6.5160533
1262504157,Unnamed,building,3.0,High,3.2662692,6.5215065
1267835838,Unnamed,building,4.0,Very High,3.2873314,6.4628743
1257963691,Unnamed,building,3.0,High,3.2816382,6.4539637
1258368420,Unnamed,building,3.0,High,3.2718196,6.461745
1257833192,Unnamed,building,2.0,Moderate,3.2734756,6.444446
1267509120,Unnamed,building,4.0,Very High,3.2162093,6.4555468
1258247794,Unnamed,building,2.0,Moderate,3.2640167,6.4441544
1258403363,Unnamed,building,2.0,Moderate,3.2973644,6.4553607
1267433713,Unnamed,building,0.0,NoData,3.2066805,6.4537107
1275205863,Unnamed,building,1.0,Low,3.3048724,6.5051262
670525953,Unnamed,building,0.0,NoData,3.3652408,6.4122517
1262119433,Unnamed,building,4.0,Very High,3.2343364,6.5050608
1275769933,Unnamed,building,1.0,Low,3.298006,6.5152286
1257810784,Unnamed,building,2.0,Moderate,3.2759719,6.4665118
1262599713,Unnamed,building,3.0,High,3.2448251,6.5011291
1257842017,Unnamed,building,4.0,Very High,3.2734169,6.4650539
1083917522,Unnamed,building,2.0,Moderate,3.2319612,6.4429544
1261400136,Unnamed,building,4.0,Very High,3.2233578,6.5094266
1258613947,Unnamed,building,4.0,Very High,3.3035409,6.4850573
1267504872,Unnamed,building,0.0,NoData,3.2094612,6.455747
1276498301,Unnamed,building,3.0,High,3.30434,6.4875561
1276351645,Unnamed,building,4.0,Very High,3.3000942,6.4906819
1276248214,Unnamed,building,2.0,Moderate,3.3094851,6.496239
1257521443,Unnamed,building,3.0,High,3.2519848,6.4706829
1266777775,Unnamed,building,3.0,High,3.2627596,6.4438902
713096961,Unnamed,building,3.0,High,3.3070559,6.4443183
1276244498,Unnamed,building,4.0,Very High,3.2951078,6.4964077
1258669518,Unnamed,building,3.0,High,3.2982069,6.4592521
1257811206,Unnamed,building,4.0,Very High,3.2458224,6.4527153
1257593305,Unnamed,building,3.0,High,3.3044621,6.4670196
1260760485,Unnamed,building,2.0,Moderate,3.2303456,6.5164262
1257996630,Unnamed,building,3.0,High,3.2558796,6.4602597
1257996675,Unnamed,building,3.0,High,3.2570862,6.4617452
1257842216,Unnamed,building,3.0,High,3.272711,6.4646654
1257521404,Unnamed,building,3.0,High,3.2542042,6.4688947
1276362744,Unnamed,building,3.0,High,3.2926414,6.4891551
933634179,Unnamed,building,2.0,Moderate,3.295847,6.5022116
1257810072,Unnamed,building,3.0,High,3.3099033,6.4404902
1257713774,Unnamed,building,2.0,Moderate,3.2545075,6.4311792
1262840533,Unnamed,building,4.0,Very High,3.2346408,6.5151912
1262636569,Unnamed,building,4.0,Very High,3.256146,6.4985897
1137587801,Unnamed,building,1.0,Low,3.3061915,6.5065927
1257983406,Unnamed,building,3.0,High,3.2721265,6.4722713
1258018230,Unnamed,building,4.0,Very High,3.2981302,6.4719764
1276481828,Unnamed,building,2.0,Moderate,3.3016138,6.4931565
1257370482,Unnamed,building,2.0,Moderate,3.2669092,6.4391062
1260554621,Unnamed,building,1.0,Low,3.2846804,6.5082888
1285751750,Unnamed,building,2.0,Moderate,3.3565622,6.4162519
1258046344,Unnamed,building,3.0,High,3.2946919,6.4535212
1265550134,Unnamed,building,0.0,NoData,3.2831491,6.424582
1257783930,Unnamed,building,4.0,Very High,3.2573934,6.4476688
1285719472,Unnamed,building,2.0,Moderate,3.3581499,6.4164249
1257517912,Unnamed,building,2.0,Moderate,3.2555626,6.429446
1257585903,Unnamed,building,4.0,Very High,3.3050689,6.4682149
1259050931,Unnamed,building,0.0,NoData,3.2398672,6.5241427
1261977210,Unnamed,building,3.0,High,3.2623624,6.5018665
1263431471,Unnamed,building,1.0,Low,3.239677,6.5032017
1258213689,Unnamed,building,4.0,Very High,3.2545966,6.4521209
1258193785,Unnamed,building,3.0,High,3.2509674,6.4749893
1257922350,Unnamed,building,4.0,Very High,3.2923696,6.4804919
1262924892,Unnamed,building,0.0,NoData,3.2174908,6.5232731
1276421392,Unnamed,building,2.0,Moderate,3.302224,6.4946673
1267530187,Unnamed,building,0.0,NoData,3.2099712,6.4576124
1258590205,Unnamed,building,4.0,Very High,3.2360743,6.455792
1258712470,Unnamed,building,4.0,Very High,3.2742229,6.456361
1261898424,Unnamed,building,4.0,Very High,3.2248848,6.5040683
1275692735,Unnamed,building,3.0,High,3.300467,6.5183101
1273366822,Unnamed,building,0.0,NoData,3.2781322,6.5202035
1263644096,Unnamed,building,3.0,High,3.237153,6.5204771
1262949784,Unnamed,building,2.0,Moderate,3.2535526,6.5128248
1263680148,Unnamed,building,2.0,Moderate,3.2507657,6.5058832
1258599650,Unnamed,building,2.0,Moderate,3.2555585,6.458689
1261992899,Unnamed,building,2.0,Moderate,3.2709821,6.5115045
1260760458,Unnamed,building,2.0,Moderate,3.2308252,6.5170648
1257892208,Unnamed,building,2.0,Moderate,3.2828422,6.4634402
1263644026,Unnamed,building,4.0,Very High,3.2372972,6.5224034
1262122363,Unnamed,building,3.0,High,3.2626793,6.5099866
1263147145,Unnamed,building,4.0,Very High,3.2382256,6.5220337
1262911145,Unnamed,building,3.0,High,3.2673083,6.5052722
1257804166,Unnamed,building,4.0,Very High,3.3032977,6.4586853
1263710275,Unnamed,building,3.0,High,3.2683485,6.4978216
1267343052,Unnamed,building,2.0,Moderate,3.2157324,6.4477903
1262941042,Unnamed,building,3.0,High,3.2682282,6.5081573
1083917820,Unnamed,building,3.0,High,3.2288051,6.4432446
1258436908,Unnamed,building,1.0,Low,3.2632823,6.4615419
1257801800,Unnamed,building,2.0,Moderate,3.2643751,6.448827
1258631772,Unnamed,building,3.0,High,3.3056569,6.4855795
1276421720,Unnamed,building,0.0,NoData,3.3102059,6.5003954
1258716480,Unnamed,building,4.0,Very High,3.2840708,6.4547306
1257794234,Unnamed,building,3.0,High,3.2735334,6.4656729
1258389244,Unnamed,building,4.0,Very High,3.2718552,6.4599793
1263250082,Unnamed,building,4.0,Very High,3.2379545,6.5144388
1267684108,Unnamed,building,4.0,Very High,3.2298598,6.4458678
1257474814,Unnamed,building,4.0,Very High,3.2773838,6.4383196
1257842047,Unnamed,building,3.0,High,3.2738061,6.4649279
1258193710,Unnamed,building,3.0,High,3.2475296,6.47382
1262943129,Unnamed,building,1.0,Low,3.2293038,6.5211474
1267609701,Unnamed,building,3.0,High,3.22213,6.4559104
1257386371,Unnamed,building,3.0,High,3.2707186,6.4401411
1257496227,Unnamed,building,2.0,Moderate,3.2515044,6.4724542
1276177020,Unnamed,building,4.0,Very High,3.3021782,6.5039813
1257980473,Unnamed,building,3.0,High,3.256254,6.4646306
1083917437,Unnamed,building,4.0,Very High,3.2341185,6.4419918
1267698665,Unnamed,building,4.0,Very High,3.2253299,6.4480087
1271990298,Unnamed,building,0.0,NoData,3.2776302,6.5213198
1258539451,Unnamed,building,1.0,Low,3.2727122,6.424556
1260612103,Unnamed,building,4.0,Very High,3.2415372,6.5156069
1137587732,Unnamed,building,4.0,Very High,3.3009589,6.5095871
1263644173,Unnamed,building,3.0,High,3.2361794,6.5210565
1258829379,Unnamed,building,0.0,NoData,3.2531167,6.405716
1258590417,Unnamed,building,0.0,NoData,3.2847912,6.4048477
1258442508,Unnamed,building,3.0,High,3.2706784,6.4773758
1258603988,Unnamed,building,1.0,Low,3.2514858,6.4591358
1275270763,Unnamed,building,2.0,Moderate,3.3032348,6.4906485
1258569705,Unnamed,building,0.0,NoData,3.2349059,6.4394183
1262342717,Unnamed,building,3.0,High,3.2569636,6.5118903
1263718958,Unnamed,building,1.0,Low,3.2542758,6.4916074
1263453066,Unnamed,building,4.0,Very High,3.2802209,6.5013269
1259637683,Unnamed,building,3.0,High,3.2574658,6.5165977
1263201044,Unnamed,building,4.0,Very High,3.2469367,6.5082156
1258419235,Unnamed,building,3.0,High,3.2614031,6.432821
1258432729,Unnamed,building,1.0,Low,3.2632854,6.4777262
1258509296,Unnamed,building,2.0,Moderate,3.2501061,6.438017
1277832316,Unnamed,building,3.0,High,3.2924153,6.5076131
1257401799,Unnamed,building,3.0,High,3.2653921,6.4388686
1257541354,Unnamed,building,2.0,Moderate,3.2895188,6.4768422
1263200998,Unnamed,building,1.0,Low,3.2479542,6.5070721
1259174413,Unnamed,building,0.0,NoData,3.2561481,6.5221793
1261666211,Unnamed,building,4.0,Very High,3.2630543,6.5204528
1257478139,Unnamed,building,4.0,Very High,3.2701993,6.4431384
1263743478,Unnamed,building,4.0,Very High,3.2816683,6.4938494
1275413238,Unnamed,building,3.0,High,3.2992992,6.5203149
1257509297,Unnamed,building,3.0,High,3.276372,6.4574378
1266534444,Unnamed,building,2.0,Moderate,3.2619402,6.4223851
1276484765,Unnamed,building,3.0,High,3.3056368,6.5016946
1257764536,Unnamed,building,2.0,Moderate,3.2944803,6.4568413
1263110492,Unnamed,building,4.0,Very High,3.272412,6.5101701
1257834378,Unnamed,building,3.0,High,3.3072203,6.4405726
1259679324,Unnamed,building,4.0,Very High,3.2451652,6.5213656
1257541074,Unnamed,building,3.0,High,3.2570837,6.4743228
1263772335,Unnamed,building,3.0,High,3.2847278,6.5000869
1259778711,Unnamed,building,4.0,Very High,3.2338445,6.5207948
1275527179,Unnamed,building,3.0,High,3.2949568,6.5219977
1262119432,Unnamed,building,4.0,Very High,3.2344621,6.5050419
1258632073,Unnamed,building,4.0,Very High,3.2770105,6.4553803
1257771617,Unnamed,building,1.0,Low,3.2474583,6.4485019
1258199978,Unnamed,building,3.0,High,3.2497454,6.4734787
1275800369,Unnamed,building,0.0,NoData,3.3083848,6.5126042
1258604018,Unnamed,building,1.0,Low,3.2515957,6.4579541
1257402015,Unnamed,building,3.0,High,3.2631311,6.4405744
1257981015,Unnamed,building,4.0,Very High,3.303786,6.4805233
1266611410,Unnamed,building,0.0,NoData,3.3348283,6.4206143
1257723069,Unnamed,building,3.0,High,3.2558187,6.44471
1269878285,Unnamed,building,2.0,Moderate,3.245056,6.516777
1257954149,Unnamed,building,4.0,Very High,3.2531889,6.4435245
1257889728,Unnamed,building,3.0,High,3.2486729,6.4623412
1257832178,Unnamed,building,4.0,Very High,3.3109557,6.4473604
1262553979,Unnamed,building,3.0,High,3.2313737,6.5078133
1267684011,Unnamed,building,1.0,Low,3.2278169,6.4448152
1275785491,Unnamed,building,3.0,High,3.3058486,6.5131403
1263659590,Unnamed,building,1.0,Low,3.2758847,6.4818991
1258599735,Unnamed,building,3.0,High,3.2569839,6.4575555
1275766638,Unnamed,building,3.0,High,3.3017284,6.512253
1258599678,Unnamed,building,3.0,High,3.256106,6.45986
1267625098,Unnamed,building,2.0,Moderate,3.2246921,6.4580171
1258639416,Unnamed,building,2.0,Moderate,3.2802384,6.4692214
1260528824,Unnamed,building,3.0,High,3.2654392,6.5002624
1262130154,Unnamed,building,3.0,High,3.2777045,6.5125231
1263283489,Unnamed,building,1.0,Low,3.2281338,6.5168637
1270916897,Unnamed,building,1.0,Low,3.260123,6.5150423
1263772381,Unnamed,building,3.0,High,3.2834082,6.4999314
1258569382,Unnamed,building,4.0,Very High,3.2770774,6.4638639
1276320272,Unnamed,building,2.0,Moderate,3.307148,6.5012795
1257605324,Unnamed,building,4.0,Very High,3.2331921,6.4567317
1262187477,Unnamed,building,2.0,Moderate,3.249203,6.5116383
1257512986,Unnamed,building,4.0,Very High,3.2632049,6.4409462
1257911177,Unnamed,building,4.0,Very High,3.2764061,6.4444003
1257517872,Unnamed,building,0.0,NoData,3.2569254,6.4282574
1257817292,Unnamed,building,2.0,Moderate,3.3016256,6.4678239
1258625640,Unnamed,building,4.0,Very High,3.2677604,6.4566521
1263701191,Unnamed,building,2.0,Moderate,3.2575139,6.4976931
1257713160,Unnamed,building,3.0,High,3.2748668,6.4665536
1258180798,Unnamed,building,2.0,Moderate,3.2606161,6.4531311
1266712812,Unnamed,building,3.0,High,3.2458826,6.4688789
1263674303,Unnamed,building,3.0,High,3.2860543,6.5002642
1267506548,Unnamed,building,2.0,Moderate,3.2120796,6.4567664
1263729230,Unnamed,building,4.0,Very High,3.2831888,6.4890781
1267070441,Unnamed,building,3.0,High,3.2916424,6.4835184
1258798267,Unnamed,building,1.0,Low,3.2494632,6.4184432
1263176462,Unnamed,building,3.0,High,3.250162,6.5079491
1258551314,Unnamed,building,4.0,Very High,3.2343763,6.4476806
1257826782,Unnamed,building,4.0,Very High,3.314733,6.4390372
1259658789,Unnamed,building,4.0,Very High,3.2506823,6.517065
1257949042,Unnamed,building,4.0,Very High,3.298909,6.4732756
1267625057,Unnamed,building,4.0,Very High,3.2252752,6.4584567
1263400633,Unnamed,building,3.0,High,3.2843492,6.5009715
1258801620,Unnamed,building,3.0,High,3.2523035,6.4153337
1257418881,Unnamed,building,4.0,Very High,3.3067066,6.4582167
1258596413,Unnamed,building,4.0,Very High,3.2340753,6.4454698
1267731521,Unnamed,building,4.0,Very High,3.2245003,6.4551467
1260760481,Unnamed,building,2.0,Moderate,3.2303864,6.5155314
1258460123,Unnamed,building,2.0,Moderate,3.2907778,6.467187
1262535670,Unnamed,building,2.0,Moderate,3.2734184,6.5202282
1275505982,Unnamed,building,0.0,NoData,3.2898859,6.5235648
1260760411,Unnamed,building,4.0,Very High,3.2322836,6.515102
1261810599,Unnamed,building,3.0,High,3.2548542,6.5182583
1257625460,Unnamed,building,4.0,Very High,3.2663544,6.4498464
1260633657,Unnamed,building,4.0,Very High,3.2462295,6.5169472
1259769423,Unnamed,building,4.0,Very High,3.2315961,6.5213653
1257513111,Unnamed,building,2.0,Moderate,3.2639725,6.4425529
1268974076,Unnamed,building,4.0,Very High,3.277978,6.5084605
1263653282,Unnamed,building,2.0,Moderate,3.2476339,6.4541676
1257855129,Unnamed,building,2.0,Moderate,3.2788457,6.4372103
1263743927,Unnamed,building,2.0,Moderate,3.2743513,6.484564
1260681126,Unnamed,building,4.0,Very High,3.2498947,6.5180151
1262624913,Unnamed,building,2.0,Moderate,3.2550657,6.5000038
1275218993,Unnamed,building,4.0,Very High,3.3063132,6.5046525
1259300622,Unnamed,building,0.0,NoData,3.2514724,6.522669
1258894660,Unnamed,building,0.0,NoData,3.2574796,6.4133898
1267775929,Unnamed,building,4.0,Very High,3.2236212,6.4435312
1260760532,Unnamed,building,4.0,Very High,3.2318983,6.5148496
1258451788,Unnamed,building,4.0,Very High,3.2859752,6.4547513
1262056457,Unnamed,building,3.0,High,3.2652329,6.511344
1258180706,Unnamed,building,4.0,Very High,3.2614062,6.4528913
1263718987,Unnamed,building,1.0,Low,3.2523939,6.4913474
1258695274,Unnamed,building,2.0,Moderate,3.2815296,6.4547628
1277842416,Unnamed,building,4.0,Very High,3.2908625,6.4842256
1258030338,Unnamed,building,3.0,High,3.2808316,6.467085
1258621378,Unnamed,building,3.0,High,3.2714792,6.4686904
1258714858,Unnamed,building,2.0,Moderate,3.3289951,6.4198176
1263726160,Unnamed,building,2.0,Moderate,3.2842424,6.4869002
1257529665,Unnamed,building,4.0,Very High,3.2517112,6.4494622
1258150417,Unnamed,building,4.0,Very High,3.263222,6.4312983
1258225305,Unnamed,building,4.0,Very High,3.263311,6.4534286
1263147186,Unnamed,building,4.0,Very High,3.2392888,6.520669
1275302335,Unnamed,building,0.0,NoData,3.3100334,6.5255227
1266801740,Unnamed,building,2.0,Moderate,3.275074,6.444775
1263515335,Unnamed,building,1.0,Low,3.2776314,6.5056777
1267439419,Unnamed,building,1.0,Low,3.2112236,6.4515668
1262898316,Unnamed,building,3.0,High,3.2433053,6.5174949
1262166200,Unnamed,building,3.0,High,3.279126,6.5164819
1259174484,Unnamed,building,4.0,Very High,3.2547721,6.5211891
1261852704,Unnamed,building,3.0,High,3.2251741,6.5161387
1267761880,Unnamed,building,4.0,Very High,3.2191228,6.4444162
1258694480,Unnamed,building,3.0,High,3.2398122,6.4802495
1258632788,Unnamed,building,1.0,Low,3.2948399,6.4622785
1276425434,Unnamed,building,2.0,Moderate,3.3047013,6.4968804
1262367792,Unnamed,building,3.0,High,3.2445994,6.496996
1258247883,Unnamed,building,3.0,High,3.2641126,6.445112
1267533500,Unnamed,building,4.0,Very High,3.224868,6.4615595
1260678477,Unnamed,building,4.0,Very High,3.277982,6.517819
1257613622,Unnamed,building,3.0,High,3.2829734,6.4436732
1257679499,Unnamed,building,4.0,Very High,3.2758755,6.4776668
1262501812,Unnamed,building,2.0,Moderate,3.2404332,6.5117671
1262221623,Unnamed,building,4.0,Very High,3.2221591,6.5058634
1260539979,Unnamed,building,3.0,High,3.2588399,6.5003517
1260708778,Unnamed,building,2.0,Moderate,3.2407454,6.4969434
1262132223,Unnamed,building,1.0,Low,3.2359657,6.5037844
1257593028,Unnamed,building,4.0,Very High,3.25247,6.4570226
1257764900,Unnamed,building,3.0,High,3.2668624,6.4461924
1261410731,Unnamed,building,3.0,High,3.2268165,6.5097965
964330630,Unnamed,building,3.0,High,3.2593683,6.4656407
1276422864,Unnamed,building,3.0,High,3.3058787,6.5006889
1275856126,Unnamed,building,3.0,High,3.3065438,6.5100396
1259778730,Unnamed,building,3.0,High,3.2347372,6.5207909
1261795120,Unnamed,building,3.0,High,3.2627153,6.5056571
1260529021,Unnamed,building,3.0,High,3.2641834,6.4996123
1257625223,Unnamed,building,2.0,Moderate,3.2781177,6.4547277
1276236815,Unnamed,building,3.0,High,3.29087,6.5003745
1275689309,Unnamed,building,3.0,High,3.3016428,6.5175694
1263249913,Unnamed,building,1.0,Low,3.2367628,6.5137687
1258373387,Unnamed,building,3.0,High,3.2619117,6.4610879
1263151021,Unnamed,building,3.0,High,3.2741678,6.5020594
1257759053,Unnamed,building,2.0,Moderate,3.2603349,6.4442605
1258672167,Unnamed,building,1.0,Low,3.2909951,6.4587039
1267609591,Unnamed,building,3.0,High,3.2227917,6.4569741
1258850911,Unnamed,building,0.0,NoData,3.2579691,6.414374
1259497475,Unnamed,building,2.0,Moderate,3.2607034,6.5089775
1258447816,Unnamed,building,4.0,Very High,3.3074426,6.4412379
1266122711,Unnamed,building,0.0,NoData,3.2285004,6.4077585
1258756845,Unnamed,building,4.0,Very High,3.3173175,6.444124
1263205325,Unnamed,building,1.0,Low,3.2469864,6.5037657
1258805302,Unnamed,building,2.0,Moderate,3.3148921,6.4174832
1275728020,Unnamed,building,2.0,Moderate,3.3059249,6.5154217
994993829,Unnamed,building,2.0,Moderate,3.3193201,6.4155666
1262943170,Unnamed,building,2.0,Moderate,3.2283346,6.5209705
1258180767,Unnamed,building,4.0,Very High,3.2607491,6.4517583
1266158666,Unnamed,building,0.0,NoData,3.2534896,6.4248512
1258604128,Unnamed,building,3.0,High,3.2505678,6.4588676
1260588130,Unnamed,building,4.0,Very High,3.2384453,6.5148652
1258219891,Unnamed,building,2.0,Moderate,3.2748007,6.4744218
1258807546,Unnamed,building,0.0,NoData,3.3349006,6.4200943
1267278801,Unnamed,building,4.0,Very High,3.2917439,6.4816394
1262064687,Unnamed,building,3.0,High,3.2640267,6.5133125
1257718524,Unnamed,building,2.0,Moderate,3.2554023,6.4365343
1272966250,Unnamed,building,4.0,Very High,3.2264175,6.4607425
1276192588,Unnamed,building,1.0,Low,3.2933003,6.5059797
1257631323,Unnamed,building,4.0,Very High,3.3025936,6.4474635
1258566516,Unnamed,building,0.0,NoData,3.2822019,6.4247063
1267630494,Unnamed,building,1.0,Low,3.2312711,6.4549109
1257474823,Unnamed,building,4.0,Very High,3.2768166,6.4388436
1260647379,Unnamed,building,3.0,High,3.2456723,6.5180466
1258982683,Unnamed,building,0.0,NoData,3.2497401,6.4139175
1267784640,Unnamed,building,3.0,High,3.2244615,6.4431698
1258247903,Unnamed,building,3.0,High,3.2636092,6.4448088
1276192471,Unnamed,building,2.0,Moderate,3.2950424,6.5037345
1267746143,Unnamed,building,0.0,NoData,3.2153819,6.4446935
1257472045,Unnamed,building,4.0,Very High,3.2665488,6.442442
1275270735,Unnamed,building,3.0,High,3.302389,6.4915847
1258204304,Unnamed,building,4.0,Very High,3.2556398,6.4522481
1267448245,Unnamed,building,3.0,High,3.215144,6.4519124
1258419809,Unnamed,building,4.0,Very High,3.2930704,6.4490236
1261992848,Unnamed,building,1.0,Low,3.2699622,6.5113399
1258364764,Unnamed,building,2.0,Moderate,3.2802236,6.4734104
1258621396,Unnamed,building,2.0,Moderate,3.2716706,6.4694791
1257611619,Unnamed,building,4.0,Very High,3.2461508,6.4497441
1263643886,Unnamed,building,0.0,NoData,3.236119,6.5226232
1259778620,Unnamed,building,0.0,NoData,3.2342199,6.5227627
1262969163,Unnamed,building,3.0,High,3.259017,6.501373
1258247924,Unnamed,building,3.0,High,3.2630886,6.4449189
1257556527,Unnamed,building,3.0,High,3.2566507,6.4705562
1275546435,Unnamed,building,0.0,NoData,3.3082129,6.5227699
1258449716,Unnamed,building,4.0,Very High,3.2779074,6.4818347
1258575061,Unnamed,building,3.0,High,3.2401334,6.4667502
1263701320,Unnamed,building,3.0,High,3.2560094,6.4970626
1263018481,Unnamed,building,4.0,Very High,3.2576772,6.4963281
1258603372,Unnamed,building,2.0,Moderate,3.2917531,6.4529598
1267902854,Unnamed,building,1.0,Low,3.2924654,6.4578029
1267033256,Unnamed,building,3.0,High,3.3004166,6.4763348
1262208421,Unnamed,building,1.0,Low,3.2416612,6.5121666
1276361659,Unnamed,building,4.0,Very High,3.3069883,6.4913455
1257823933,Unnamed,building,0.0,NoData,3.3084963,6.4612918
1257991222,Unnamed,building,4.0,Very High,3.3048711,6.4793213
1260681180,Unnamed,building,4.0,Very High,3.2516356,6.51827
1276168610,Unnamed,building,0.0,NoData,3.3081259,6.5067417
1263558057,Unnamed,building,4.0,Very High,3.2669875,6.5095142
1258600157,Unnamed,building,2.0,Moderate,3.251663,6.4614749
1257812405,Unnamed,building,2.0,Moderate,3.2844875,6.4796007
1258675805,Unnamed,building,2.0,Moderate,3.2724351,6.4583716
1268362098,Unnamed,building,3.0,High,3.2710934,6.4781451
1258653614,Unnamed,building,4.0,Very High,3.2539657,6.4601562
1257402018,Unnamed,building,4.0,Very High,3.2632704,6.4406352
1257996623,Unnamed,building,3.0,High,3.2557003,6.4601076
1263400616,Unnamed,building,4.0,Very High,3.2825975,6.5033523
1262874935,Unnamed,building,4.0,Very High,3.2734917,6.5178291
1262084922,Unnamed,building,1.0,Low,3.252131,6.510916
1258645854,Unnamed,building,3.0,High,3.2499669,6.4563856
1275766625,Unnamed,building,4.0,Very High,3.3035137,6.5123419
1258677602,Unnamed,building,0.0,NoData,3.2750375,6.4055951
1258599687,Unnamed,building,4.0,Very High,3.2553653,6.4596192
1258313986,Unnamed,building,2.0,Moderate,3.2507933,6.4219993
1262069291,Unnamed,building,2.0,Moderate,3.2271443,6.521319
1263117941,Unnamed,building,2.0,Moderate,3.2750224,6.5190679
1285337645,Unnamed,building,2.0,Moderate,3.3599799,6.415501
1263697773,Unnamed,building,2.0,Moderate,3.2634671,6.4978633
1267513259,Unnamed,building,3.0,High,3.2168414,6.4522061
1273366824,Unnamed,building,0.0,NoData,3.2780112,6.5204041
1266442844,Unnamed,building,4.0,Very High,3.332022,6.418767
1258418209,Unnamed,building,2.0,Moderate,3.2587002,6.4229468
1258593953,Unnamed,building,4.0,Very High,3.2322515,6.457753
1083909990,Unnamed,building,0.0,NoData,3.2220341,6.439258
1262940848,Unnamed,building,4.0,Very High,3.2658081,6.5064516
1261992810,Unnamed,building,2.0,Moderate,3.270788,6.5109413
1262938574,Unnamed,building,1.0,Low,3.2466739,6.5139349
1257424327,Unnamed,building,3.0,High,3.2622969,6.4497123
1258193746,Unnamed,building,3.0,High,3.2476936,6.4755294
1257996772,Unnamed,building,4.0,Very High,3.2550244,6.4606583
1267782181,Unnamed,building,3.0,High,3.2243635,6.4447209
1258604045,Unnamed,building,3.0,High,3.2504873,6.457523
1259174474,Unnamed,building,0.0,NoData,3.2555793,6.5226278
1275689270,Unnamed,building,3.0,High,3.3025488,6.5195506
1258610309,Unnamed,building,3.0,High,3.286668,6.4692686
1258415948,Unnamed,building,0.0,NoData,3.2576083,6.4235354
1258625644,Unnamed,building,4.0,Very High,3.267938,6.4567083
1258603994,Unnamed,building,4.0,Very High,3.2517549,6.4595379
1257499149,Unnamed,building,4.0,Very High,3.2584625,6.4508212
1275726628,Unnamed,building,2.0,Moderate,3.2938766,6.5183628
1263018464,Unnamed,building,2.0,Moderate,3.2582457,6.4970232
1266789258,Unnamed,building,3.0,High,3.2338698,6.4523415
1257475907,Unnamed,building,2.0,Moderate,3.2896513,6.470202
1257999065,Unnamed,building,4.0,Very High,3.3057178,6.4408625
1263159355,Unnamed,building,0.0,NoData,3.2291019,6.5233739
1258247793,Unnamed,building,3.0,High,3.2640023,6.4442796
1260760487,Unnamed,building,2.0,Moderate,3.2310558,6.5161952
1257924254,Unnamed,building,1.0,Low,3.2847333,6.4746293
1276210338,Unnamed,building,1.0,Low,3.2959587,6.5018766
1257419426,Unnamed,building,2.0,Moderate,3.2617648,6.4403061
1257945665,Unnamed,building,1.0,Low,3.2938334,6.4612501
1263539364,Unnamed,building,2.0,Moderate,3.2590315,6.4885025
1269074439,Unnamed,building,4.0,Very High,3.30012,6.4576442
1276217443,Unnamed,building,3.0,High,3.3032969,6.4984197
1257713202,Unnamed,building,4.0,Very High,3.2739591,6.4667549
1258678168,Unnamed,building,4.0,Very High,3.2855559,6.4386241
1262529759,Unnamed,building,2.0,Moderate,3.2620413,6.5147707
1257397633,Unnamed,building,4.0,Very High,3.2527834,6.4507508
1267732933,Unnamed,building,3.0,High,3.223425,6.449024
1095583112,Unnamed,building,3.0,High,3.2799171,6.432899
1258547563,Unnamed,building,4.0,Very High,3.2870137,6.4571274
1275892836,Unnamed,building,4.0,Very High,3.303149,6.5097814
1267731565,Unnamed,building,4.0,Very High,3.2261493,6.4563024
617766805,Unnamed,building,3.0,High,3.2835579,6.4162054
1258625645,Unnamed,building,3.0,High,3.2680853,6.4567183
1258719377,Unnamed,building,4.0,Very High,3.2991864,6.4499529
1261400012,Unnamed,building,4.0,Very High,3.2231746,6.5113617
1267697674,Unnamed,building,3.0,High,3.2363501,6.4641238
1276320411,Unnamed,building,0.0,NoData,3.3086436,6.5028657
1262852125,Unnamed,building,2.0,Moderate,3.2664293,6.499682
1258663719,Unnamed,building,4.0,Very High,3.270022,6.4727452
1258948263,Unnamed,building,0.0,NoData,3.2247369,6.4057047
1258247980,Unnamed,building,3.0,High,3.2643571,6.4459094
1270917057,Unnamed,building,4.0,Very High,3.2583524,6.5095927
1258621344,Unnamed,building,2.0,Moderate,3.2730748,6.4687514
1263515329,Unnamed,building,2.0,Moderate,3.27876,6.5054089
1257790431,Unnamed,building,4.0,Very High,3.2623523,6.4416358
1257529060,Unnamed,building,3.0,High,3.2923941,6.4766981
1263114304,Unnamed,building,2.0,Moderate,3.2761851,6.5096225
1267009472,Unnamed,building,2.0,Moderate,3.2497042,6.4611039
1275719073,Unnamed,building,2.0,Moderate,3.292935,6.5180071
1258219213,Unnamed,building,4.0,Very High,3.271425,6.4469529
1269878274,Unnamed,building,4.0,Very High,3.2427195,6.5171649
1258152889,Unnamed,building,4.0,Very High,3.2844796,6.4432703
1266814655,Unnamed,building,3.0,High,3.2783853,6.4405528
1262054554,Unnamed,building,3.0,High,3.2631158,6.501318
1259679339,Unnamed,building,4.0,Very High,3.2461835,6.5224314
1258046378,Unnamed,building,4.0,Very High,3.2958787,6.4523041
1258625981,Unnamed,building,3.0,High,3.2510934,6.4668425
1259329933,Unnamed,building,3.0,High,3.27161,6.5001448
1258180817,Unnamed,building,3.0,High,3.2605217,6.4541076
1257988272,Unnamed,building,3.0,High,3.2713678,6.4714108
1258689710,Unnamed,building,4.0,Very High,3.23584,6.4576288
1258565900,Unnamed,building,4.0,Very High,3.2359469,6.444514
1259637663,Unnamed,building,4.0,Very High,3.2576121,6.5160685
1257832182,Unnamed,building,3.0,High,3.3109305,6.4485474
1260627001,Unnamed,building,2.0,Moderate,3.2435494,6.5109205
1258453267,Unnamed,building,3.0,High,3.2940159,6.4668829
1260528882,Unnamed,building,3.0,High,3.2629595,6.4992181
1257455673,Unnamed,building,1.0,Low,3.2613463,6.4369814
1258014373,Unnamed,building,0.0,NoData,3.3071076,6.4659936
1258662929,Unnamed,building,0.0,NoData,3.3249715,6.4430605
1258690120,Unnamed,building,3.0,High,3.2715642,6.4567512
1267732858,Unnamed,building,2.0,Moderate,3.2235844,6.4465886
1258267248,Unnamed,building,3.0,High,3.2802991,6.4362361
1258580717,Unnamed,building,3.0,High,3.2865958,6.4642089
1263179546,Unnamed,building,0.0,NoData,3.2312287,6.5250748
1258446989,Unnamed,building,4.0,Very High,3.2914053,6.4564671
1260633774,Unnamed,building,4.0,Very High,3.2444361,6.5164029
1258249992,Unnamed,building,2.0,Moderate,3.2928515,6.4734553
1267238524,Unnamed,building,0.0,NoData,3.210402,6.4512226
1258219251,Unnamed,building,3.0,High,3.2713324,6.4485945
1258150383,Unnamed,building,4.0,Very High,3.26525,6.4307307
1276481850,Unnamed,building,2.0,Moderate,3.3028643,6.4941152
1262540091,Unnamed,building,4.0,Very High,3.2281533,6.5067069
1276501895,Unnamed,building,0.0,NoData,3.3084418,6.4881861
1258508757,Unnamed,building,0.0,NoData,3.2580115,6.4069251
1260647576,Unnamed,building,4.0,Very High,3.2438813,6.5190928
1263669653,Unnamed,building,3.0,High,3.2691551,6.5171716
1258247953,Unnamed,building,4.0,Very High,3.2653935,6.4460669
1268109724,Unnamed,building,0.0,NoData,3.2199798,6.5192979
1262069251,Unnamed,building,2.0,Moderate,3.2267211,6.5212675
1258661804,Unnamed,building,4.0,Very High,3.2836223,6.4582498
1276430060,Unnamed,building,4.0,Very High,3.2962549,6.4893551
1267625032,Unnamed,building,3.0,High,3.2269362,6.4579267
1276457822,Unnamed,building,0.0,NoData,3.3112268,6.49705
1263472023,Unnamed,building,3.0,High,3.2644202,6.504306
1257566821,Unnamed,building,2.0,Moderate,3.2975332,6.4662121
1258027121,Unnamed,building,4.0,Very High,3.3105413,6.4509946
1260662606,Unnamed,building,4.0,Very High,3.2481211,6.5195301
1257889736,Unnamed,building,3.0,High,3.2488551,6.4619998
1258956068,Unnamed,building,0.0,NoData,3.2647643,6.4134752
1267761816,Unnamed,building,3.0,High,3.2214875,6.443835
1266121828,Unnamed,building,0.0,NoData,3.2479071,6.4216417
1257514015,Unnamed,building,4.0,Very High,3.2572037,6.4417485
1268103748,Unnamed,building,0.0,NoData,3.2328884,6.5229962
1258442502,Unnamed,building,3.0,High,3.2704502,6.4769638
1262895375,Unnamed,building,4.0,Very High,3.2685727,6.4986092
1267526282,Unnamed,building,4.0,Very High,3.2208795,6.454109
1267310095,Unnamed,building,4.0,Very High,3.2189903,6.4946396
1258219889,Unnamed,building,2.0,Moderate,3.2750089,6.4743749
1263653230,Unnamed,building,3.0,High,3.2471276,6.4528235
1257368595,Unnamed,building,2.0,Moderate,3.2915301,6.4517259
1137587934,Unnamed,building,3.0,High,3.308068,6.4991735
1260641774,Unnamed,building,2.0,Moderate,3.268725,6.5140881
1275856129,Unnamed,building,3.0,High,3.3066192,6.5099447
1267700357,Unnamed,building,2.0,Moderate,3.2240172,6.4584067
1258292469,Unnamed,building,3.0,High,3.2976071,6.4842556
1257785250,Unnamed,building,3.0,High,3.2928341,6.4743712
1262775133,Unnamed,building,2.0,Moderate,3.2644291,6.5163133
1275581362,Unnamed,building,0.0,NoData,3.308533,6.5192117
1263159492,Unnamed,building,0.0,NoData,3.228623,6.5245264
1263110419,Unnamed,building,1.0,Low,3.272888,6.5102315
1257550844,Unnamed,building,3.0,High,3.2967685,6.4671521
1268967565,Unnamed,building,3.0,High,3.2589736,6.5016871
1258636528,Unnamed,building,3.0,High,3.2769231,6.4678498
1259532795,Unnamed,building,1.0,Low,3.2523075,6.5070299
1258481871,Unnamed,building,4.0,Very High,3.2609961,6.4553981
1257979951,Unnamed,building,3.0,High,3.2904925,6.4631676
1258831739,Unnamed,building,0.0,NoData,3.3428593,6.4144699
1261952397,Unnamed,building,3.0,High,3.2404225,6.4842981
1257488426,Unnamed,building,1.0,Low,3.2787115,6.4415489
1261795122,Unnamed,building,3.0,High,3.2629987,6.5046769
1267766148,Unnamed,building,4.0,Very High,3.2782322,6.4675172
1260678574,Unnamed,building,0.0,NoData,3.2787177,6.5181341
1258695122,Unnamed,building,3.0,High,3.2822424,6.4546898
1267513242,Unnamed,building,3.0,High,3.2176291,6.4542396
1258339756,Unnamed,building,3.0,High,3.2613972,6.4700467
1267713457,Unnamed,building,3.0,High,3.2136915,6.4634906
1267660724,Unnamed,building,2.0,Moderate,3.2256249,6.4920345
1258700034,Unnamed,building,4.0,Very High,3.2939899,6.484126
1266598940,Unnamed,building,4.0,Very High,3.2879924,6.4784067
1257790474,Unnamed,building,4.0,Very High,3.2617055,6.4435221
1259329756,Unnamed,building,3.0,High,3.2732755,6.5006588
1258984900,Unnamed,building,4.0,Very High,3.269617,6.4470107
1262194222,Unnamed,building,1.0,Low,3.2435608,6.5125231
1257792150,Unnamed,building,4.0,Very High,3.2958982,6.4577823
1258596094,Unnamed,building,3.0,High,3.2776284,6.4707499
1258596161,Unnamed,building,2.0,Moderate,3.2785019,6.4682268
1258447084,Unnamed,building,3.0,High,3.2917292,6.4557015
1259497329,Unnamed,building,1.0,Low,3.2607037,6.5086262
1258436605,Unnamed,building,2.0,Moderate,3.2299775,6.4496491
1262122393,Unnamed,building,3.0,High,3.2602803,6.5109306
1257842012,Unnamed,building,1.0,Low,3.272301,6.4635685
1257430441,Unnamed,building,4.0,Very High,3.2517444,6.4440291
1276457838,Unnamed,building,2.0,Moderate,3.3103262,6.4958424
1261892711,Unnamed,building,4.0,Very High,3.2486777,6.5220625
1270916996,Unnamed,building,3.0,High,3.2578436,6.5162091
1257630474,Unnamed,building,3.0,High,3.2598293,6.4376472
1262444149,Unnamed,building,4.0,Very High,3.2422088,6.5201287
1258713239,Unnamed,building,4.0,Very High,3.3004479,6.4397913
1257493396,Unnamed,building,4.0,Very High,3.258919,6.4416607
1266814149,Unnamed,building,4.0,Very High,3.3234201,6.4189281
1257834435,Unnamed,building,2.0,Moderate,3.3081767,6.440162
1276244475,Unnamed,building,3.0,High,3.295368,6.4960793
1262885762,Unnamed,building,1.0,Low,3.2743432,6.5161681
1258684436,Unnamed,building,2.0,Moderate,3.2727876,6.4636716
1257583855,Unnamed,building,3.0,High,3.2557126,6.4406177
1267621374,Unnamed,building,4.0,Very High,3.2318033,6.4762046
1263117959,Unnamed,building,2.0,Moderate,3.2756888,6.5177244
1275567430,Unnamed,building,2.0,Moderate,3.3073071,6.5244218
1259319367,Unnamed,building,3.0,High,3.2768228,6.5009044
1267504914,Unnamed,building,0.0,NoData,3.2086218,6.4565996
1258599595,Unnamed,building,2.0,Moderate,3.255457,6.45869
1263735391,Unnamed,building,2.0,Moderate,3.2623667,6.4987927
1257817299,Unnamed,building,3.0,High,3.3019082,6.4672956
1267764735,Unnamed,building,2.0,Moderate,3.2787044,6.4570521
1260594443,Unnamed,building,3.0,High,3.2508797,6.5143714
1258388771,Unnamed,building,1.0,Low,3.2698306,6.4225915
1276236865,Unnamed,building,4.0,Very High,3.2917898,6.498455
1272523348,Unnamed,building,4.0,Very High,3.2327139,6.45751
1263644072,Unnamed,building,4.0,Very High,3.2368805,6.5209252
1267617351,Unnamed,building,2.0,Moderate,3.2299179,6.4805959
1268726587,Unnamed,building,2.0,Moderate,3.2875873,6.4789829
1276192516,Unnamed,building,2.0,Moderate,3.2956513,6.5055302
1262931865,Unnamed,building,2.0,Moderate,3.2527009,6.5123393
1262054555,Unnamed,building,3.0,High,3.2630503,6.501214
1257810007,Unnamed,building,2.0,Moderate,3.3102707,6.4391283
1276356651,Unnamed,building,4.0,Very High,3.2946077,6.4910059
1258190323,Unnamed,building,1.0,Low,3.2481123,6.4724551
1258762501,Unnamed,building,4.0,Very High,3.3142245,6.4378462
1267674970,Unnamed,building,3.0,High,3.2292774,6.4495382
1258684831,Unnamed,building,4.0,Very High,3.2709633,6.4587463
1276225273,Unnamed,building,4.0,Very High,3.2949445,6.4989795
1258016074,Unnamed,building,4.0,Very High,3.3073382,6.4560406
1257980990,Unnamed,building,4.0,Very High,3.3018203,6.4805206
1257422962,Unnamed,building,4.0,Very High,3.3054809,6.4569601
1257972968,Unnamed,building,3.0,High,3.2741469,6.4700993
1276514513,Unnamed,building,4.0,Very High,3.292557,6.4856579
1276246029,Unnamed,building,4.0,Very High,3.2916174,6.4968221
1258016319,Unnamed,building,3.0,High,3.2487035,6.4677998
1257422968,Unnamed,building,2.0,Moderate,3.3043854,6.4567751
1269092917,Unnamed,building,3.0,High,3.234583,6.5167776
1267514545,Unnamed,building,3.0,High,3.2136629,6.4505798
1268118440,Unnamed,building,2.0,Moderate,3.296106,6.4694059
1262614461,Unnamed,building,3.0,High,3.2619041,6.4978076
1258223625,Unnamed,building,4.0,Very High,3.2593814,6.4692218
1258662631,Unnamed,building,3.0,High,3.2830634,6.4622017
1257386480,Unnamed,building,1.0,Low,3.2694448,6.4391979
1257790457,Unnamed,building,3.0,High,3.2602908,6.4410652
1268967469,Unnamed,building,2.0,Moderate,3.2579702,6.5034852
1262531294,Unnamed,building,1.0,Low,3.2244535,6.5024475
1266422286,Unnamed,building,4.0,Very High,3.2282795,6.4413355
1259532742,Unnamed,building,3.0,High,3.2525975,6.5081411
1267106749,Unnamed,building,3.0,High,3.2727714,6.4753934
1270799535,Unnamed,building,2.0,Moderate,3.2840339,6.5093516
1262599701,Unnamed,building,3.0,High,3.2457745,6.5009491
1258569343,Unnamed,building,4.0,Very High,3.2776629,6.4627636
1257954206,Unnamed,building,3.0,High,3.2542688,6.4415187
1258574838,Unnamed,building,3.0,High,3.2357499,6.4435946
1277830979,Unnamed,building,3.0,High,3.2913311,6.5040333
1261992865,Unnamed,building,2.0,Moderate,3.268781,6.5095884
1257829623,Unnamed,building,3.0,High,3.3027622,6.4735786
1276217415,Unnamed,building,2.0,Moderate,3.3041599,6.5005734
1257810070,Unnamed,building,3.0,High,3.3100515,6.4405209
1276457867,Unnamed,building,0.0,NoData,3.3113501,6.4958303
1263201025,Unnamed,building,3.0,High,3.2481153,6.5080125
1258801196,Unnamed,building,0.0,NoData,3.2552918,6.4246975
1257364227,Unnamed,building,3.0,High,3.2942997,6.4494155
1258453216,Unnamed,building,1.0,Low,3.2945018,6.465614
1258219233,Unnamed,building,3.0,High,3.2716424,6.4484452
1263730706,Unnamed,building,1.0,Low,3.2421638,6.5086905
1262129776,Unnamed,building,4.0,Very High,3.2349678,6.5035779
1258610419,Unnamed,building,3.0,High,3.2850021,6.4701485
1266656775,Unnamed,building,2.0,Moderate,3.2371926,6.4539708
1257654228,Unnamed,building,3.0,High,3.277407,6.4777619
1260594339,Unnamed,building,3.0,High,3.250049,6.5133764
1257513287,Unnamed,building,3.0,High,3.2873857,6.4659425
1273084493,Unnamed,building,3.0,High,3.2188364,6.4517826
617767604,Unnamed,building,0.0,NoData,3.2654472,6.4238132
1275785562,Unnamed,building,4.0,Very High,3.3053679,6.5134666
1262187556,Unnamed,building,2.0,Moderate,3.2465457,6.511681
1260681145,Unnamed,building,4.0,Very High,3.2498691,6.5183819
1267634214,Unnamed,building,2.0,Moderate,3.2306458,6.4544622
1263558045,Unnamed,building,3.0,High,3.2666718,6.5102165
1263609614,Unnamed,building,0.0,NoData,3.2375768,6.5239514
1257631311,Unnamed,building,3.0,High,3.3022105,6.4480577
1263457191,Unnamed,building,3.0,High,3.2755847,6.5214886
1268726588,Unnamed,building,4.0,Very High,3.2853091,6.4790053
1258702881,Unnamed,building,0.0,NoData,3.3319638,6.4198166
1257628047,Unnamed,building,4.0,Very High,3.2889973,6.4463214
1258621098,Unnamed,building,3.0,High,3.2834839,6.4727289
1261400036,Unnamed,building,3.0,High,3.2235416,6.5107486
1257528738,Unnamed,building,3.0,High,3.2546762,6.4644471
1262614410,Unnamed,building,1.0,Low,3.2628553,6.4958977
1258197627,Unnamed,building,2.0,Moderate,3.2594981,6.4544769
1257829097,Unnamed,building,4.0,Very High,3.2501952,6.4419167
1262194205,Unnamed,building,2.0,Moderate,3.242439,6.5120075
1257397758,Unnamed,building,3.0,High,3.2521835,6.4503226
1257370592,Unnamed,building,3.0,High,3.2662507,6.4400222
1262964961,Unnamed,building,2.0,Moderate,3.2708413,6.5051079
1258312755,Unnamed,building,1.0,Low,3.2597578,6.4607908
1276225298,Unnamed,building,3.0,High,3.2955151,6.5003545
1258631902,Unnamed,building,3.0,High,3.2425365,6.4702785
1262885760,Unnamed,building,1.0,Low,3.274214,6.5159611
1262965084,Unnamed,building,3.0,High,3.2699643,6.503693
1262938494,Unnamed,building,4.0,Very High,3.2490771,6.513361
1267720775,Unnamed,building,0.0,NoData,3.2103619,6.4479756
713775737,Unnamed,building,3.0,High,3.2754655,6.4514565
1258231179,Unnamed,building,3.0,High,3.2451528,6.4471853
1258227092,Unnamed,building,3.0,High,3.2764316,6.4742611
1258125030,Unnamed,building,1.0,Low,3.299028,6.4834768
1275531237,Unnamed,building,3.0,High,3.304697,6.5209159
1272366326,Unnamed,building,3.0,High,3.2670887,6.5114562
1257424302,Unnamed,building,4.0,Very High,3.2601151,6.451707
1262187605,Unnamed,building,1.0,Low,3.2468583,6.5108283
1259630336,Unnamed,building,3.0,High,3.2575131,6.5188805
1261841524,Unnamed,building,2.0,Moderate,3.2236676,6.5138698
1261797286,Unnamed,building,1.0,Low,3.2266673,6.5088703
1261851304,Unnamed,building,4.0,Very High,3.2803213,6.4981867
1262132221,Unnamed,building,1.0,Low,3.2371356,6.5063301
1263484676,Unnamed,building,2.0,Moderate,3.2751642,6.5060695
1259669505,Unnamed,building,0.0,NoData,3.2515116,6.5236448
1262166193,Unnamed,building,2.0,Moderate,3.2774925,6.5155299
1259769449,Unnamed,building,4.0,Very High,3.2323968,6.5220315
1257679539,Unnamed,building,2.0,Moderate,3.2750586,6.4790058
1258418190,Unnamed,building,3.0,High,3.2593172,6.4232197
1258834532,Unnamed,building,1.0,Low,3.2549751,6.414536
1259329738,Unnamed,building,3.0,High,3.2714957,6.4986656
1257556448,Unnamed,building,3.0,High,3.2557545,6.4692293
1259072881,Unnamed,building,2.0,Moderate,3.2463758,6.5143437
1258373420,Unnamed,building,3.0,High,3.2620288,6.4604907
1275283106,Unnamed,building,0.0,NoData,3.3080337,6.5270974
1257401876,Unnamed,building,2.0,Moderate,3.2642755,6.4391755
1263484664,Unnamed,building,3.0,High,3.2740605,6.503735
1275856046,Unnamed,building,3.0,High,3.30638,6.5104175
1260662799,Unnamed,building,3.0,High,3.2489028,6.5192562
1257641492,Unnamed,building,3.0,High,3.2533866,6.4404831
1258439693,Unnamed,building,3.0,High,3.266034,6.465099
1257954250,Unnamed,building,4.0,Very High,3.2526006,6.4415198
1275546457,Unnamed,building,2.0,Moderate,3.3069058,6.5206859
1275427632,Unnamed,building,0.0,NoData,3.2946155,6.5238048
1258247879,Unnamed,building,3.0,High,3.2643544,6.4449241
1263467040,Unnamed,building,4.0,Very High,3.2744757,6.4975107
1275769915,Unnamed,building,2.0,Moderate,3.2980057,6.5160073
1257994914,Unnamed,building,3.0,High,3.2343295,6.4716053
1083914157,Unnamed,building,2.0,Moderate,3.2259895,6.4462463
1275488439,Unnamed,building,0.0,NoData,3.2919941,6.5231
1263471958,Unnamed,building,2.0,Moderate,3.2651134,6.506003
1267660702,Unnamed,building,2.0,Moderate,3.2256778,6.4913951
1258829436,Unnamed,building,0.0,NoData,3.2540271,6.4059631
1263517017,Unnamed,building,3.0,High,3.2466081,6.5005374
1258199975,Unnamed,building,3.0,High,3.2497162,6.4732519
1262064644,Unnamed,building,4.0,Very High,3.2654809,6.5119919
1258594761,Unnamed,building,3.0,High,3.2855397,6.4057277
1267309979,Unnamed,building,4.0,Very High,3.2190388,6.4937696
1263550306,Unnamed,building,2.0,Moderate,3.25534,6.5061367
1267784494,Unnamed,building,4.0,Very High,3.2250562,6.4408487
1268098700,Unnamed,building,1.0,Low,3.2845736,6.4775234
1263452974,Unnamed,building,4.0,Very High,3.2820519,6.5030194
1276411973,Unnamed,building,3.0,High,3.3033437,6.4961421
1257641532,Unnamed,building,3.0,High,3.2531403,6.4386979
1257427631,Unnamed,building,3.0,High,3.2676633,6.4375648
1275531217,Unnamed,building,2.0,Moderate,3.3046787,6.5200022
1275726556,Unnamed,building,2.0,Moderate,3.2949963,6.5190771
1259804374,Unnamed,building,2.0,Moderate,3.2686344,6.5030897
1258640864,Unnamed,building,2.0,Moderate,3.3195057,6.442336
1261410736,Unnamed,building,3.0,High,3.2272555,6.509712
1267443949,Unnamed,building,3.0,High,3.2165269,6.4479166
1259424659,Unnamed,building,3.0,High,3.2714507,6.502965
1257810024,Unnamed,building,3.0,High,3.3106383,6.4394368
1258261744,Unnamed,building,2.0,Moderate,3.2586396,6.4632614
1257785539,Unnamed,building,4.0,Very High,3.2600612,6.4466492
1263555198,Unnamed,building,4.0,Very High,3.2600357,6.5065743
1257467208,Unnamed,building,2.0,Moderate,3.2743386,6.4394456
1259804202,Unnamed,building,2.0,Moderate,3.2702642,6.5011207
1267572940,Unnamed,building,3.0,High,3.2294677,6.4523575
1275766608,Unnamed,building,4.0,Very High,3.3040981,6.5117939
1258669676,Unnamed,building,2.0,Moderate,3.2985583,6.4584588
1259507775,Unnamed,building,2.0,Moderate,3.2537446,6.4897801
1257836730,Unnamed,building,4.0,Very High,3.2995923,6.4747637
1258067414,Unnamed,building,3.0,High,3.2806554,6.473552
1259329884,Unnamed,building,4.0,Very High,3.2720447,6.4999482
1258571323,Unnamed,building,3.0,High,3.2751294,6.4651464
1275302378,Unnamed,building,0.0,NoData,3.3108819,6.5280081
1276193071,Unnamed,building,3.0,High,3.3004107,6.5021319
1257504777,Unnamed,building,0.0,NoData,3.3057071,6.4747067
1258597008,Unnamed,building,4.0,Very High,3.3041231,6.4498003
1275260265,Unnamed,building,0.0,NoData,3.30562,6.5276695
1257783720,Unnamed,building,2.0,Moderate,3.2933523,6.4588193
1275745457,Unnamed,building,3.0,High,3.3004206,6.5168465
1257480918,Unnamed,building,1.0,Low,3.2516878,6.4764958
1258190242,Unnamed,building,2.0,Moderate,3.2490011,6.4712856
1275766838,Unnamed,building,4.0,Very High,3.303918,6.5131472
1257980745,Unnamed,building,3.0,High,3.2552708,6.4633144
1257487556,Unnamed,building,3.0,High,3.2518035,6.4748061
1263550341,Unnamed,building,2.0,Moderate,3.2566558,6.5045917
1263433153,Unnamed,building,2.0,Moderate,3.239832,6.5013497
1257397698,Unnamed,building,3.0,High,3.2540421,6.4491686
1257869572,Unnamed,building,3.0,High,3.3112647,6.4450041
1261841533,Unnamed,building,2.0,Moderate,3.2230331,6.5137111
1258831863,Unnamed,building,2.0,Moderate,3.3157129,6.4202047
1262910941,Unnamed,building,3.0,High,3.2659862,6.5039558
1263176357,Unnamed,building,2.0,Moderate,3.2514009,6.5069524
1263729234,Unnamed,building,3.0,High,3.283178,6.4895949
1263151117,Unnamed,building,2.0,Moderate,3.2747966,6.5009783
1262103599,Unnamed,building,2.0,Moderate,3.2319897,6.5063424
1257998163,Unnamed,building,1.0,Low,3.2637461,6.4683772
1263147169,Unnamed,building,2.0,Moderate,3.2401818,6.5211605
1258191960,Unnamed,building,4.0,Very High,3.3035245,6.4535537
1259174424,Unnamed,building,2.0,Moderate,3.255241,6.5200692
1258415974,Unnamed,building,3.0,High,3.2579947,6.421952
1260528897,Unnamed,building,3.0,High,3.2640109,6.4985049
1258702971,Unnamed,building,0.0,NoData,3.332551,6.4207302
1263704546,Unnamed,building,1.0,Low,3.2737657,6.493092
1276158565,Unnamed,building,3.0,High,3.2950782,6.5086593
1266508821,Unnamed,building,4.0,Very High,3.3193284,6.4402812
1258599699,Unnamed,building,1.0,Low,3.2549285,6.4589446
1262428387,Unnamed,building,2.0,Moderate,3.256015,6.5091526
1257583804,Unnamed,building,2.0,Moderate,3.2556452,6.4394142
1263704658,Unnamed,building,3.0,High,3.2699649,6.4974343
1257401973,Unnamed,building,3.0,High,3.2650157,6.4407892
1263647892,Unnamed,building,4.0,Very High,3.2776122,6.5106661
1263710445,Unnamed,building,2.0,Moderate,3.2716044,6.497212
1258547840,Unnamed,building,2.0,Moderate,3.2336015,6.4502586
1267033218,Unnamed,building,4.0,Very High,3.3010471,6.4770627
1261399957,Unnamed,building,4.0,Very High,3.2238908,6.5114732
1258415959,Unnamed,building,3.0,High,3.2574923,6.422529
1257488441,Unnamed,building,1.0,Low,3.2780862,6.4419185
1267448135,Unnamed,building,3.0,High,3.2149151,6.4530421
1258861362,Unnamed,building,2.0,Moderate,3.2527766,6.4128726
1257833176,Unnamed,building,2.0,Moderate,3.2731387,6.4449424
1258760664,Unnamed,building,2.0,Moderate,3.3168805,6.4353002
1137584455,Unnamed,building,1.0,Low,3.2999223,6.5001841
1262895570,Unnamed,building,2.0,Moderate,3.2693416,6.4999822
1263710401,Unnamed,building,4.0,Very High,3.2728741,6.4974867
1259312545,Unnamed,building,2.0,Moderate,3.2798576,6.5069
1263609611,Unnamed,building,0.0,NoData,3.2380143,6.5242697
1258596077,Unnamed,building,2.0,Moderate,3.2778308,6.4688949
1262208381,Unnamed,building,4.0,Very High,3.2414068,6.5129647
1267530048,Unnamed,building,4.0,Very High,3.2218853,6.4531371
1258767708,Unnamed,building,4.0,Very High,3.3218986,6.4351873
1257600028,Unnamed,building,2.0,Moderate,3.2722688,6.4371992
1275302248,Unnamed,building,0.0,NoData,3.3107545,6.5271155
1267619356,Unnamed,building,3.0,High,3.2126076,6.4538164
1261807826,Unnamed,building,3.0,High,3.2220566,6.5075637
1257842083,Unnamed,building,2.0,Moderate,3.2733846,6.4632226
1257585920,Unnamed,building,0.0,NoData,3.305883,6.468747
1261892641,Unnamed,building,4.0,Very High,3.2468879,6.5206362
1257972962,Unnamed,building,3.0,High,3.2739771,6.4693612
1272525730,Unnamed,building,4.0,Very High,3.2231489,6.443787
1258711465,Unnamed,building,0.0,NoData,3.2152768,6.405378
1263692163,Unnamed,building,3.0,High,3.2534279,6.5013324
1261666279,Unnamed,building,4.0,Very High,3.2637418,6.5200792
1267033240,Unnamed,building,3.0,High,3.2996322,6.4764055
1258569392,Unnamed,building,2.0,Moderate,3.2783447,6.46415
1257366370,Unnamed,building,3.0,High,3.290406,6.450579
1268617358,Unnamed,building,3.0,High,3.2497864,6.4988083
1275491902,Unnamed,building,4.0,Very High,3.3049321,6.5233103
1271743478,Unnamed,building,4.0,Very High,3.2765433,6.5173732
1267541119,Unnamed,building,4.0,Very High,3.2242207,6.4608075
1262965068,Unnamed,building,3.0,High,3.2694699,6.5048065
1263732283,Unnamed,building,4.0,Very High,3.2746432,6.4993024
1257513011,Unnamed,building,4.0,Very High,3.264645,6.4415725
1262367785,Unnamed,building,2.0,Moderate,3.2445512,6.4973104
1258581302,Unnamed,building,4.0,Very High,3.2361914,6.440728
1258327325,Unnamed,building,3.0,High,3.2600748,6.4593247
1257631343,Unnamed,building,3.0,High,3.3027892,6.4467248
1257467218,Unnamed,building,4.0,Very High,3.2761704,6.4394431
1258513760,Unnamed,building,4.0,Very High,3.2380836,6.4488786
1262068900,Unnamed,building,0.0,NoData,3.271896,6.524249
1258445845,Unnamed,building,3.0,High,3.2579267,6.4295957
1276218906,Unnamed,building,4.0,Very High,3.2943037,6.4897951
1258743968,Unnamed,building,4.0,Very High,3.2838192,6.4062638
1267619240,Unnamed,building,3.0,High,3.2131693,6.4529997
1275735481,Unnamed,building,3.0,High,3.2952157,6.5151968
1267536726,Unnamed,building,4.0,Very High,3.230767,6.4784171
1258447801,Unnamed,building,3.0,High,3.3071161,6.4418687
1257519148,Unnamed,building,2.0,Moderate,3.2889497,6.4675708
1258508685,Unnamed,building,0.0,NoData,3.2593993,6.4062226
1276472198,Unnamed,building,2.0,Moderate,3.3093873,6.4929636
1257966506,Unnamed,building,2.0,Moderate,3.2542125,6.435452
707257729,Unnamed,building,4.0,Very High,3.3019305,6.4620146
1261838862,Unnamed,building,4.0,Very High,3.2831855,6.4961628
1276430076,Unnamed,building,4.0,Very High,3.2971457,6.4886324
1262964984,Unnamed,building,4.0,Very High,3.2706297,6.505736
1257775069,Unnamed,building,4.0,Very High,3.3073758,6.4488486
1260550507,Unnamed,building,2.0,Moderate,3.2448867,6.4986169
670579694,Unnamed,building,3.0,High,3.2528132,6.4201653
1257599986,Unnamed,building,3.0,High,3.2729518,6.4373338
1267718692,Unnamed,building,4.0,Very High,3.2249759,6.4500029
1259686766,Unnamed,building,4.0,Very High,3.2446488,6.5199966
1275506003,Unnamed,building,0.0,NoData,3.2887689,6.5233982
1257520331,Unnamed,building,3.0,High,3.2761441,6.4504644
1257892187,Unnamed,building,2.0,Moderate,3.2828195,6.4641931
1258188776,Unnamed,building,2.0,Moderate,3.2955523,6.4645388
1260540001,Unnamed,building,2.0,Moderate,3.2576527,6.5004208
1258846689,Unnamed,building,3.0,High,3.2550055,6.4196855
1258173765,Unnamed,building,3.0,High,3.2888279,6.4726807
1263151105,Unnamed,building,2.0,Moderate,3.2745564,6.5014432
1275944302,Unnamed,building,4.0,Very High,3.3006374,6.5087696
1261988481,Unnamed,building,4.0,Very High,3.2668845,6.5192727
995183063,Unnamed,building,2.0,Moderate,3.3199565,6.4178435
1258014409,Unnamed,building,0.0,NoData,3.3071922,6.4676496
1262949582,Unnamed,building,3.0,High,3.2510259,6.509434
1267325986,Unnamed,building,0.0,NoData,3.2167787,6.493967
1258194043,Unnamed,building,2.0,Moderate,3.2449094,6.4759528
1257401392,Unnamed,building,4.0,Very High,3.2849115,6.4495249
1263533403,Unnamed,building,2.0,Moderate,3.2584901,6.4920459
1263701244,Unnamed,building,4.0,Very High,3.2566839,6.4978877
1257421613,Unnamed,building,3.0,High,3.2760056,6.4396004
1258702813,Unnamed,building,0.0,NoData,3.3337703,6.4195208
1259319189,Unnamed,building,3.0,High,3.277113,6.5008165
1275491874,Unnamed,building,4.0,Very High,3.3051242,6.5238834
1258208516,Unnamed,building,3.0,High,3.2451314,6.4712502
1137584336,Unnamed,building,3.0,High,3.3070475,6.5002789
1275527173,Unnamed,building,3.0,High,3.295181,6.5211692
1257789194,Unnamed,building,4.0,Very High,3.3016753,6.456297
1258628528,Unnamed,building,2.0,Moderate,3.2750412,6.4727704
1258760956,Unnamed,building,4.0,Very High,3.2952446,6.4513797
1262968742,Unnamed,building,3.0,High,3.2537057,6.5152715
1263726991,Unnamed,building,2.0,Moderate,3.2646264,6.4931056
1260662866,Unnamed,building,4.0,Very High,3.247349,6.5177658
1262201774,Unnamed,building,1.0,Low,3.229572,6.5024033
1257470308,Unnamed,building,3.0,High,3.2806508,6.4344898
1261829167,Unnamed,building,3.0,High,3.287345,6.4980345
1261666198,Unnamed,building,4.0,Very High,3.2638029,6.5213394
1263267421,Unnamed,building,4.0,Very High,3.2329702,6.5143834
1257811145,Unnamed,building,3.0,High,3.2443212,6.4526864
1257625523,Unnamed,building,3.0,High,3.266951,6.4490946
1262367779,Unnamed,building,3.0,High,3.2447447,6.4977149
1263772346,Unnamed,building,4.0,Very High,3.2836027,6.4987588
1268617332,Unnamed,building,3.0,High,3.2514505,6.4993648
1262221702,Unnamed,building,4.0,Very High,3.2239498,6.5051864
653116892,Unnamed,building,1.0,Low,3.3185092,6.4169766
1262130178,Unnamed,building,3.0,High,3.2785481,6.5138998
1257889799,Unnamed,building,4.0,Very High,3.2475756,6.4600386
1258409066,Unnamed,building,2.0,Moderate,3.283476,6.4678998
671813849,Unnamed,building,0.0,NoData,3.2147098,6.4701199
1263018521,Unnamed,building,3.0,High,3.2595704,6.496131
1258219112,Unnamed,building,3.0,High,3.2724548,6.4473323
1257498438,Unnamed,building,2.0,Moderate,3.2512039,6.4706886
1258670024,Unnamed,building,3.0,High,3.3023817,6.443787
1267340802,Unnamed,building,2.0,Moderate,3.2241993,6.4932758
1263283509,Unnamed,building,3.0,High,3.2293223,6.5159822
1267775842,Unnamed,building,3.0,High,3.2241919,6.4423856
1276187978,Unnamed,building,1.0,Low,3.2966751,6.5049338
1257530729,Unnamed,building,4.0,Very High,3.2706709,6.4739758
1262504148,Unnamed,building,4.0,Very High,3.2658798,6.5210354
1276411979,Unnamed,building,3.0,High,3.3037507,6.4954781
1258625061,Unnamed,building,2.0,Moderate,3.2526188,6.4630588
1258393613,Unnamed,building,4.0,Very High,3.2830956,6.4687614
1270352759,Unnamed,building,3.0,High,3.2552166,6.5158502
1275543517,Unnamed,building,4.0,Very High,3.2899728,6.5208576
1276225282,Unnamed,building,3.0,High,3.2956453,6.4991792
995325092,Unnamed,building,4.0,Very High,3.3320806,6.4185332
1268611610,Unnamed,building,3.0,High,3.2481554,6.4988283
1263735437,Unnamed,building,3.0,High,3.2626013,6.4999214
1267732984,Unnamed,building,2.0,Moderate,3.2227865,6.4473264
1257764530,Unnamed,building,3.0,High,3.2940128,6.4569961
1260681464,Unnamed,building,4.0,Very High,3.2512272,6.5187016
1272963339,Unnamed,building,4.0,Very High,3.2298452,6.4568523
1258426647,Unnamed,building,3.0,High,3.2604532,6.4594935
1267617334,Unnamed,building,4.0,Very High,3.2291307,6.4801495
1267320388,Unnamed,building,4.0,Very High,3.2230453,6.4918176
1258670005,Unnamed,building,2.0,Moderate,3.3036923,6.443906
1257789134,Unnamed,building,3.0,High,3.3025671,6.4554375
1257817775,Unnamed,building,3.0,High,3.2749082,6.4623483
1258659097,Unnamed,building,3.0,High,3.2899765,6.4648006
1263699466,Unnamed,building,4.0,Very High,3.2581204,6.4929532
1267761827,Unnamed,building,4.0,Very High,3.2204755,6.4441659
1257891355,Unnamed,building,0.0,NoData,3.3251717,6.4365897
1262910999,Unnamed,building,1.0,Low,3.2667323,6.5038718
1262129971,Unnamed,building,3.0,High,3.2771039,6.5127078
1275567358,Unnamed,building,3.0,High,3.3068675,6.5230704
1266798488,Unnamed,building,2.0,Moderate,3.2702829,6.4447629
1258566069,Unnamed,building,2.0,Moderate,3.29834,6.4642428
1257513344,Unnamed,building,3.0,High,3.2870621,6.466538
1266809304,Unnamed,building,3.0,High,3.3261492,6.419362
1276187944,Unnamed,building,4.0,Very High,3.2984548,6.504792
1262210031,Unnamed,building,2.0,Moderate,3.2265391,6.5024091
1266158664,Unnamed,building,0.0,NoData,3.2534466,6.4250193
1276218780,Unnamed,building,3.0,High,3.2981104,6.5005502
1257397656,Unnamed,building,4.0,Very High,3.2525295,6.4494021
1263654165,Unnamed,building,3.0,High,3.2818376,6.5123346
1276433189,Unnamed,building,3.0,High,3.2967093,6.48489
1263018498,Unnamed,building,2.0,Moderate,3.2578908,6.4979437
1258298768,Unnamed,building,3.0,High,3.2626082,6.4233704
1267568749,Unnamed,building,2.0,Moderate,3.2164934,6.4579633
1118286965,Unnamed,building,0.0,NoData,3.3623003,6.4167477
1263727065,Unnamed,building,2.0,Moderate,3.2633028,6.4948198
1275260273,Unnamed,building,4.0,Very High,3.3042498,6.5259783
1267533429,Unnamed,building,4.0,Very High,3.2246026,6.4607129
1258710719,Unnamed,building,3.0,High,3.2740069,6.4608599
1257530726,Unnamed,building,3.0,High,3.2710174,6.4754478
1259652632,Unnamed,building,2.0,Moderate,3.2600384,6.5094248
1275766813,Unnamed,building,4.0,Very High,3.3029591,6.5129797
1258719392,Unnamed,building,3.0,High,3.3001742,6.4503012
1257823228,Unnamed,building,4.0,Very High,3.3024992,6.4684144
1257713816,Unnamed,building,3.0,High,3.2545553,6.4329818
1275527200,Unnamed,building,3.0,High,3.2942653,6.5219899
1258447142,Unnamed,building,3.0,High,3.2929343,6.4557175
1277796671,Unnamed,building,3.0,High,3.2897918,6.5135962
1263767492,Unnamed,building,2.0,Moderate,3.2414061,6.4726351
1258261745,Unnamed,building,2.0,Moderate,3.2583656,6.4632543
1258030423,Unnamed,building,4.0,Very High,3.2811647,6.467883
1258370088,Unnamed,building,3.0,High,3.2725708,6.4621637
1257421496,Unnamed,building,2.0,Moderate,3.274233,6.4389483
1260662636,Unnamed,building,4.0,Very High,3.247156,6.5186243
1258027024,Unnamed,building,4.0,Very High,3.2418483,6.4555785
1267708978,Unnamed,building,2.0,Moderate,3.226065,6.4446351
1263772332,Unnamed,building,3.0,High,3.2845487,6.4999913
1263727070,Unnamed,building,2.0,Moderate,3.2629634,6.4950363
1263724466,Unnamed,building,3.0,High,3.2830766,6.509154
1263177845,Unnamed,building,4.0,Very High,3.2526342,6.4951467
1275531096,Unnamed,building,4.0,Very High,3.3067934,6.5199575
1257385721,Unnamed,building,2.0,Moderate,3.2686195,6.4480359
1257517846,Unnamed,building,3.0,High,3.2571199,6.4299369
1258690123,Unnamed,building,1.0,Low,3.2717146,6.4567587
1257625170,Unnamed,building,2.0,Moderate,3.277521,6.4566763
1257774549,Unnamed,building,4.0,Very High,3.2613939,6.4445966
1258419264,Unnamed,building,4.0,Very High,3.2610716,6.4349319
1259727348,Unnamed,building,0.0,NoData,3.2213876,6.5230394
1257898314,Unnamed,building,0.0,NoData,3.3083354,6.4835777
1263643884,Unnamed,building,0.0,NoData,3.2364602,6.5226939
1272185735,Unnamed,building,3.0,High,3.2558616,6.5084179
1258031933,Unnamed,building,3.0,High,3.295032,6.4539585
1258439013,Unnamed,building,4.0,Very High,3.2843897,6.447825
1258615262,Unnamed,building,2.0,Moderate,3.2507522,6.4628953
1259072844,Unnamed,building,3.0,High,3.2450138,6.5136671
1276484769,Unnamed,building,3.0,High,3.305766,6.5015476
1267487871,Unnamed,building,3.0,High,3.294482,6.4586192
1258426642,Unnamed,building,4.0,Very High,3.2609964,6.4595766
1267688327,Unnamed,building,0.0,NoData,3.3057671,6.4713
1266816639,Unnamed,building,3.0,High,3.259721,6.43725
1276202318,Unnamed,building,2.0,Moderate,3.2958308,6.5018229
1267533485,Unnamed,building,4.0,Very High,3.2250459,6.4613121
1275546414,Unnamed,building,4.0,Very High,3.3073766,6.5206177
1262938583,Unnamed,building,3.0,High,3.2475114,6.5139267
1268214981,Unnamed,building,2.0,Moderate,3.2695353,6.5143322
1261810684,Unnamed,building,3.0,High,3.2550386,6.5191493
1272174087,Unnamed,building,4.0,Very High,3.2498545,6.5097067
1262501829,Unnamed,building,2.0,Moderate,3.2396858,6.5096467
1276202315,Unnamed,building,2.0,Moderate,3.2954339,6.5035812
1275892945,Unnamed,building,4.0,Very High,3.3024531,6.5111878
1276217483,Unnamed,building,2.0,Moderate,3.3019405,6.500213
1260588056,Unnamed,building,4.0,Very High,3.2392266,6.5164871
1259646496,Unnamed,building,2.0,Moderate,3.2582536,6.5133352
1257962023,Unnamed,building,2.0,Moderate,3.2971993,6.4743616
1268116788,Unnamed,building,3.0,High,3.2856424,6.4769123
1258762846,Unnamed,building,4.0,Very High,3.3109731,6.4375579
1276000468,Unnamed,building,2.0,Moderate,3.2963023,6.5134775
1276192552,Unnamed,building,1.0,Low,3.2938523,6.5044246
1258809374,Unnamed,building,0.0,NoData,3.2202283,6.4057629
1267731610,Unnamed,building,4.0,Very High,3.2254841,6.4571129
1262931900,Unnamed,building,2.0,Moderate,3.2520695,6.5137967
1259769451,Unnamed,building,4.0,Very High,3.2325353,6.5222287
1261910002,Unnamed,building,0.0,NoData,3.2446786,6.5228792
1257423041,Unnamed,building,4.0,Very High,3.3050725,6.4545524
1276210438,Unnamed,building,3.0,High,3.2973402,6.5022915
1271990288,Unnamed,building,0.0,NoData,3.2777901,6.5216731
1267666003,Unnamed,building,3.0,High,3.2248743,6.4934994
1258449757,Unnamed,building,3.0,High,3.300933,6.4672266
1262069327,Unnamed,building,2.0,Moderate,3.2260535,6.5204179
1267776517,Unnamed,building,2.0,Moderate,3.2893788,6.4552312
1257521372,Unnamed,building,2.0,Moderate,3.2546212,6.4692152
1261810611,Unnamed,building,2.0,Moderate,3.2556752,6.5188241
1269074360,Unnamed,building,4.0,Very High,3.2991066,6.4592633
1276458015,Unnamed,building,1.0,Low,3.3063104,6.4950671
1267530051,Unnamed,building,3.0,High,3.2240956,6.4535361
1083917782,Unnamed,building,2.0,Moderate,3.2329439,6.4443146
1263184792,Unnamed,building,0.0,NoData,3.2267783,6.5230959
1267701640,Unnamed,building,4.0,Very High,3.2223891,6.4667378
1258513734,Unnamed,building,4.0,Very High,3.2374021,6.4503719
1261795052,Unnamed,building,4.0,Very High,3.2607037,6.5047846
1258180578,Unnamed,building,3.0,High,3.2626886,6.4523268
1258413441,Unnamed,building,4.0,Very High,3.2599458,6.422294
1257488429,Unnamed,building,1.0,Low,3.2785695,6.4416794
1258027098,Unnamed,building,4.0,Very High,3.3103972,6.449619
1257413832,Unnamed,building,4.0,Very High,3.2799803,6.4390492
1258669720,Unnamed,building,2.0,Moderate,3.2977213,6.4590626
1258532557,Unnamed,building,0.0,NoData,3.2665373,6.406855
1257629167,Unnamed,building,4.0,Very High,3.3020293,6.4829911
1262968784,Unnamed,building,3.0,High,3.2527542,6.5152231
1257499542,Unnamed,building,4.0,Very High,3.2698862,6.4358812
1268132184,Unnamed,building,3.0,High,3.2978222,6.4614418
1257836709,Unnamed,building,3.0,High,3.2994637,6.4739476
1257493277,Unnamed,building,4.0,Very High,3.258693,6.4417782
1258237645,Unnamed,building,3.0,High,3.2486244,6.4657552
1257478170,Unnamed,building,4.0,Very High,3.270001,6.4418864
1263736258,Unnamed,building,2.0,Moderate,3.283677,6.4948645
1263147233,Unnamed,building,2.0,Moderate,3.2407244,6.5203393
1276177008,Unnamed,building,4.0,Very High,3.3019495,6.5054934
1262196831,Unnamed,building,3.0,High,3.2907823,6.5061634
1263695368,Unnamed,building,0.0,NoData,3.2204738,6.5225832
1257922344,Unnamed,building,4.0,Very High,3.2920305,6.4811805
995319909,Unnamed,building,4.0,Very High,3.3304063,6.4179385
1258662864,Unnamed,building,0.0,NoData,3.3250236,6.4423957
1262119488,Unnamed,building,4.0,Very High,3.2338368,6.5053849
1257785621,Unnamed,building,2.0,Moderate,3.2590279,6.447889
1268414797,Unnamed,building,2.0,Moderate,3.2564364,6.488938
1260587971,Unnamed,building,4.0,Very High,3.2390526,6.515123
1276187933,Unnamed,building,2.0,Moderate,3.2959072,6.5046072
1260528838,Unnamed,building,2.0,Moderate,3.2650523,6.5000761
1257764976,Unnamed,building,3.0,High,3.2681297,6.4443037
1258620933,Unnamed,building,2.0,Moderate,3.2825852,6.4709807
831197454,Unnamed,building,4.0,Very High,3.2343625,6.4271646
1258255294,Unnamed,building,4.0,Very High,3.2798802,6.441083
1257834776,Unnamed,building,3.0,High,3.3014745,6.4760277
1258016298,Unnamed,building,4.0,Very High,3.2474714,6.4684013
1266122704,Unnamed,building,2.0,Moderate,3.2285442,6.4071556
1257911158,Unnamed,building,2.0,Moderate,3.2748829,6.4445265
1257613624,Unnamed,building,3.0,High,3.2823828,6.4436741
1083910118,Unnamed,building,0.0,NoData,3.2203681,6.4393956
1267656180,Unnamed,building,2.0,Moderate,3.2210712,6.4984826
1257969782,Unnamed,building,4.0,Very High,3.2818252,6.4525232
1275724538,Unnamed,building,2.0,Moderate,3.2884578,6.5150811
1258807547,Unnamed,building,0.0,NoData,3.3350246,6.4201785
1257804144,Unnamed,building,4.0,Very High,3.3030687,6.4592657
1257791774,Unnamed,building,3.0,High,3.3030257,6.4533227
1263237903,Unnamed,building,1.0,Low,3.2396255,6.5174814
1262874954,Unnamed,building,2.0,Moderate,3.2729106,6.518328
1258140978,Unnamed,building,4.0,Very High,3.304297,6.4823817
1276193160,Unnamed,building,2.0,Moderate,3.2955301,6.5036455
1257814718,Unnamed,building,2.0,Moderate,3.2681665,6.448226
1259652615,Unnamed,building,3.0,High,3.2590933,6.5111029
1267718682,Unnamed,building,4.0,Very High,3.2245044,6.4493748
1258413416,Unnamed,building,4.0,Very High,3.2582636,6.4218629
1257798683,Unnamed,building,2.0,Moderate,3.2865997,6.4713516
1258014216,Unnamed,building,3.0,High,3.2972509,6.4496264
1276192556,Unnamed,building,3.0,High,3.2938098,6.5049358
1262910902,Unnamed,building,3.0,High,3.2672634,6.5046198
1258640833,Unnamed,building,4.0,Very High,3.3191413,6.4431125
1263742296,Unnamed,building,1.0,Low,3.2602244,6.489973
1267684051,Unnamed,building,1.0,Low,3.2290838,6.4443347
1262911158,Unnamed,building,2.0,Moderate,3.2665179,6.505946
1276361678,Unnamed,building,0.0,NoData,3.3078265,6.4899741
1275726598,Unnamed,building,3.0,High,3.2945922,6.5187246
1257428805,Unnamed,building,3.0,High,3.2951184,6.4492776
1258625977,Unnamed,building,3.0,High,3.2513791,6.4666259
1257422964,Unnamed,building,4.0,Very High,3.304515,6.4558659
1263702201,Unnamed,building,3.0,High,3.2701537,6.4953084
1263453022,Unnamed,building,4.0,Very High,3.2795445,6.5019329
1285751666,Unnamed,building,2.0,Moderate,3.3590461,6.4151196
1263711034,Unnamed,building,3.0,High,3.2835327,6.5120651
1258720060,Unnamed,building,3.0,High,3.2834367,6.4217928
1267538318,Unnamed,building,3.0,High,3.2145943,6.4587513
1262222399,Unnamed,building,4.0,Very High,3.2397561,6.5141492
1260594281,Unnamed,building,4.0,Very High,3.2508849,6.5118348
1258599579,Unnamed,building,2.0,Moderate,3.2551881,6.4579027
1275402184,Unnamed,building,0.0,NoData,3.2987703,6.5230433
1258669997,Unnamed,building,1.0,Low,3.3037333,6.4442571
1275724585,Unnamed,building,3.0,High,3.2894505,6.5168113
1267540846,Unnamed,building,3.0,High,3.2215019,6.4910922
1276259148,Unnamed,building,4.0,Very High,3.2997078,6.4978335
1258621100,Unnamed,building,3.0,High,3.2835494,6.4726203
1266098427,Unnamed,building,0.0,NoData,3.2506702,6.4057614
1261807824,Unnamed,building,4.0,Very High,3.2224307,6.507716
1263267478,Unnamed,building,3.0,High,3.233827,6.5143329
1276139301,Unnamed,building,4.0,Very High,3.2974463,6.5070326
1257517863,Unnamed,building,0.0,NoData,3.2565552,6.4284129
1257774544,Unnamed,building,4.0,Very High,3.2621006,6.4446654
1262428340,Unnamed,building,3.0,High,3.2551662,6.510727
1276498312,Unnamed,building,3.0,High,3.3050834,6.4884724
1267321873,Unnamed,building,0.0,NoData,3.2172784,6.4976928
1258591446,Unnamed,building,4.0,Very High,3.3050837,6.4501938
1262231239,Unnamed,building,4.0,Very High,3.2386804,6.514404
1257761868,Unnamed,building,4.0,Very High,3.2470931,6.4465176
1257774577,Unnamed,building,4.0,Very High,3.261762,6.4448906
1257364234,Unnamed,building,3.0,High,3.2943694,6.4498316
1258660612,Unnamed,building,2.0,Moderate,3.2367516,6.4662168
1262064661,Unnamed,building,2.0,Moderate,3.2631225,6.5126792
1259329901,Unnamed,building,3.0,High,3.2727748,6.5005243
1258067374,Unnamed,building,2.0,Moderate,3.282104,6.4711236
1258451136,Unnamed,building,0.0,NoData,3.2922217,6.4075262
1258636526,Unnamed,building,2.0,Moderate,3.2774735,6.4678767
1258247726,Unnamed,building,2.0,Moderate,3.2640722,6.443709
1257563679,Unnamed,building,3.0,High,3.282195,6.4824828
1276356633,Unnamed,building,4.0,Very High,3.2936793,6.4901382
1257471022,Unnamed,building,1.0,Low,3.2617794,6.4489363
1263154743,Unnamed,building,0.0,NoData,3.2618769,6.5220218
733631512,Unnamed,building,2.0,Moderate,3.2581005,6.5180384
1257845705,Unnamed,building,4.0,Very High,3.241279,6.466339
1257467211,Unnamed,building,2.0,Moderate,3.2766757,6.4400593
1262852084,Unnamed,building,3.0,High,3.2661461,6.5007416
1259507272,Unnamed,building,0.0,NoData,3.2436811,6.5235558
1258571336,Unnamed,building,3.0,High,3.2753387,6.4652015
1258601096,Unnamed,building,4.0,Very High,3.2406772,6.4594639
1257499064,Unnamed,building,4.0,Very High,3.2577067,6.4510022
1267530082,Unnamed,building,3.0,High,3.2232302,6.4523109
1263147219,Unnamed,building,2.0,Moderate,3.2405392,6.5210944
1257826829,Unnamed,building,3.0,High,3.3126012,6.4405748
1276236790,Unnamed,building,4.0,Very High,3.2912047,6.4988864
1257921217,Unnamed,building,3.0,High,3.2616139,6.4674324
1258199925,Unnamed,building,1.0,Low,3.2504082,6.4728874
1263201004,Unnamed,building,1.0,Low,3.2468696,6.5072112
1083910156,Unnamed,building,2.0,Moderate,3.2182626,6.4422297
1258710857,Unnamed,building,3.0,High,3.3031309,6.4415015
1258409055,Unnamed,building,4.0,Very High,3.2825236,6.4673661
1258233185,Unnamed,building,4.0,Very High,3.2704039,6.4640479
1262839228,Unnamed,building,2.0,Moderate,3.2338391,6.5172029
1267698595,Unnamed,building,3.0,High,3.2271642,6.4475557
1258436889,Unnamed,building,4.0,Very High,3.2631493,6.4604114
1263407883,Unnamed,building,4.0,Very High,3.2813429,6.5040228
1273901820,Unnamed,building,3.0,High,3.2107643,6.4538599
1258197536,Unnamed,building,2.0,Moderate,3.2598514,6.4525503
1263609405,Unnamed,building,0.0,NoData,3.2356602,6.5250055
1263267458,Unnamed,building,3.0,High,3.2349475,6.5142875
1258532561,Unnamed,building,0.0,NoData,3.2660737,6.4064014
1258632579,Unnamed,building,3.0,High,3.2531405,6.4658447
1259329932,Unnamed,building,3.0,High,3.2717482,6.500312
1257424874,Unnamed,building,4.0,Very High,3.2686331,6.450353
1260766207,Unnamed,building,3.0,High,3.2710592,6.5123756
1262199438,Unnamed,building,1.0,Low,3.2879105,6.504545
1276421378,Unnamed,building,4.0,Very High,3.303041,6.4952443
1275567472,Unnamed,building,0.0,NoData,3.3084637,6.5243393
1276192554,Unnamed,building,3.0,High,3.2938542,6.5047146
1275491922,Unnamed,building,3.0,High,3.3047385,6.5250241
1267511690,Unnamed,building,3.0,High,3.2174552,6.4562824
1272925306,Unnamed,building,3.0,High,3.2122162,6.453744
1263472044,Unnamed,building,3.0,High,3.263474,6.5053409
1258373513,Unnamed,building,2.0,Moderate,3.2603978,6.4611137
1257789175,Unnamed,building,3.0,High,3.3034961,6.4558516
1276125958,Unnamed,building,4.0,Very High,3.2972416,6.5094632
1258699760,Unnamed,building,2.0,Moderate,3.300585,6.4461476
1258508696,Unnamed,building,3.0,High,3.2602135,6.4071928
1267609692,Unnamed,building,1.0,Low,3.2225717,6.4553825
1263250023,Unnamed,building,1.0,Low,3.2372543,6.512524
1266410106,Unnamed,building,4.0,Very High,3.2761907,6.4787142
1276439696,Unnamed,building,4.0,Very High,3.2953506,6.4863203
1257432434,Unnamed,building,4.0,Very High,3.2763558,6.4432094
1259300776,Unnamed,building,0.0,NoData,3.2509922,6.5225137
1259312511,Unnamed,building,4.0,Very High,3.2807748,6.5081954
1259653279,Unnamed,building,4.0,Very High,3.2412563,6.4959859
1276187883,Unnamed,building,4.0,Very High,3.2978241,6.5062335
1257884228,Unnamed,building,2.0,Moderate,3.2779352,6.4327197
1258391675,Unnamed,building,4.0,Very High,3.2720981,6.4223573
1261898385,Unnamed,building,3.0,High,3.225817,6.505774
1258814483,Unnamed,building,0.0,NoData,3.2461421,6.4208552
1257969784,Unnamed,building,4.0,Very High,3.2816177,6.4524618
1259637688,Unnamed,building,3.0,High,3.2577209,6.5166312
1260633844,Unnamed,building,4.0,Very High,3.2462333,6.5154841
1258203983,Unnamed,building,4.0,Very High,3.2570346,6.4528324
1268123312,Unnamed,building,4.0,Very High,3.2992201,6.4687422
1258248001,Unnamed,building,3.0,High,3.2636293,6.4459662
1262525237,Unnamed,building,1.0,Low,3.2738049,6.5202214
1257712311,Unnamed,building,3.0,High,3.2900453,6.4549915
1267529983,Unnamed,building,4.0,Very High,3.2241167,6.4522767
1263701331,Unnamed,building,4.0,Very High,3.2570893,6.4967847
1262342786,Unnamed,building,3.0,High,3.2568186,6.5131382
1257884261,Unnamed,building,2.0,Moderate,3.277875,6.4340041
1258203924,Unnamed,building,3.0,High,3.2561457,6.4538685
1263698337,Unnamed,building,3.0,High,3.2809694,6.5156607
1258702704,Unnamed,building,0.0,NoData,3.3332434,6.4208144
1258173745,Unnamed,building,3.0,High,3.2881606,6.4731768
1258632080,Unnamed,building,4.0,Very High,3.2771309,6.4553629
1258018132,Unnamed,building,3.0,High,3.3071029,6.4500111
1262122486,Unnamed,building,3.0,High,3.2607259,6.5112629
1257658111,Unnamed,building,0.0,NoData,3.3070096,6.4789484
1257764542,Unnamed,building,2.0,Moderate,3.2947793,6.4568325
1263532829,Unnamed,building,3.0,High,3.2777374,6.5010703
1262895503,Unnamed,building,2.0,Moderate,3.2699657,6.5006562
1276218763,Unnamed,building,2.0,Moderate,3.2969712,6.500101
1258188822,Unnamed,building,1.0,Low,3.2949515,6.4652175
1267444040,Unnamed,building,3.0,High,3.2163784,6.4470392
1262187532,Unnamed,building,1.0,Low,3.2480573,6.5113808
1258146535,Unnamed,building,0.0,NoData,3.2673854,6.4306525
1263704574,Unnamed,building,3.0,High,3.2703462,6.4965599
1257401795,Unnamed,building,3.0,High,3.2655918,6.4388038
1257613846,Unnamed,building,2.0,Moderate,3.2854457,6.4782895
1258193736,Unnamed,building,3.0,High,3.2482577,6.4747239
1262231296,Unnamed,building,3.0,High,3.2386612,6.5126537
1260736803,Unnamed,building,0.0,NoData,3.2532252,6.5227275
1258409063,Unnamed,building,2.0,Moderate,3.2835571,6.4678726
1269074378,Unnamed,building,4.0,Very High,3.2993578,6.4586116
1263159524,Unnamed,building,0.0,NoData,3.227733,6.5237162
1261797216,Unnamed,building,4.0,Very High,3.2253733,6.5080143
1275488412,Unnamed,building,0.0,NoData,3.2926274,6.5239842
1263267414,Unnamed,building,3.0,High,3.2339759,6.5142202
1276457982,Unnamed,building,2.0,Moderate,3.3061039,6.4928475
1262166281,Unnamed,building,4.0,Very High,3.2788994,6.515228
1275581465,Unnamed,building,0.0,NoData,3.3085023,6.5178205
1257957042,Unnamed,building,4.0,Very High,3.3001851,6.4739798
1257582125,Unnamed,building,2.0,Moderate,3.3042755,6.4732655
1259669483,Unnamed,building,0.0,NoData,3.2494861,6.5232387
1260678416,Unnamed,building,0.0,NoData,3.277195,6.519931
1259312555,Unnamed,building,2.0,Moderate,3.2802222,6.5069369
1258436275,Unnamed,building,4.0,Very High,3.24969,6.4405135
1261810664,Unnamed,building,3.0,High,3.2561854,6.5189976
1258388800,Unnamed,building,2.0,Moderate,3.2699755,6.4235971
1260760562,Unnamed,building,4.0,Very High,3.2324323,6.5165111
1263179418,Unnamed,building,0.0,NoData,3.2309712,6.5241235
1259652657,Unnamed,building,3.0,High,3.2598877,6.5116497
1267617355,Unnamed,building,2.0,Moderate,3.2298279,6.4810062
1113164387,Unnamed,building,2.0,Moderate,3.3587603,6.4163702
1137587891,Unnamed,building,4.0,Very High,3.3070328,6.5030065
1258645896,Unnamed,building,3.0,High,3.2506583,6.4568107
1263515333,Unnamed,building,2.0,Moderate,3.2782856,6.5056331
1257500925,Unnamed,building,3.0,High,3.2570482,6.4327252
1266766637,Unnamed,building,4.0,Very High,3.2522382,6.4404317
1258403245,Unnamed,building,4.0,Very High,3.2982256,6.4569244
1259329762,Unnamed,building,3.0,High,3.2729991,6.5003902
1263533419,Unnamed,building,2.0,Moderate,3.2586761,6.4915227
1257761885,Unnamed,building,3.0,High,3.2471564,6.4479471
1275426144,Unnamed,building,0.0,NoData,3.2934976,6.524392
1276491968,Unnamed,building,2.0,Moderate,3.3022192,6.4893108
1257447112,Unnamed,building,3.0,High,3.2757153,6.4417364
1267763528,Unnamed,building,3.0,High,3.2745761,6.468929
1266322091,Unnamed,building,2.0,Moderate,3.2571521,6.4215748
1266814618,Unnamed,building,3.0,High,3.2780099,6.440048
1276430048,Unnamed,building,4.0,Very High,3.2967781,6.4878943
1276248219,Unnamed,building,4.0,Very High,3.3087235,6.496727
1258447865,Unnamed,building,2.0,Moderate,3.3091693,6.4424023
1263466950,Unnamed,building,4.0,Very High,3.2757507,6.4978115
1259319255,Unnamed,building,2.0,Moderate,3.2788479,6.4984342
1262210073,Unnamed,building,4.0,Very High,3.2248,6.5036213
1258269625,Unnamed,building,3.0,High,3.2754211,6.4357527
1258767725,Unnamed,building,4.0,Very High,3.3225286,6.4341878
1263669625,Unnamed,building,4.0,Very High,3.2699923,6.5145836
1263205373,Unnamed,building,1.0,Low,3.2473219,6.5045638
1258580710,Unnamed,building,1.0,Low,3.2871142,6.4640327
1267768337,Unnamed,building,2.0,Moderate,3.2792052,6.4633139
1267718734,Unnamed,building,4.0,Very High,3.2267548,6.4515769
1257896195,Unnamed,building,0.0,NoData,3.3079091,6.4825717
1262968871,Unnamed,building,3.0,High,3.2543532,6.5168454
1263466900,Unnamed,building,4.0,Very High,3.2765173,6.4965694
1263732232,Unnamed,building,4.0,Very High,3.2741714,6.4995138
1260550649,Unnamed,building,4.0,Very High,3.243874,6.5007835
1259646467,Unnamed,building,3.0,High,3.2578716,6.5119575
1261810607,Unnamed,building,2.0,Moderate,3.2555094,6.5183601
1114877470,Unnamed,building,0.0,NoData,3.3634082,6.4159153
1263470553,Unnamed,building,4.0,Very High,3.2512812,6.4958981
1258413417,Unnamed,building,4.0,Very High,3.2582832,6.4219603
1261799196,Unnamed,building,4.0,Very High,3.2231657,6.5080885
1258460159,Unnamed,building,3.0,High,3.2920245,6.4680532
1260604055,Unnamed,building,4.0,Very High,3.2646653,6.5193646
1276472204,Unnamed,building,2.0,Moderate,3.3075355,6.4931798
1263654178,Unnamed,building,2.0,Moderate,3.281109,6.5122735
1263459296,Unnamed,building,1.0,Low,3.273504,6.5163625
1258575500,Unnamed,building,3.0,High,3.2314337,6.4442656
1083910042,Unnamed,building,2.0,Moderate,3.2219003,6.4461325
1083917802,Unnamed,building,2.0,Moderate,3.2305794,6.4422867
1257816972,Unnamed,building,2.0,Moderate,3.2447401,6.4541476
1257631340,Unnamed,building,4.0,Very High,3.3033276,6.4489264
1275718991,Unnamed,building,3.0,High,3.2917673,6.5188683
1276256114,Unnamed,building,2.0,Moderate,3.3010139,6.4950348
1257413921,Unnamed,building,4.0,Very High,3.279877,6.4408239
1258543629,Unnamed,building,3.0,High,3.2361525,6.4478399
1258695207,Unnamed,building,4.0,Very High,3.2797951,6.4566467
1267674966,Unnamed,building,2.0,Moderate,3.2294149,6.4496317
1268095242,Unnamed,building,0.0,NoData,3.2413226,6.5251171
1258232884,Unnamed,building,3.0,High,3.2765816,6.4715358
1275546500,Unnamed,building,0.0,NoData,3.3076951,6.5213599
1267045648,Unnamed,building,2.0,Moderate,3.2614886,6.4592984
1257402941,Unnamed,building,4.0,Very High,3.3062821,6.4582404
1257366093,Unnamed,building,3.0,High,3.291105,6.4516406
1263453013,Unnamed,building,4.0,Very High,3.2801921,6.5018235
1276218972,Unnamed,building,4.0,Very High,3.2937068,6.4878577
1263283464,Unnamed,building,2.0,Moderate,3.2277232,6.5158388
1257822048,Unnamed,building,3.0,High,3.3121121,6.4389936
1259424469,Unnamed,building,3.0,High,3.2735379,6.5015067
1263201023,Unnamed,building,3.0,High,3.2482798,6.5079755
1272924746,Unnamed,building,3.0,High,3.2351564,6.4706666
1272955083,Unnamed,building,3.0,High,3.223305,6.4613921
1275505984,Unnamed,building,0.0,NoData,3.2900761,6.5235654
1263727012,Unnamed,building,4.0,Very High,3.2638614,6.4932403
1267775753,Unnamed,building,4.0,Very High,3.2229417,6.4413081
1258603985,Unnamed,building,1.0,Low,3.2511896,6.4588946
1258599737,Unnamed,building,2.0,Moderate,3.2572429,6.4576964
1258690107,Unnamed,building,1.0,Low,3.2724369,6.4567334
1275892887,Unnamed,building,4.0,Very High,3.3018416,6.5110365
1276165882,Unnamed,building,1.0,Low,3.3070412,6.5075431
1258157381,Unnamed,building,2.0,Moderate,3.2516606,6.4704641
1266508831,Unnamed,building,0.0,NoData,3.3133536,6.4365632
1258621393,Unnamed,building,2.0,Moderate,3.2714054,6.4694016
1257528013,Unnamed,building,4.0,Very High,3.2710599,6.4340134
1258892554,Unnamed,building,0.0,NoData,3.3495915,6.4209546
1258574800,Unnamed,building,4.0,Very High,3.2366974,6.4421788
1258661815,Unnamed,building,4.0,Very High,3.2829897,6.4581507
1263184769,Unnamed,building,0.0,NoData,3.2270839,6.523949
1257500999,Unnamed,building,3.0,High,3.2563758,6.4341153
1263407825,Unnamed,building,4.0,Very High,3.2821193,6.5062917
1257783664,Unnamed,building,4.0,Very High,3.2623975,6.4433435
1257759208,Unnamed,building,3.0,High,3.3022921,6.4466686
1258601104,Unnamed,building,4.0,Very High,3.2407131,6.4592428
1267784579,Unnamed,building,4.0,Very High,3.2257886,6.4422764
1258669538,Unnamed,building,2.0,Moderate,3.2975582,6.4588722
1258687531,Unnamed,building,4.0,Very High,3.2636167,6.4561918
1258621375,Unnamed,building,3.0,High,3.2713687,6.4687198
1276451691,Unnamed,building,3.0,High,3.3004631,6.4898582
1258444432,Unnamed,building,0.0,NoData,3.3161053,6.4310023
1263515272,Unnamed,building,3.0,High,3.2769439,6.5041512
1262510773,Unnamed,building,1.0,Low,3.23961,6.5111248
1257834498,Unnamed,building,2.0,Moderate,3.3081618,6.4405051
1261838881,Unnamed,building,4.0,Very High,3.2832566,6.4981016
1258292456,Unnamed,building,2.0,Moderate,3.2981922,6.4833754
1258661021,Unnamed,building,2.0,Moderate,3.3227441,6.438907
1257842144,Unnamed,building,3.0,High,3.272375,6.4643128
1263147183,Unnamed,building,3.0,High,3.2393893,6.5207055
1262069346,Unnamed,building,2.0,Moderate,3.2266218,6.5223807
1262221654,Unnamed,building,3.0,High,3.2231271,6.5053111
1262559581,Unnamed,building,2.0,Moderate,3.2340006,6.5070005
1257761867,Unnamed,building,3.0,High,3.2473654,6.4467271
1257855811,Unnamed,building,4.0,Very High,3.2535804,6.4345379
1258210288,Unnamed,building,4.0,Very High,3.2771845,6.4754662
1258439028,Unnamed,building,3.0,High,3.2828384,6.4478666
1262196795,Unnamed,building,3.0,High,3.2909204,6.5053837
617766767,Unnamed,building,3.0,High,3.2817003,6.4218263
1259174462,Unnamed,building,0.0,NoData,3.2556579,6.5219781
1267487808,Unnamed,building,3.0,High,3.2946441,6.4586566
1257504154,Unnamed,building,4.0,Very High,3.2519458,6.4494061
1267618231,Unnamed,building,1.0,Low,3.2270186,6.4722093
1259507188,Unnamed,building,0.0,NoData,3.2420634,6.5228423
1258030454,Unnamed,building,2.0,Moderate,3.2803965,6.4679894
1263532937,Unnamed,building,3.0,High,3.2788452,6.5031831
1257500909,Unnamed,building,4.0,Very High,3.2576788,6.4344296
1259072790,Unnamed,building,3.0,High,3.2453445,6.5140036
1257599300,Unnamed,building,4.0,Very High,3.2398738,6.4522964
1258173757,Unnamed,building,3.0,High,3.2893896,6.4721701
1257722923,Unnamed,building,4.0,Very High,3.2576662,6.4454907
1257915912,Unnamed,building,2.0,Moderate,3.2635618,6.4630982
1257765111,Unnamed,building,4.0,Very High,3.3072091,6.4485527
1267678061,Unnamed,building,3.0,High,3.2271992,6.449445
1259072915,Unnamed,building,1.0,Low,3.2448154,6.512184
1275546452,Unnamed,building,2.0,Moderate,3.3069964,6.5212582
1263704651,Unnamed,building,3.0,High,3.2705372,6.4975648
1257980511,Unnamed,building,2.0,Moderate,3.2558122,6.4652445
1258695128,Unnamed,building,3.0,High,3.2815337,6.4553885
1257886402,Unnamed,building,2.0,Moderate,3.2752401,6.4340093
1263724427,Unnamed,building,1.0,Low,3.2843093,6.510848
1258436683,Unnamed,building,3.0,High,3.2327264,6.4517893
1257902719,Unnamed,building,3.0,High,3.2686487,6.4446324
1257513292,Unnamed,building,3.0,High,3.2872531,6.4657857
1258366252,Unnamed,building,3.0,High,3.2629,6.4650088
1263293910,Unnamed,building,4.0,Very High,3.2556835,6.5147117
1257970195,Unnamed,building,2.0,Moderate,3.2373234,6.4532703
1275718513,Unnamed,building,0.0,NoData,3.3079446,6.5157488
1258432234,Unnamed,building,4.0,Very High,3.2617417,6.4321218
1262529732,Unnamed,building,3.0,High,3.2603083,6.515903
1263433151,Unnamed,building,2.0,Moderate,3.2396415,6.5014423
1258620994,Unnamed,building,3.0,High,3.2830965,6.4718952
1276232442,Unnamed,building,4.0,Very High,3.2974509,6.4971022
1262949695,Unnamed,building,4.0,Very High,3.2525774,6.5127629
1258449708,Unnamed,building,3.0,High,3.2791347,6.4819259
1260550547,Unnamed,building,4.0,Very High,3.2438787,6.4994358
1266548208,Unnamed,building,4.0,Very High,3.3216053,6.4407622
1259653257,Unnamed,building,2.0,Moderate,3.2431211,6.495773
1258027097,Unnamed,building,4.0,Very High,3.3104868,6.4496433
1257422957,Unnamed,building,4.0,Very High,3.3056221,6.4570418
1258669631,Unnamed,building,4.0,Very High,3.2962351,6.4585543
1258269770,Unnamed,building,3.0,High,3.274763,6.4377808
1267630546,Unnamed,building,2.0,Moderate,3.2307956,6.4569178
1263458345,Unnamed,building,4.0,Very High,3.2773492,6.4947086
1257803188,Unnamed,building,4.0,Very High,3.2445038,6.451959
1257789257,Unnamed,building,3.0,High,3.3026421,6.4570426
1258508646,Unnamed,building,0.0,NoData,3.2597036,6.4060269
1263407918,Unnamed,building,2.0,Moderate,3.2795511,6.5050896
1263532880,Unnamed,building,3.0,High,3.2772463,6.5019536
1262841113,Unnamed,building,4.0,Very High,3.2330169,6.5152797
1257541287,Unnamed,building,3.0,High,3.2886646,6.4767952
1258999683,Unnamed,building,2.0,Moderate,3.3043133,6.4563866
1259652643,Unnamed,building,2.0,Moderate,3.2578457,6.5109682
1276320361,Unnamed,building,0.0,NoData,3.3087572,6.5034702
1258632573,Unnamed,building,3.0,High,3.2531964,6.4664002
1267509097,Unnamed,building,4.0,Very High,3.215625,6.4564419
1276361666,Unnamed,building,4.0,Very High,3.3073888,6.4907024
1257513096,Unnamed,building,3.0,High,3.26465,6.4424777
1267441679,Unnamed,building,1.0,Low,3.28789,6.4746264
1262444277,Unnamed,building,4.0,Very High,3.2427889,6.5200973
1258715983,Unnamed,building,4.0,Very High,3.2701569,6.4648987
1257488397,Unnamed,building,3.0,High,3.2779174,6.4409022
1257836717,Unnamed,building,4.0,Very High,3.3003516,6.4750659
1263523161,Unnamed,building,3.0,High,3.2409724,6.5002785
1258292449,Unnamed,building,3.0,High,3.2977649,6.4821687
1262925038,Unnamed,building,0.0,NoData,3.2185974,6.5230342
1267763535,Unnamed,building,2.0,Moderate,3.2756064,6.4703707
1259658706,Unnamed,building,3.0,High,3.2514224,6.5163997
1262949834,Unnamed,building,2.0,Moderate,3.2519872,6.5137934
1267625022,Unnamed,building,4.0,Very High,3.2255457,6.4576591
1263547921,Unnamed,building,2.0,Moderate,3.2566806,6.4868248
1267545726,Unnamed,building,4.0,Very High,3.2341152,6.4628078
1258339770,Unnamed,building,3.0,High,3.2608684,6.4696397
1262225498,Unnamed,building,1.0,Low,3.2395045,6.5125336
1266082873,Unnamed,building,3.0,High,3.3150975,6.4430046
1260678541,Unnamed,building,4.0,Very High,3.2782801,6.5173274
1266598939,Unnamed,building,2.0,Moderate,3.2879315,6.4782173
1263200954,Unnamed,building,3.0,High,3.2491331,6.5077538
1267675016,Unnamed,building,4.0,Very High,3.2277473,6.4511643
1263166793,Unnamed,building,3.0,High,3.2533573,6.48595
1261412397,Unnamed,building,4.0,Very High,3.2252127,6.5114027
1257952490,Unnamed,building,4.0,Very High,3.2994728,6.4709015
1257809414,Unnamed,building,2.0,Moderate,3.2848562,6.4528765
1257563264,Unnamed,building,2.0,Moderate,3.2971438,6.4659316
1258581427,Unnamed,building,4.0,Very High,3.2535655,6.4587066
1262968087,Unnamed,building,3.0,High,3.2700309,6.5048626
1258447192,Unnamed,building,2.0,Moderate,3.2911164,6.4549745
1272502156,Unnamed,building,4.0,Very High,3.2215667,6.440126
1257600989,Unnamed,building,4.0,Very High,3.2872723,6.4832303
1257972901,Unnamed,building,3.0,High,3.2766432,6.4695282
1271743468,Unnamed,building,2.0,Moderate,3.2757197,6.5182794
1267775748,Unnamed,building,4.0,Very High,3.2224915,6.4412478
1257794351,Unnamed,building,1.0,Low,3.2718428,6.4668699
1276125951,Unnamed,building,4.0,Very High,3.2971763,6.510287
1257531039,Unnamed,building,3.0,High,3.2887081,6.465418
1263205345,Unnamed,building,1.0,Low,3.2492069,6.5036459
1263654299,Unnamed,building,3.0,High,3.2799539,6.5143216
1258461790,Unnamed,building,4.0,Very High,3.3210299,6.4445629
1258219115,Unnamed,building,3.0,High,3.2727252,6.4476635
1257810008,Unnamed,building,3.0,High,3.3103694,6.43915
1257513536,Unnamed,building,2.0,Moderate,3.2919082,6.4528681
1267607571,Unnamed,building,2.0,Moderate,3.2213626,6.4592081
1263655328,Unnamed,building,1.0,Low,3.2681604,6.4821142
1257471974,Unnamed,building,3.0,High,3.2665409,6.4412854
1263176464,Unnamed,building,3.0,High,3.2503277,6.5079523
1268132183,Unnamed,building,3.0,High,3.2978444,6.4613867
1262559574,Unnamed,building,3.0,High,3.2328537,6.5067349
1258625881,Unnamed,building,4.0,Very High,3.2495915,6.4662699
1258575582,Unnamed,building,4.0,Very High,3.2317913,6.4462934
1258571245,Unnamed,building,2.0,Moderate,3.2745608,6.4633155
1257996740,Unnamed,building,4.0,Very High,3.2551219,6.4600265
1258549237,Unnamed,building,0.0,NoData,3.2004655,6.4188576
1267532934,Unnamed,building,0.0,NoData,3.2115284,6.4575436
1262523471,Unnamed,building,3.0,High,3.2686874,6.520284
1262183253,Unnamed,building,0.0,NoData,3.2334053,6.5233779
1276225326,Unnamed,building,4.0,Very High,3.2936268,6.4981765
1259532839,Unnamed,building,3.0,High,3.2525108,6.508221
1263692156,Unnamed,building,3.0,High,3.2538267,6.502776
1261858563,Unnamed,building,0.0,NoData,3.2469807,6.5231153
1258652797,Unnamed,building,3.0,High,3.2874725,6.4756831
1263380225,Unnamed,building,0.0,NoData,3.2182417,6.5225739
1257423022,Unnamed,building,4.0,Very High,3.3067662,6.4546401
1260647360,Unnamed,building,4.0,Very High,3.2450539,6.519324
1267618238,Unnamed,building,3.0,High,3.2265398,6.4728636
1276230482,Unnamed,building,2.0,Moderate,3.3019855,6.5013779
1262614447,Unnamed,building,3.0,High,3.2618398,6.4968248
1276426173,Unnamed,building,2.0,Moderate,3.3090289,6.4996171
1263154838,Unnamed,building,0.0,NoData,3.2604306,6.5224923
1257762141,Unnamed,building,3.0,High,3.2903835,6.4592363
1276439675,Unnamed,building,3.0,High,3.2937036,6.4855035
1257884201,Unnamed,building,2.0,Moderate,3.2787083,6.4345539
1257405510,Unnamed,building,2.0,Moderate,3.2723825,6.4394345
1275533209,Unnamed,building,0.0,NoData,3.2982444,6.5225554
1263515298,Unnamed,building,1.0,Low,3.2785459,6.5037884
1267318393,Unnamed,building,4.0,Very High,3.2216613,6.4966535
1263288168,Unnamed,building,2.0,Moderate,3.2224201,6.5223766
1267731520,Unnamed,building,4.0,Very High,3.2249251,6.4552289
1263727046,Unnamed,building,2.0,Moderate,3.2631471,6.4939092
1262839274,Unnamed,building,3.0,High,3.2344172,6.516806
1257630593,Unnamed,building,4.0,Very High,3.2578153,6.4381015
1258247816,Unnamed,building,3.0,High,3.2631837,6.4446401
1263684201,Unnamed,building,1.0,Low,3.2818597,6.5146056
1263293919,Unnamed,building,3.0,High,3.2559486,6.516048
1257366041,Unnamed,building,4.0,Very High,3.2923652,6.4508366
1267904066,Unnamed,building,3.0,High,3.2921588,6.4653721
1258439035,Unnamed,building,2.0,Moderate,3.2832508,6.4489644
1257424767,Unnamed,building,4.0,Very High,3.2684537,6.4499265
1257789256,Unnamed,building,3.0,High,3.3028348,6.4571047
1268423491,Unnamed,building,1.0,Low,3.2599711,6.4900149
1258596271,Unnamed,building,3.0,High,3.2776376,6.4703797
1258247907,Unnamed,building,3.0,High,3.2637197,6.4452384
1263184788,Unnamed,building,0.0,NoData,3.2270495,6.5232633
1083917817,Unnamed,building,4.0,Very High,3.2339988,6.4444551
1275785532,Unnamed,building,0.0,NoData,3.3068932,6.5139712
1258447875,Unnamed,building,3.0,High,3.3087183,6.4420412
1275526935,Unnamed,building,2.0,Moderate,3.3030968,6.5219756
1276411963,Unnamed,building,4.0,Very High,3.3031324,6.4977958
1262132944,Unnamed,building,4.0,Very High,3.264916,6.5080871
1258515620,Unnamed,building,0.0,NoData,3.2609427,6.4062328
1257869636,Unnamed,building,3.0,High,3.3116294,6.4450671
1257424813,Unnamed,building,3.0,High,3.2700772,6.4493872
1276217423,Unnamed,building,3.0,High,3.3022839,6.4986976
1257537487,Unnamed,building,3.0,High,3.2495126,6.446413
1258313987,Unnamed,building,2.0,Moderate,3.2508348,6.4221612
1258580705,Unnamed,building,3.0,High,3.2868889,6.4642021
1267713992,Unnamed,building,0.0,NoData,3.2124615,6.4645723
1275766824,Unnamed,building,4.0,Very High,3.3025114,6.5143629
1258370080,Unnamed,building,1.0,Low,3.2732984,6.4622525
1258436854,Unnamed,building,3.0,High,3.263962,6.4613186
1261852825,Unnamed,building,2.0,Moderate,3.2259374,6.5146158
1276363309,Unnamed,building,4.0,Very High,3.2911735,6.4895736
1275856158,Unnamed,building,3.0,High,3.3051862,6.5111314
1258894648,Unnamed,building,0.0,NoData,3.2586325,6.4128195
1258437597,Unnamed,building,2.0,Moderate,3.2518642,6.44083
1257784163,Unnamed,building,3.0,High,3.2552612,6.4480449
1258394398,Unnamed,building,3.0,High,3.2765601,6.4221554
1257713145,Unnamed,building,3.0,High,3.2743114,6.4655465
1257509253,Unnamed,building,3.0,High,3.2741955,6.457562
1276421384,Unnamed,building,4.0,Very High,3.302275,6.4950811
1262183335,Unnamed,building,0.0,NoData,3.2332021,6.5228776
1261909889,Unnamed,building,0.0,NoData,3.2455615,6.5242543
1261410714,Unnamed,building,2.0,Moderate,3.2272117,6.5104607
1262221596,Unnamed,building,3.0,High,3.2237827,6.5047521
1262141904,Unnamed,building,2.0,Moderate,3.2702164,6.5080963
1275785504,Unnamed,building,3.0,High,3.3064566,6.5133189
1261388763,Unnamed,building,2.0,Moderate,3.2466319,6.5012564
1258762878,Unnamed,building,4.0,Very High,3.318005,6.4362923
1258327352,Unnamed,building,2.0,Moderate,3.2595567,6.459532
1257761772,Unnamed,building,4.0,Very High,3.2490545,6.4484462
1275940190,Unnamed,building,3.0,High,3.3003064,6.5090867
1258433271,Unnamed,building,0.0,NoData,3.2687168,6.4072818
1258618724,Unnamed,building,3.0,High,3.2805619,6.4618747
1285751749,Unnamed,building,2.0,Moderate,3.3567542,6.4162825
1261666386,Unnamed,building,0.0,NoData,3.2630313,6.521806
1258447173,Unnamed,building,4.0,Very High,3.2909321,6.4556182
1267619230,Unnamed,building,3.0,High,3.2135449,6.4520189
1258618739,Unnamed,building,3.0,High,3.2805415,6.4624663
1259329929,Unnamed,building,3.0,High,3.2719017,6.5003878
1258660584,Unnamed,building,3.0,High,3.2363336,6.4668887
1263147203,Unnamed,building,4.0,Very High,3.2397715,6.5204063
1267733014,Unnamed,building,2.0,Moderate,3.224434,6.4477353
1268416917,Unnamed,building,2.0,Moderate,3.2562577,6.4903884
1276246011,Unnamed,building,4.0,Very High,3.2918773,6.4964769
1257983332,Unnamed,building,3.0,High,3.2717969,6.4729583
1263772418,Unnamed,building,2.0,Moderate,3.282605,6.5005203
1257397982,Unnamed,building,4.0,Very High,3.2700107,6.4484447
1267540811,Unnamed,building,4.0,Very High,3.2217179,6.4902189
1267325957,Unnamed,building,4.0,Very High,3.2176679,6.4932316
1275789676,Unnamed,building,0.0,NoData,3.3075077,6.5139286
1267375666,Unnamed,building,4.0,Very High,3.3043413,6.4805372
1263682649,Unnamed,building,2.0,Moderate,3.2779773,6.4965255
1275579097,Unnamed,building,4.0,Very High,3.3013186,6.5125742
1267318422,Unnamed,building,3.0,High,3.2201278,6.4977358
1276182043,Unnamed,building,1.0,Low,3.3068089,6.5084275
1262209865,Unnamed,building,0.0,NoData,3.2623027,6.5227784
1267634204,Unnamed,building,2.0,Moderate,3.2308552,6.4541951
1261852750,Unnamed,building,1.0,Low,3.225994,6.5171564
1275727996,Unnamed,building,4.0,Very High,3.3043536,6.5163174
1258366199,Unnamed,building,1.0,Low,3.2627907,6.4627239
1258203732,Unnamed,building,2.0,Moderate,3.2533009,6.4218464
1262510804,Unnamed,building,1.0,Low,3.2399733,6.511375
1267607543,Unnamed,building,2.0,Moderate,3.219263,6.4591378
1267521540,Unnamed,building,4.0,Very High,3.2197691,6.4547605
1258373462,Unnamed,building,3.0,High,3.2624651,6.461604
1258605934,Unnamed,building,0.0,NoData,3.2734229,6.4058947
1258219109,Unnamed,building,3.0,High,3.2731274,6.4477208
1258662647,Unnamed,building,3.0,High,3.2838848,6.4603547
1258704331,Unnamed,building,4.0,Very High,3.3011756,6.4582104
1258612949,Unnamed,building,4.0,Very High,3.2506666,6.4633198
1262965048,Unnamed,building,2.0,Moderate,3.2689125,6.5059676
1257613612,Unnamed,building,1.0,Low,3.2840618,6.4437056
1260678454,Unnamed,building,0.0,NoData,3.2776138,6.5181018
1263647914,Unnamed,building,2.0,Moderate,3.2790833,6.5096293
1258666296,Unnamed,building,4.0,Very High,3.269252,6.4551105
1261410824,Unnamed,building,4.0,Very High,3.2252388,6.5098788
1262636553,Unnamed,building,3.0,High,3.2571717,6.5008562
1042597108,Unnamed,building,4.0,Very High,3.2506283,6.4526678
1267619282,Unnamed,building,3.0,High,3.2127466,6.4535713
1262071067,Unnamed,building,3.0,High,3.2542229,6.5118248
1263695323,Unnamed,building,4.0,Very High,3.2204645,6.5219809
1114867387,Unnamed,building,3.0,High,3.3599809,6.4166124
1258152902,Unnamed,building,2.0,Moderate,3.2846683,6.4435764
1272201475,Unnamed,building,2.0,Moderate,3.2498363,6.5028382
1257991239,Unnamed,building,4.0,Very High,3.3044242,6.4798933
1262188761,Unnamed,building,4.0,Very High,3.2281593,6.5063394
1257826237,Unnamed,building,3.0,High,3.301955,6.4763192
1262624950,Unnamed,building,4.0,Very High,3.2562694,6.4986624
1257573741,Unnamed,building,3.0,High,3.2980996,6.4660448
1258805023,Unnamed,building,4.0,Very High,3.2212945,6.4404438
1266598944,Unnamed,building,3.0,High,3.2888973,6.4783758
1257983325,Unnamed,building,3.0,High,3.2714331,6.4727227
1272191505,Unnamed,building,0.0,NoData,3.2153159,6.4441188
1257636190,Unnamed,building,4.0,Very High,3.305315,6.4479304
1257572163,Unnamed,building,3.0,High,3.2970631,6.4670524
1257768878,Unnamed,building,2.0,Moderate,3.2934718,6.4545969
1267448269,Unnamed,building,1.0,Low,3.2146751,6.4536296
1261892796,Unnamed,building,2.0,Moderate,3.2468138,6.5209931
1275718523,Unnamed,building,0.0,NoData,3.3070604,6.5152991
1267509127,Unnamed,building,3.0,High,3.2162123,6.4561607
1276236809,Unnamed,building,3.0,High,3.2907632,6.500032
1258610367,Unnamed,building,3.0,High,3.2868676,6.4692751
1267487860,Unnamed,building,2.0,Moderate,3.2945009,6.4574186
1258249970,Unnamed,building,2.0,Moderate,3.2907184,6.4719955
1275744594,Unnamed,building,2.0,Moderate,3.2923934,6.5106696
1262599650,Unnamed,building,2.0,Moderate,3.246102,6.5034779
1259769379,Unnamed,building,3.0,High,3.2322781,6.5205319
1137587729,Unnamed,building,3.0,High,3.3006303,6.509941
1275724516,Unnamed,building,2.0,Moderate,3.2887218,6.5146131
1258022636,Unnamed,building,3.0,High,3.2673398,6.4582209
1267439451,Unnamed,building,3.0,High,3.2125771,6.4514701
1276259149,Unnamed,building,4.0,Very High,3.2993154,6.4975237
1257908312,Unnamed,building,2.0,Moderate,3.265708,6.4532761
1258443083,Unnamed,building,4.0,Very High,3.2990907,6.4705062
1257419364,Unnamed,building,2.0,Moderate,3.2622239,6.4402845
1257834415,Unnamed,building,3.0,High,3.3069978,6.4400717
1258314052,Unnamed,building,0.0,NoData,3.2510044,6.4240746
1275856088,Unnamed,building,3.0,High,3.3050678,6.5098107
1257475878,Unnamed,building,1.0,Low,3.2891874,6.4690362
1275491903,Unnamed,building,4.0,Very High,3.3047296,6.5232237
1267433722,Unnamed,building,0.0,NoData,3.2060677,6.4534825
1262940947,Unnamed,building,3.0,High,3.2666855,6.5071789
1259507206,Unnamed,building,0.0,NoData,3.2428636,6.5247354
1083910284,Unnamed,building,3.0,High,3.2202369,6.4425041
1263457241,Unnamed,building,1.0,Low,3.2748934,6.5207374
1258667351,Unnamed,building,3.0,High,3.3009454,6.4554127
733884221,Unnamed,building,4.0,Very High,3.2561608,6.4576286
786555202,Unnamed,building,0.0,NoData,3.3247725,6.4405588
1267660736,Unnamed,building,3.0,High,3.2246966,6.492669
1258764985,Unnamed,building,4.0,Very High,3.3205565,6.41518
1261399948,Unnamed,building,4.0,Very High,3.2241918,6.5117421
1263471905,Unnamed,building,2.0,Moderate,3.2652753,6.5057317
1268650918,Unnamed,building,4.0,Very High,3.2631742,6.5123102
1267902834,Unnamed,building,2.0,Moderate,3.2918867,6.4577198
1257892104,Unnamed,building,3.0,High,3.2837477,6.4644224
1276187887,Unnamed,building,4.0,Very High,3.2983838,6.5057103
1275892819,Unnamed,building,4.0,Very High,3.3036396,6.5090993
1083917519,Unnamed,building,2.0,Moderate,3.2309015,6.44166
1258547885,Unnamed,building,2.0,Moderate,3.2331984,6.4499644
1258710858,Unnamed,building,3.0,High,3.3030417,6.4416078
1259497359,Unnamed,building,4.0,Very High,3.2608027,6.5076218
1257486849,Unnamed,building,4.0,Very High,3.2589213,6.4215337
1258649564,Unnamed,building,3.0,High,3.2393532,6.4683502
1275543570,Unnamed,building,3.0,High,3.2883497,6.5207622
1258255252,Unnamed,building,4.0,Very High,3.28049,6.4411035
1263743437,Unnamed,building,4.0,Very High,3.2820485,6.494865
1276202290,Unnamed,building,2.0,Moderate,3.2952503,6.5029134
1262605868,Unnamed,building,2.0,Moderate,3.270498,6.5154159
1258652732,Unnamed,building,3.0,High,3.2869318,6.4748629
1285337600,Unnamed,building,2.0,Moderate,3.3612902,6.4157279
1258714784,Unnamed,building,0.0,NoData,3.3313739,6.419352
1267318335,Unnamed,building,3.0,High,3.2199658,6.4964956
1259507820,Unnamed,building,3.0,High,3.2542621,6.4879628
1271743474,Unnamed,building,4.0,Very High,3.2741193,6.5179425
1263176493,Unnamed,building,3.0,High,3.2503674,6.5085198
1263250033,Unnamed,building,3.0,High,3.2375632,6.5137232
1275785518,Unnamed,building,3.0,High,3.3064367,6.5134746
1258447155,Unnamed,building,4.0,Very High,3.2918772,6.4559575
1261807822,Unnamed,building,4.0,Very High,3.2228888,6.5074962
1275781271,Unnamed,building,3.0,High,3.3064039,6.5107335
1262294669,Unnamed,building,4.0,Very High,3.2593362,6.5052351
1276217420,Unnamed,building,4.0,Very High,3.3019536,6.4989801
1265841796,Unnamed,building,1.0,Low,3.2553485,6.4648968
1258173770,Unnamed,building,2.0,Moderate,3.2878865,6.4724123
1267723703,Unnamed,building,4.0,Very High,3.2202281,6.4507864
1258704334,Unnamed,building,3.0,High,3.2987798,6.4577397
1262957344,Unnamed,building,3.0,High,3.2614176,6.5122521
1267439418,Unnamed,building,1.0,Low,3.2111773,6.4514763
1263275123,Unnamed,building,4.0,Very High,3.2325765,6.5140838
1275856079,Unnamed,building,4.0,Very High,3.3046931,6.510365
625404112,Unnamed,building,3.0,High,3.303958,6.4689001
1260554678,Unnamed,building,3.0,High,3.283606,6.5077769
1259532806,Unnamed,building,3.0,High,3.2521214,6.508348
1258599656,Unnamed,building,2.0,Moderate,3.2555045,6.4586028
1258014430,Unnamed,building,0.0,NoData,3.3072633,6.4677627
1267662537,Unnamed,building,3.0,High,3.2227967,6.4713295
731794494,Unnamed,building,4.0,Very High,3.2458589,6.4637238
1257513082,Unnamed,building,4.0,Very High,3.2653189,6.442239
1259679275,Unnamed,building,4.0,Very High,3.2455459,6.5201594
1257996778,Unnamed,building,2.0,Moderate,3.2549892,6.4615888
1257869631,Unnamed,building,3.0,High,3.3102301,6.4443648
1258203791,Unnamed,building,4.0,Very High,3.2542694,6.4234445
1267325959,Unnamed,building,0.0,NoData,3.2175201,6.4933416
1258018306,Unnamed,building,4.0,Very High,3.2983472,6.4725575
1257621265,Unnamed,building,3.0,High,3.2819302,6.4442635
1267509089,Unnamed,building,4.0,Very High,3.2153412,6.4566161
1263741633,Unnamed,building,4.0,Very High,3.2796855,6.4981244
1259700426,Unnamed,building,2.0,Moderate,3.2438705,6.510606
1257492740,Unnamed,building,4.0,Very High,3.2656734,6.4376156
1258596356,Unnamed,building,4.0,Very High,3.2343934,6.4456452
1275567394,Unnamed,building,0.0,NoData,3.3085765,6.5229603
1258642647,Unnamed,building,0.0,NoData,3.3085688,6.4856104
1257405492,Unnamed,building,4.0,Very High,3.2723267,6.4383755
1260594205,Unnamed,building,3.0,High,3.2511359,6.5134172
1257478108,Unnamed,building,4.0,Very High,3.270516,6.4419223
1259497446,Unnamed,building,3.0,High,3.2613581,6.5085677
1258547947,Unnamed,building,2.0,Moderate,3.2783682,6.4222256
1260647352,Unnamed,building,4.0,Very High,3.2461599,6.5190789
1258571777,Unnamed,building,4.0,Very High,3.2552194,6.4550235
1257884139,Unnamed,building,2.0,Moderate,3.2789853,6.4326546
1275886095,Unnamed,building,0.0,NoData,3.3083579,6.5092789
1260554560,Unnamed,building,3.0,High,3.2830679,6.5088173
1265524562,Unnamed,building,0.0,NoData,3.2018737,6.4193293
1257424326,Unnamed,building,4.0,Very High,3.2617106,6.4496716
1263655444,Unnamed,building,3.0,High,3.2860955,6.5158391
1257648209,Unnamed,building,3.0,High,3.2794973,6.476961
1262852110,Unnamed,building,2.0,Moderate,3.2683717,6.5007009
713760189,Unnamed,building,4.0,Very High,3.2535391,6.4479959
1257430442,Unnamed,building,4.0,Very High,3.2517099,6.4439653
1267634211,Unnamed,building,4.0,Very High,3.2308508,6.4539997
1257513540,Unnamed,building,2.0,Moderate,3.2913147,6.4532199
1260604101,Unnamed,building,4.0,Very High,3.2644796,6.519349
1257833249,Unnamed,building,3.0,High,3.2719775,6.445695
1258669570,Unnamed,building,4.0,Very High,3.2974755,6.4580766
1262895431,Unnamed,building,2.0,Moderate,3.2693356,6.5001033
1258569720,Unnamed,building,0.0,NoData,3.2350078,6.4386609
1263687486,Unnamed,building,3.0,High,3.235614,6.5166813
1260594330,Unnamed,building,3.0,High,3.2503978,6.5131389
1263692160,Unnamed,building,3.0,High,3.2544747,6.5030989
1258223631,Unnamed,building,3.0,High,3.2581833,6.4693506
1258026999,Unnamed,building,2.0,Moderate,3.2424695,6.4560045
1275736936,Unnamed,building,3.0,High,3.2907927,6.5129028
1257556417,Unnamed,building,2.0,Moderate,3.2552371,6.4689654
1267541142,Unnamed,building,4.0,Very High,3.2240154,6.4613505
1267538315,Unnamed,building,3.0,High,3.2142416,6.4589925
1263237918,Unnamed,building,1.0,Low,3.2403259,6.5176806
1275402196,Unnamed,building,0.0,NoData,3.3013391,6.5227915
1258684505,Unnamed,building,4.0,Very High,3.2769221,6.4541938
1261852702,Unnamed,building,3.0,High,3.2250076,6.5159034
1258233226,Unnamed,building,3.0,High,3.2710414,6.4635323
1262949764,Unnamed,building,2.0,Moderate,3.2524582,6.51429
1272943722,Unnamed,building,4.0,Very High,3.2181,6.45751
1262187555,Unnamed,building,2.0,Moderate,3.2467116,6.5116777
1258808970,Unnamed,building,1.0,Low,3.3121904,6.4174389
1272174086,Unnamed,building,4.0,Very High,3.2497529,6.5097751
1259073023,Unnamed,building,3.0,High,3.2448017,6.5135162
1258702791,Unnamed,building,0.0,NoData,3.3335515,6.4199964
1257911805,Unnamed,building,2.0,Moderate,3.255236,6.4659034
1267684084,Unnamed,building,1.0,Low,3.2287435,6.4450288
1261992826,Unnamed,building,3.0,High,3.2690899,6.5092976
1263745970,Unnamed,building,4.0,Very High,3.2396962,6.4986123
1262599736,Unnamed,building,4.0,Very High,3.2439781,6.5023909
1257855116,Unnamed,building,2.0,Moderate,3.2792967,6.4380303
1259769284,Unnamed,building,3.0,High,3.2319424,6.520497
1260528997,Unnamed,building,3.0,High,3.2644677,6.4993578
1275520219,Unnamed,building,4.0,Very High,3.2985336,6.5220154
1263453146,Unnamed,building,3.0,High,3.2808073,6.501452
1257804245,Unnamed,building,4.0,Very High,3.3033347,6.4575069
1257804256,Unnamed,building,2.0,Moderate,3.3019703,6.4574366
1260554579,Unnamed,building,3.0,High,3.2839206,6.5081522
1276472228,Unnamed,building,3.0,High,3.3084773,6.4939082
1262580719,Unnamed,building,2.0,Moderate,3.242567,6.5023812
1260760543,Unnamed,building,3.0,High,3.231873,6.5164086
625404149,Unnamed,building,0.0,NoData,3.3063244,6.4680474
1258625870,Unnamed,building,3.0,High,3.2496922,6.4673963
1258027851,Unnamed,building,3.0,High,3.2928366,6.4632902
1258675831,Unnamed,building,4.0,Very High,3.2716706,6.4594836
1262957300,Unnamed,building,2.0,Moderate,3.2603404,6.5143137
1263698336,Unnamed,building,3.0,High,3.28091,6.5158265
1260633752,Unnamed,building,4.0,Very High,3.244363,6.5173268
1267706199,Unnamed,building,2.0,Moderate,3.217465,6.4423983
1257432450,Unnamed,building,3.0,High,3.2766361,6.441545
783616114,Unnamed,building,3.0,High,3.2719189,6.4741996
1258595909,Unnamed,building,0.0,NoData,3.2000754,6.4200683
1258403147,Unnamed,building,3.0,High,3.2968043,6.4565748
1276320377,Unnamed,building,0.0,NoData,3.3091346,6.5018454
1257966504,Unnamed,building,2.0,Moderate,3.2545363,6.4356145
1262444089,Unnamed,building,4.0,Very High,3.2426844,6.5213654
1277842395,Unnamed,building,3.0,High,3.2915662,6.4841792
1267318416,Unnamed,building,3.0,High,3.2204529,6.4973246
670537775,Unnamed,building,0.0,NoData,3.2458876,6.4215161
1257585934,Unnamed,building,4.0,Very High,3.3057448,6.469327
1258620990,Unnamed,building,3.0,High,3.2832445,6.4720409
1262910940,Unnamed,building,3.0,High,3.265949,6.5041979
1258600471,Unnamed,building,4.0,Very High,3.299296,6.4606036
1275769936,Unnamed,building,1.0,Low,3.2985705,6.5146469
1257563202,Unnamed,building,3.0,High,3.2974423,6.467098
1258515659,Unnamed,building,0.0,NoData,3.2609676,6.4055641
1262852222,Unnamed,building,3.0,High,3.267831,6.4997423
1258248004,Unnamed,building,3.0,High,3.2636908,6.4457381
1258027002,Unnamed,building,4.0,Very High,3.241547,6.4558381
1276163136,Unnamed,building,2.0,Moderate,3.3030093,6.5067578
1258418597,Unnamed,building,3.0,High,3.2949847,6.4725567
1263200951,Unnamed,building,3.0,High,3.2488969,6.5078734
1263154801,Unnamed,building,0.0,NoData,3.261153,6.522042
1268380046,Unnamed,building,4.0,Very High,3.2519672,6.486715
1258711481,Unnamed,building,0.0,NoData,3.2142871,6.4053872
1109151594,Unnamed,building,2.0,Moderate,3.3583701,6.4167791
1257530686,Unnamed,building,3.0,High,3.2708106,6.4752712
1257605255,Unnamed,building,3.0,High,3.2353287,6.455772
1257915916,Unnamed,building,1.0,Low,3.2634058,6.4628343
1258636443,Unnamed,building,2.0,Moderate,3.2774127,6.4663843
1257939385,Unnamed,building,4.0,Very High,3.2941505,6.4800382
1257774450,Unnamed,building,2.0,Moderate,3.2946323,6.456231
1262931868,Unnamed,building,3.0,High,3.253019,6.5138977
1261988682,Unnamed,building,2.0,Moderate,3.2603308,6.5019949
1257884230,Unnamed,building,2.0,Moderate,3.2776737,6.4326984
1267568772,Unnamed,building,4.0,Very High,3.2184697,6.4574804
1276457859,Unnamed,building,0.0,NoData,3.3116583,6.4958076
1268739065,Unnamed,building,4.0,Very High,3.2760817,6.5034719
1276411981,Unnamed,building,3.0,High,3.3040448,6.495749
1276250112,Unnamed,building,4.0,Very High,3.2915558,6.4935186
1257418810,Unnamed,building,4.0,Very High,3.3044189,6.4590382
1257427644,Unnamed,building,4.0,Very High,3.2679007,6.4366249
1260627100,Unnamed,building,2.0,Moderate,3.2418452,6.5106172
1263018427,Unnamed,building,2.0,Moderate,3.258471,6.4958721
1258575064,Unnamed,building,3.0,High,3.240193,6.4670178
1268617415,Unnamed,building,3.0,High,3.2502607,6.5004524
1258547602,Unnamed,building,4.0,Very High,3.2860297,6.4559352
1257801148,Unnamed,building,3.0,High,3.2509001,6.4520497
1262069708,Unnamed,building,0.0,NoData,3.2174968,6.4995273
1262069348,Unnamed,building,2.0,Moderate,3.2266348,6.5220204
1258252542,Unnamed,building,3.0,High,3.2996717,6.4491111
1258599643,Unnamed,building,2.0,Moderate,3.2555526,6.4587676
1262523407,Unnamed,building,0.0,NoData,3.2695053,6.5225794
1257493420,Unnamed,building,3.0,High,3.2600308,6.4410598
1267570945,Unnamed,building,2.0,Moderate,3.2963727,6.4522559
1258645823,Unnamed,building,4.0,Very High,3.2514646,6.4548698
1270916889,Unnamed,building,3.0,High,3.2597742,6.5158442
1260662675,Unnamed,building,4.0,Very High,3.2471687,6.5174103
1268982756,Unnamed,building,1.0,Low,3.2705955,6.5065973
1257493275,Unnamed,building,4.0,Very High,3.2600924,6.4422579
1258426190,Unnamed,building,4.0,Very High,3.3040329,6.4404495
1258030312,Unnamed,building,3.0,High,3.2819413,6.4669756
1275398842,Unnamed,building,3.0,High,3.3032835,6.5227157
1285719527,Unnamed,building,2.0,Moderate,3.3586447,6.4167067
1267340078,Unnamed,building,3.0,High,3.2272888,6.4581216
1258543618,Unnamed,building,3.0,High,3.2363178,6.4480979
1258607339,Unnamed,building,4.0,Very High,3.2444283,6.4550939
1258229633,Unnamed,building,0.0,NoData,3.30822,6.4649334
1267460183,Unnamed,building,3.0,High,3.2827803,6.4661695
1262903502,Unnamed,building,2.0,Moderate,3.2488841,6.5164339
1257764894,Unnamed,building,4.0,Very High,3.2672728,6.4460238
1257519496,Unnamed,building,3.0,High,3.255315,6.4507075
1258197003,Unnamed,building,2.0,Moderate,3.2935865,6.4634355
1277830983,Unnamed,building,4.0,Very High,3.2914027,6.5045579
1263726935,Unnamed,building,1.0,Low,3.264608,6.4943578
1261799155,Unnamed,building,4.0,Very High,3.2218552,6.507109
1267318285,Unnamed,building,2.0,Moderate,3.2194931,6.4962924
1267549648,Unnamed,building,0.0,NoData,3.2078689,6.4553619
1258716074,Unnamed,building,4.0,Very High,3.2695744,6.4646529
1258219252,Unnamed,building,4.0,Very High,3.2715528,6.4487988
1258596502,Unnamed,building,4.0,Very High,3.2337041,6.4438172
1258861345,Unnamed,building,0.0,NoData,3.2545002,6.4115719
1267460156,Unnamed,building,3.0,High,3.284316,6.46773
1275755354,Unnamed,building,4.0,Very High,3.294822,6.51249
1276422900,Unnamed,building,3.0,High,3.3068633,6.4994143
1257764965,Unnamed,building,4.0,Very High,3.26726,6.4444246
1263720203,Unnamed,building,3.0,High,3.2864164,6.4895288
1257629230,Unnamed,building,3.0,High,3.3015687,6.4844677
1259679341,Unnamed,building,4.0,Very High,3.2460165,6.5220556
1267619406,Unnamed,building,3.0,High,3.2115542,6.4517657
1257713217,Unnamed,building,4.0,Very High,3.27389,6.4675302
1263644080,Unnamed,building,3.0,High,3.2370612,6.5206596
1275944305,Unnamed,building,4.0,Very High,3.3009639,6.5084001
1263275039,Unnamed,building,3.0,High,3.2314263,6.5138869
1259646544,Unnamed,building,2.0,Moderate,3.2596373,6.5119436
1276426236,Unnamed,building,3.0,High,3.3074573,6.4990244
1263293889,Unnamed,building,4.0,Very High,3.2573189,6.5153388
1257841521,Unnamed,building,3.0,High,3.2597555,6.4345284
1262559582,Unnamed,building,3.0,High,3.2337928,6.5070853
1258625057,Unnamed,building,2.0,Moderate,3.2528369,6.4628926
1263114308,Unnamed,building,4.0,Very High,3.275881,6.5096996
1262056481,Unnamed,building,3.0,High,3.2634029,6.5103317
1262943071,Unnamed,building,2.0,Moderate,3.2294216,6.5202914
1257820357,Unnamed,building,4.0,Very High,3.303954,6.4742169
1276210351,Unnamed,building,3.0,High,3.2976828,6.5018686
1267872594,Unnamed,building,3.0,High,3.2868332,6.4683428
1257364257,Unnamed,building,3.0,High,3.293679,6.4501629
1262834293,Unnamed,building,0.0,NoData,3.280376,6.5190536
1275769867,Unnamed,building,4.0,Very High,3.2972421,6.5167579
1083909869,Unnamed,building,4.0,Very High,3.2222179,6.4404399
1257833276,Unnamed,building,4.0,Very High,3.2712956,6.4438024
1257402150,Unnamed,building,2.0,Moderate,3.3009229,6.4464506
1262367882,Unnamed,building,3.0,High,3.2462967,6.4979597
1262941067,Unnamed,building,1.0,Low,3.2680543,6.5069399
1262938502,Unnamed,building,4.0,Very High,3.2487439,6.5126611
1271675052,Unnamed,building,3.0,High,3.2897549,6.5035151
1262428288,Unnamed,building,2.0,Moderate,3.2565431,6.5115164
1258575546,Unnamed,building,3.0,High,3.2305427,6.4438793
1267619334,Unnamed,building,3.0,High,3.2122412,6.4531777
1258147599,Unnamed,building,2.0,Moderate,3.2339218,6.4266586
1257761835,Unnamed,building,2.0,Moderate,3.2477494,6.4477086
1267506542,Unnamed,building,3.0,High,3.213145,6.4570538
1267761784,Unnamed,building,3.0,High,3.2210728,6.4457809
1257517899,Unnamed,building,0.0,NoData,3.2555134,6.4281861
1257783832,Unnamed,building,4.0,Very High,3.2729101,6.4496101
1258574725,Unnamed,building,3.0,High,3.2377415,6.4411168
1258193520,Unnamed,building,2.0,Moderate,3.2956136,6.4637007
1272492072,Unnamed,building,4.0,Very High,3.2266993,6.4573011
1276202307,Unnamed,building,3.0,High,3.2948455,6.5035
1263741552,Unnamed,building,3.0,High,3.2812212,6.4968407
1275744628,Unnamed,building,3.0,High,3.2912048,6.510047
1263532791,Unnamed,building,4.0,Very High,3.2789313,6.5022517
1257866737,Unnamed,building,2.0,Moderate,3.2738273,6.4423121
1258451683,Unnamed,building,4.0,Very High,3.2873854,6.4567778
1272525702,Unnamed,building,4.0,Very High,3.2222441,6.443691
1267689055,Unnamed,building,2.0,Moderate,3.228921,6.4469847
1275187858,Unnamed,building,1.0,Low,3.3045936,6.5037714
995242898,Unnamed,building,3.0,High,3.3227367,6.4179942
1258857882,Unnamed,building,2.0,Moderate,3.2593259,6.415068
1275527192,Unnamed,building,0.0,NoData,3.2943536,6.522515
1263687310,Unnamed,building,4.0,Very High,3.2380933,6.5151351
1258710690,Unnamed,building,3.0,High,3.2760002,6.4607529
1257513273,Unnamed,building,3.0,High,3.2855485,6.4679016
1263184819,Unnamed,building,0.0,NoData,3.2268976,6.523956
1263416782,Unnamed,building,1.0,Low,3.2391049,6.502859
1261388889,Unnamed,building,2.0,Moderate,3.2486348,6.5009978
1268118405,Unnamed,building,2.0,Moderate,3.2984383,6.4692944
1262501853,Unnamed,building,1.0,Low,3.2400018,6.5111747
1272191515,Unnamed,building,0.0,NoData,3.2155337,6.4457178
1267752678,Unnamed,building,2.0,Moderate,3.2221506,6.4442815
1267746142,Unnamed,building,0.0,NoData,3.2154449,6.4446209
1263532798,Unnamed,building,2.0,Moderate,3.279103,6.5014756
1276361701,Unnamed,building,0.0,NoData,3.3089829,6.4905316
1257547110,Unnamed,building,3.0,High,3.2525366,6.4469134
1262968818,Unnamed,building,3.0,High,3.2536956,6.5148587
1257471980,Unnamed,building,1.0,Low,3.2659032,6.4410375
1257517880,Unnamed,building,0.0,NoData,3.2561393,6.4283219
1258609714,Unnamed,building,4.0,Very High,3.2498074,6.4651413
1137584404,Unnamed,building,2.0,Moderate,3.2983504,6.5023759
1258684525,Unnamed,building,4.0,Very High,3.2786313,6.4537584
1257509263,Unnamed,building,3.0,High,3.2765254,6.4577562
1262504202,Unnamed,building,3.0,High,3.267348,6.5205665
1257785257,Unnamed,building,3.0,High,3.2926619,6.4745142
1267318339,Unnamed,building,3.0,High,3.2202728,6.4967803
1257583838,Unnamed,building,2.0,Moderate,3.25655,6.4403947
1263699446,Unnamed,building,2.0,Moderate,3.2578403,6.4951481
1257974276,Unnamed,building,3.0,High,3.3183948,6.4217571
1257788985,Unnamed,building,4.0,Very High,3.2894319,6.4827196
1260529010,Unnamed,building,3.0,High,3.2639352,6.4991058
1275194291,Unnamed,building,1.0,Low,3.3041554,6.5047596
1257631376,Unnamed,building,4.0,Very High,3.3015809,6.4475446
1276514494,Unnamed,building,4.0,Very High,3.2922965,6.4854953
1260626922,Unnamed,building,3.0,High,3.2420054,6.5094035
1259653106,Unnamed,building,3.0,High,3.2412471,6.4975742
1267899081,Unnamed,building,2.0,Moderate,3.2870551,6.4591285
1267511678,Unnamed,building,2.0,Moderate,3.2180764,6.4551341
1258576485,Unnamed,building,2.0,Moderate,3.2813237,6.4205961
1268617314,Unnamed,building,2.0,Moderate,3.2515048,6.4984287
1270916895,Unnamed,building,3.0,High,3.2600195,6.5153623
1258636509,Unnamed,building,3.0,High,3.2769256,6.4674347
1263539324,Unnamed,building,2.0,Moderate,3.2596657,6.4891859
1257425599,Unnamed,building,2.0,Moderate,3.2803704,6.4487098
1257521424,Unnamed,building,3.0,High,3.2525736,6.4708621
1261838827,Unnamed,building,4.0,Very High,3.2838863,6.4961427
1258571662,Unnamed,building,0.0,NoData,3.2020942,6.4193316
1276439668,Unnamed,building,4.0,Very High,3.2944844,6.485527
1258436482,Unnamed,building,4.0,Very High,3.2712694,6.4345324
1272926700,Unnamed,building,2.0,Moderate,3.2211183,6.4578548
1258677047,Unnamed,building,4.0,Very High,3.3224409,6.4376982
1258225285,Unnamed,building,4.0,Very High,3.2634752,6.4534557
1257774570,Unnamed,building,4.0,Very High,3.2616857,6.4448574
1257804242,Unnamed,building,4.0,Very High,3.3037399,6.4574941
1259056182,Unnamed,building,0.0,NoData,3.2399483,6.52476
739536587,Unnamed,building,0.0,NoData,3.30651,6.5265858
1258456411,Unnamed,building,3.0,High,3.258073,6.4403989
1258856163,Unnamed,building,0.0,NoData,3.3231841,6.4158153
1257950080,Unnamed,building,4.0,Very High,3.3013602,6.4713388
1257939364,Unnamed,building,3.0,High,3.295606,6.4808547
1259507361,Unnamed,building,0.0,NoData,3.2429992,6.5233452
1257545581,Unnamed,building,4.0,Very High,3.2485165,6.4497959
1262965144,Unnamed,building,3.0,High,3.2691882,6.5037803
1257966505,Unnamed,building,2.0,Moderate,3.2543915,6.4353561
1263484703,Unnamed,building,3.0,High,3.2746237,6.5042142
1258621162,Unnamed,building,3.0,High,3.2836082,6.4735433
1258714861,Unnamed,building,2.0,Moderate,3.3289108,6.4198747
1257893740,Unnamed,building,3.0,High,3.2917873,6.4700464
1272534767,Unnamed,building,3.0,High,3.2217642,6.4469073
1257916755,Unnamed,building,4.0,Very High,3.2889811,6.4804235
1267684098,Unnamed,building,4.0,Very High,3.2295345,6.4459168
1258599638,Unnamed,building,2.0,Moderate,3.2558535,6.458749
1258269723,Unnamed,building,4.0,Very High,3.274454,6.4355331
1257980655,Unnamed,building,3.0,High,3.2561517,6.4633132
1261977224,Unnamed,building,4.0,Very High,3.2625765,6.5012313
1257545577,Unnamed,building,4.0,Very High,3.2487772,6.4500545
1263701238,Unnamed,building,4.0,Very High,3.2573236,6.4971762
1258697741,Unnamed,building,4.0,Very High,3.2872756,6.4581103
1263698327,Unnamed,building,4.0,Very High,3.281083,6.5162001
1259312498,Unnamed,building,4.0,Very High,3.2812873,6.5087624
1260662616,Unnamed,building,4.0,Very High,3.2479509,6.5184165
1262547904,Unnamed,building,1.0,Low,3.2280724,6.5101823
1257816122,Unnamed,building,4.0,Very High,3.2649212,6.4478023
1261797338,Unnamed,building,4.0,Very High,3.2262015,6.5071132
1263533420,Unnamed,building,2.0,Moderate,3.2587868,6.4915149
1263154675,Unnamed,building,0.0,NoData,3.2624815,6.5219579
1258662657,Unnamed,building,3.0,High,3.2839132,6.460237
1267501757,Unnamed,building,0.0,NoData,3.2090154,6.4558944
1263285019,Unnamed,building,3.0,High,3.2822445,6.5106734
1267505809,Unnamed,building,3.0,High,3.213452,6.4551154
1275527242,Unnamed,building,4.0,Very High,3.2935917,6.5206058
1276246042,Unnamed,building,4.0,Very High,3.2915159,6.4974158
1262187580,Unnamed,building,1.0,Low,3.2482457,6.5111594
1261981240,Unnamed,building,3.0,High,3.2610402,6.5035325
1267703550,Unnamed,building,0.0,NoData,3.2164649,6.4432841
1267782457,Unnamed,building,3.0,High,3.295409,6.4565508
1263643951,Unnamed,building,4.0,Very High,3.2375516,6.5216382
1267490904,Unnamed,building,2.0,Moderate,3.2948322,6.4615093
1262949675,Unnamed,building,2.0,Moderate,3.2495229,6.5111279
1263147259,Unnamed,building,4.0,Very High,3.2397477,6.5201456
1258695202,Unnamed,building,3.0,High,3.2797294,6.4569037
1259319366,Unnamed,building,3.0,High,3.2769213,6.5004677
1275766679,Unnamed,building,4.0,Very High,3.3030612,6.5134337
1258508651,Unnamed,building,3.0,High,3.2590261,6.4064614
1257625607,Unnamed,building,3.0,High,3.2781101,6.4489404
1257550875,Unnamed,building,3.0,High,3.2964499,6.4674906
1262708393,Unnamed,building,3.0,High,3.2554013,6.4950398
1259507816,Unnamed,building,4.0,Very High,3.253645,6.4881213
1263457163,Unnamed,building,0.0,NoData,3.2763057,6.5212277
1258436880,Unnamed,building,3.0,High,3.2633936,6.4600515
1268974098,Unnamed,building,2.0,Moderate,3.2766755,6.5068723
1276472244,Unnamed,building,3.0,High,3.3084024,6.4936849
1257486811,Unnamed,building,2.0,Moderate,3.2581879,6.4207749
1258625091,Unnamed,building,1.0,Low,3.2536996,6.4628396
1276458004,Unnamed,building,2.0,Moderate,3.3063333,6.49433
1262580697,Unnamed,building,1.0,Low,3.2421145,6.5030589
1258069839,Unnamed,building,3.0,High,3.2815021,6.4710923
1258523464,Unnamed,building,0.0,NoData,3.2650572,6.406362
1083917647,Unnamed,building,4.0,Very High,3.2335335,6.4439467
1257789116,Unnamed,building,3.0,High,3.3040396,6.4552558
1285337644,Unnamed,building,2.0,Moderate,3.3600641,6.4154695
1258613958,Unnamed,building,2.0,Moderate,3.3033309,6.4845403
1258794331,Unnamed,building,0.0,NoData,3.2358605,6.4188868
1267009456,Unnamed,building,2.0,Moderate,3.2493271,6.4600344
1267444049,Unnamed,building,2.0,Moderate,3.2164532,6.4463441
1260612111,Unnamed,building,4.0,Very High,3.2415331,6.5154415
1257488465,Unnamed,building,3.0,High,3.2771558,6.4416462
1258705726,Unnamed,building,3.0,High,3.2891803,6.4549266
1258575499,Unnamed,building,3.0,High,3.2313809,6.4442772
1261400106,Unnamed,building,4.0,Very High,3.2242681,6.5095789
1267714446,Unnamed,building,0.0,NoData,3.2133885,6.465949
1267625427,Unnamed,building,4.0,Very High,3.226851,6.4524074
1257817303,Unnamed,building,4.0,Very High,3.3028131,6.4678465
1262940897,Unnamed,building,3.0,High,3.267212,6.50837
1257759077,Unnamed,building,4.0,Very High,3.2611795,6.4448639
1267609683,Unnamed,building,1.0,Low,3.2229038,6.45508
1258578752,Unnamed,building,2.0,Moderate,3.2389274,6.4506939
1267513277,Unnamed,building,3.0,High,3.2171788,6.4521093
1257455713,Unnamed,building,1.0,Low,3.2607355,6.4379149
1275398850,Unnamed,building,4.0,Very High,3.3037347,6.5235358
1275719031,Unnamed,building,1.0,Low,3.2930755,6.5195506
1257427711,Unnamed,building,4.0,Very High,3.2669319,6.4359356
1257478101,Unnamed,building,3.0,High,3.2705097,6.441018
1089849895,Unnamed,building,3.0,High,3.2203532,6.4574492
1257648179,Unnamed,building,4.0,Very High,3.2810785,6.4777905
1257831841,Unnamed,building,4.0,Very High,3.2479023,6.4433135
1261388764,Unnamed,building,2.0,Moderate,3.2466435,6.5013041
1257996724,Unnamed,building,4.0,Very High,3.2559539,6.462499
1267509082,Unnamed,building,3.0,High,3.215921,6.456985
1257573198,Unnamed,building,3.0,High,3.2963463,6.4616521
1267761954,Unnamed,building,2.0,Moderate,3.219048,6.4458185
1275718767,Unnamed,building,3.0,High,3.2886042,6.5176948
1259329872,Unnamed,building,4.0,Very High,3.2722368,6.4992401
1257455610,Unnamed,building,3.0,High,3.2610129,6.4353539
1257816160,Unnamed,building,2.0,Moderate,3.2643358,6.4478136
1257648144,Unnamed,building,2.0,Moderate,3.2811679,6.4769297
1257787649,Unnamed,building,2.0,Moderate,3.2945543,6.4578112
1263654266,Unnamed,building,3.0,High,3.2814229,6.5140928
1276245998,Unnamed,building,4.0,Very High,3.2929151,6.4972126
1268118390,Unnamed,building,2.0,Moderate,3.2975965,6.4708179
1268409931,Unnamed,building,2.0,Moderate,3.2564134,6.4933756
1261990172,Unnamed,building,3.0,High,3.2689823,6.5129821
1258027146,Unnamed,building,4.0,Very High,3.3100658,6.4501421
1257771670,Unnamed,building,4.0,Very High,3.3095143,6.447654
1258711474,Unnamed,building,0.0,NoData,3.2162657,6.4056264
1262510689,Unnamed,building,2.0,Moderate,3.2382884,6.5117059
1257514836,Unnamed,building,4.0,Very High,3.2767435,6.480442
1262943192,Unnamed,building,3.0,High,3.2274774,6.5220311
1257826226,Unnamed,building,2.0,Moderate,3.3020436,6.4756497
1276361710,Unnamed,building,3.0,High,3.3088153,6.4914819
1258628521,Unnamed,building,2.0,Moderate,3.2748358,6.4724926
1258691752,Unnamed,building,4.0,Very High,3.2698362,6.4611562
1258439015,Unnamed,building,2.0,Moderate,3.2846452,6.4474118
1258376718,Unnamed,building,2.0,Moderate,3.2734632,6.4617747
1263237907,Unnamed,building,3.0,High,3.2394961,6.5185388
1262210038,Unnamed,building,2.0,Moderate,3.226179,6.5022094
1276421401,Unnamed,building,2.0,Moderate,3.30164,6.494279
1267532940,Unnamed,building,4.0,Very High,3.213101,6.4578645
1257994939,Unnamed,building,3.0,High,3.2356955,6.4717563
1262221704,Unnamed,building,3.0,High,3.2239337,6.5052742
1258246439,Unnamed,building,3.0,High,3.3045247,6.4443169
1259524847,Unnamed,building,3.0,High,3.2523051,6.4993313
1261388757,Unnamed,building,2.0,Moderate,3.2468622,6.5010964
1260611925,Unnamed,building,2.0,Moderate,3.2425692,6.5158912
1267625372,Unnamed,building,4.0,Very High,3.2269233,6.4529967
1262852228,Unnamed,building,2.0,Moderate,3.2670414,6.5000089
1257845579,Unnamed,building,1.0,Low,3.2429322,6.4667855
1267511699,Unnamed,building,4.0,Very High,3.2169617,6.4558136
1257783881,Unnamed,building,4.0,Very High,3.2716188,6.451125
1257855235,Unnamed,building,3.0,High,3.2768323,6.4358813
1262130146,Unnamed,building,3.0,High,3.2781674,6.5125728
1258030428,Unnamed,building,4.0,Very High,3.2813079,6.4680628
1257541319,Unnamed,building,1.0,Low,3.2901494,6.476406
1267746141,Unnamed,building,0.0,NoData,3.2155286,6.444691
1257530641,Unnamed,building,2.0,Moderate,3.2704094,6.4738212
1262925122,Unnamed,building,0.0,NoData,3.217239,6.5230567
1275531184,Unnamed,building,3.0,High,3.3058808,6.5208533
1260681455,Unnamed,building,2.0,Moderate,3.2508458,6.5197294
1260539907,Unnamed,building,3.0,High,3.2600345,6.4997312
1261841616,Unnamed,building,0.0,NoData,3.2217433,6.5122214
995898151,Unnamed,building,2.0,Moderate,3.3271377,6.4197336
1262119355,Unnamed,building,3.0,High,3.2329157,6.5051137
1257470949,Unnamed,building,1.0,Low,3.2612435,6.44748
1259532732,Unnamed,building,3.0,High,3.2519262,6.5085154
1272742972,Unnamed,building,4.0,Very High,3.2140988,6.4517046
1259329818,Unnamed,building,2.0,Moderate,3.2733954,6.4993821
1258598740,Unnamed,building,2.0,Moderate,3.2995718,6.4420002
1263275064,Unnamed,building,1.0,Low,3.2318315,6.5124242
1266789251,Unnamed,building,4.0,Very High,3.2333476,6.4517958
1262428343,Unnamed,building,3.0,High,3.2550846,6.5106187
1258141009,Unnamed,building,3.0,High,3.305398,6.4838945
1257778165,Unnamed,building,2.0,Moderate,3.2946428,6.4565361
1258645832,Unnamed,building,4.0,Very High,3.2518327,6.4545191
1277830937,Unnamed,building,1.0,Low,3.2928585,6.5053035
1258566060,Unnamed,building,2.0,Moderate,3.2977668,6.463567
1263275140,Unnamed,building,3.0,High,3.2308264,6.5143038
1258596516,Unnamed,building,3.0,High,3.233411,6.4447312
1258663458,Unnamed,building,2.0,Moderate,3.3241096,6.4384587
1262444138,Unnamed,building,4.0,Very High,3.2423022,6.5200199
1267537980,Unnamed,building,3.0,High,3.2266984,6.4782923
1263507909,Unnamed,building,3.0,High,3.2444713,6.4953731
1261987301,Unnamed,building,3.0,High,3.2618767,6.5018082
1257842205,Unnamed,building,4.0,Very High,3.2717067,6.4653924
1257585957,Unnamed,building,3.0,High,3.3040753,6.4696376
1265517780,Unnamed,building,0.0,NoData,3.2736815,6.4302068
1262166203,Unnamed,building,3.0,High,3.2785057,6.5157674
1258640916,Unnamed,building,4.0,Very High,3.3188419,6.4422353
1262580660,Unnamed,building,2.0,Moderate,3.2420057,6.5021761
1276451711,Unnamed,building,3.0,High,3.298719,6.4872828
1263110536,Unnamed,building,1.0,Low,3.2728416,6.5107427
1258449701,Unnamed,building,3.0,High,3.2791355,6.4824408
1257811174,Unnamed,building,4.0,Very High,3.2458485,6.4535426
1257478125,Unnamed,building,4.0,Very High,3.2710264,6.442598
1257636178,Unnamed,building,4.0,Very High,3.3054622,6.4487821
1257565021,Unnamed,building,2.0,Moderate,3.2806383,6.4824848
1258394281,Unnamed,building,4.0,Very High,3.2788651,6.4629493
1258122964,Unnamed,building,4.0,Very High,3.2706789,6.4665056
1275736195,Unnamed,building,3.0,High,3.3049485,6.5149958
1258451778,Unnamed,building,2.0,Moderate,3.286437,6.4544745
1257869601,Unnamed,building,4.0,Very High,3.3107277,6.4458319
1267530026,Unnamed,building,3.0,High,3.2223852,6.4542867
1258125019,Unnamed,building,4.0,Very High,3.2999713,6.4843694
1258625586,Unnamed,building,4.0,Very High,3.2662667,6.4550739
1258180792,Unnamed,building,4.0,Very High,3.2610101,6.4530591
1258571294,Unnamed,building,2.0,Moderate,3.2748706,6.4635092
964332287,Unnamed,building,2.0,Moderate,3.2568803,6.4660255
1258461493,Unnamed,building,4.0,Very High,3.2409551,6.456029
1258636447,Unnamed,building,2.0,Moderate,3.2772032,6.4665812
1259319258,Unnamed,building,2.0,Moderate,3.278569,6.4986342
1276182046,Unnamed,building,3.0,High,3.3064479,6.5086055
1262129804,Unnamed,building,4.0,Very High,3.2352588,6.5035083
1266410117,Unnamed,building,3.0,High,3.2758413,6.4798064
1257469554,Unnamed,building,4.0,Very High,3.2688943,6.4421594
1257889695,Unnamed,building,1.0,Low,3.2924561,6.4692308
1083910326,Unnamed,building,2.0,Moderate,3.2185362,6.4460241
1262932148,Unnamed,building,4.0,Very High,3.2523732,6.5125921
1261797189,Unnamed,building,4.0,Very High,3.2269409,6.5079092
1137587883,Unnamed,building,1.0,Low,3.3051004,6.5036933
1257641536,Unnamed,building,3.0,High,3.2531811,6.4385942
1261807780,Unnamed,building,4.0,Very High,3.2239727,6.5081184
1258461846,Unnamed,building,0.0,NoData,3.3224209,6.44443
1260626902,Unnamed,building,3.0,High,3.2427464,6.5096305
1258208556,Unnamed,building,4.0,Very High,3.2442162,6.4716377
1263654241,Unnamed,building,2.0,Moderate,3.2799442,6.5130276
1258298781,Unnamed,building,0.0,NoData,3.26297,6.4239223
